src,dst,amount,timestamp,shared_device
0,1781,4544.29,159,0
0,1919,517.64,468,0
0,1402,5668.39,601,0
0,2485,1123.77,633,0
1,878,1376.31,813,0
1,952,1673.16,1092,0
2,274,789.88,1232,0
2,2123,130.56,1529,0
2,746,396.19,1599,0
2,2305,1228.81,1725,0
2,2842,1318.65,2065,0
3,1407,221.42,2167,0
3,1920,4491.34,2219,0
3,13,8361.56,2501,0
3,1805,1061.59,2622,0
3,1133,1039.71,2696,0
4,1137,285.84,2767,0
4,2294,967.73,2951,0
4,2018,595.8,3266,0
4,706,1002.52,3366,0
4,2770,5142.18,3696,0
5,1821,1353.62,3943,0
5,76,5356.17,4145,0
5,2346,4375.26,4253,0
5,1843,2081.26,4309,0
6,2648,674.93,4459,0
6,493,509.56,4719,0
7,428,2488.53,5011,0
8,48,2181.33,5227,0
8,1593,233.26,5516,0
9,2720,690.54,5519,0
10,1825,770.28,5565,0
10,2318,719.71,5892,0
10,801,2943.18,6196,0
10,262,622.22,6382,0
11,1639,644.62,6732,0
11,2235,141.92,6888,0
11,2398,4920.85,7273,0
12,1170,2288.69,7362,0
12,250,472.98,7440,0
12,142,1440.8,7556,0
12,794,1942.75,7812,0
12,963,320.7,8096,0
13,70,475.87,8198,0
13,2813,1020.45,8200,0
13,1315,973.57,8381,0
13,559,450.43,8686,0
14,818,2667.73,8819,0
14,811,4553.08,8844,0
14,2431,430.85,8920,0
14,2991,444.28,9021,0
15,1872,351.31,9296,0
16,1280,682.31,9512,0
17,2076,3563.33,9530,0
18,2529,820.52,9546,0
18,2281,1417.28,9697,0
18,1712,1694.69,9883,0
19,190,3895.68,10167,0
19,1217,465.37,10302,0
19,813,195.32,10303,0
19,211,311.44,10626,0
19,2480,687.86,10676,0
20,138,684.84,10862,0
20,994,343.18,10987,0
20,210,443.47,11364,0
21,164,3782.58,11650,0
22,2071,2800.01,11677,0
23,1622,352.92,11708,0
24,2958,8211.14,11932,0
24,1975,397.02,12325,0
25,120,3142.09,12604,0
25,383,1146.72,12606,0
26,2445,1387.31,13002,0
26,2808,5519.17,13035,0
26,771,2391.15,13093,0
26,2277,2318.82,13151,0
27,1823,481.0,13346,0
27,584,1530.8,13626,0
28,1664,1913.36,13841,0
28,1736,1657.21,14145,0
28,769,530.52,14441,0
28,1162,2139.69,14701,0
29,187,3888.49,14771,0
29,700,1877.01,15051,0
29,10,7880.89,15320,0
29,1248,22737.31,15379,0
29,256,873.47,15706,0
30,224,2529.09,15816,0
30,991,978.56,15932,0
31,416,959.08,16010,0
31,563,596.91,16078,0
31,2364,15863.3,16254,0
31,2423,842.63,16401,0
32,1542,1041.52,16467,0
33,724,575.44,16730,0
33,854,456.66,17089,0
33,2860,590.14,17403,0
34,395,2183.34,17625,0
34,344,2912.2,17870,0
35,1535,1603.63,18066,0
35,2913,408.69,18102,0
35,904,538.05,18143,0
35,1416,1929.31,18221,0
35,364,279.24,18239,0
36,2088,532.06,18245,0
37,1015,1195.42,18321,0
37,191,336.77,18451,0
37,2518,3160.71,18507,0
38,1783,3055.68,18734,0
38,519,617.9,19015,0
39,1450,807.38,19072,0
40,2861,1771.69,19338,0
40,315,1510.88,19379,0
41,480,1142.77,19456,0
42,1885,2217.53,19472,0
43,397,1748.18,19645,0
44,1636,4568.7,19793,0
44,1736,208.2,20095,0
44,2159,173.45,20148,0
44,2184,606.69,20159,0
45,956,299.46,20293,0
45,1337,256.53,20312,0
45,767,700.03,20501,0
46,961,1892.76,20875,0
46,214,3285.68,21050,0
46,348,2722.1,21167,0
47,2212,3339.78,21206,0
48,2374,1419.76,21331,0
49,425,1320.59,21368,0
49,2389,1048.66,21707,0
49,1300,269.03,21734,0
49,2404,757.2,22111,0
49,2121,1543.8,22143,0
50,1100,782.56,22284,0
50,1351,1221.03,22606,0
51,1562,671.52,22742,0
51,2707,1628.06,22819,0
52,2096,801.88,23020,0
53,2646,161.29,23377,0
53,2383,2867.21,23393,0
53,1767,132.96,23513,0
53,2321,735.3,23656,0
53,411,6270.57,23882,0
54,2584,281.78,24116,0
54,954,3207.53,24392,0
54,1999,392.09,24524,0
54,522,882.59,24683,0
55,1116,1908.27,24859,0
56,2603,1031.82,25149,0
56,2565,1276.07,25319,0
56,108,1901.23,25529,0
57,2861,1837.13,25875,0
57,99,1780.49,26082,0
57,890,399.83,26163,0
58,1567,3253.4,26260,0
58,1317,932.88,26649,0
58,2831,561.16,26994,0
58,2813,2377.71,27364,0
58,1644,220.03,27395,0
59,1942,1968.93,27604,0
59,1433,1169.27,27930,0
59,206,844.49,28255,0
59,2553,1117.66,28605,0
60,2168,827.68,28659,0
60,2366,856.78,28848,0
60,302,372.8,28968,0
61,192,5928.66,29082,0
61,1858,252.58,29426,0
61,2360,869.25,29470,0
62,1036,1170.22,29505,0
62,1058,1669.57,29676,0
62,462,489.94,30004,0
63,1672,73.42,30183,0
64,227,395.6,30408,0
64,2241,1294.15,30584,0
65,1784,1360.36,30822,0
66,121,826.2,30831,0
66,2645,1242.27,31102,0
66,563,849.66,31477,0
66,141,250.33,31805,0
67,105,417.79,31885,0
67,2,1374.52,32246,0
67,1917,1517.6,32349,0
67,90,561.77,32530,0
67,1675,1018.94,32685,0
68,2253,232.93,33002,0
68,2191,657.97,33195,0
69,2380,384.87,33371,0
69,2900,1966.06,33558,0
70,1124,668.92,33888,0
70,2066,1634.32,34006,0
70,1657,537.51,34232,0
71,2115,314.94,34451,0
71,243,5832.03,34731,0
72,1851,122.1,34943,0
72,625,1248.14,35187,0
72,882,766.58,35280,0
72,1494,1170.91,35567,0
73,1175,1257.15,35955,0
73,1248,1105.43,36183,0
74,2903,1596.0,36427,0
74,1932,1853.99,36699,0
74,89,7166.24,36940,0
74,2153,220.29,37223,0
75,2912,1220.67,37589,0
75,1337,1856.04,37833,0
76,1630,1212.17,38044,0
77,2525,1169.09,38196,0
77,2603,754.88,38467,0
77,1828,789.25,38511,0
78,2902,640.15,38902,0
78,2512,225.58,38909,0
79,493,7637.82,39028,0
80,684,873.26,39150,0
80,2136,2373.71,39366,0
80,1821,267.03,39720,0
80,1776,294.41,39981,0
81,1439,164.68,40027,0
81,1264,4541.79,40286,0
81,2924,233.85,40507,0
82,1557,3279.75,40523,0
83,2777,3421.92,40729,0
83,2814,1116.99,40760,0
83,1493,2668.7,41121,0
83,1607,2906.64,41250,0
84,2579,865.01,41555,0
84,47,326.24,41910,0
84,1448,827.15,42088,0
84,2354,1396.12,42145,0
84,1696,1051.74,42473,0
85,2233,859.6,42709,0
85,221,2071.12,42998,0
85,464,333.46,43394,0
85,136,5699.38,43550,0
86,1164,1827.51,43738,0
86,877,586.62,43773,0
86,2335,3215.45,44000,0
86,1336,964.53,44347,0
87,715,1713.79,44453,0
87,2852,1110.51,44505,0
88,1319,436.83,44606,0
88,12,1611.18,44697,0
88,2316,291.9,44904,0
88,659,980.28,45150,0
88,2804,5224.88,45380,0
89,1095,2800.42,45765,0
89,1057,784.52,46056,0
89,1321,485.82,46236,0
89,479,1309.04,46373,0
90,2325,573.03,46630,0
90,2654,5461.53,46931,0
90,622,512.42,47317,0
91,913,199.52,47422,0
91,1766,851.74,47744,0
91,1416,887.54,48029,0
91,1245,1960.98,48042,0
92,1315,925.31,48151,0
92,155,5864.04,48250,0
92,528,2246.99,48627,0
92,2015,1791.14,48711,0
93,2285,1576.97,49066,0
93,609,1048.37,49233,0
93,952,596.83,49322,0
94,2725,1915.2,49678,0
94,2741,287.85,49778,0
95,1002,1493.69,49930,0
95,633,8369.4,50268,0
95,1018,1343.73,50512,0
96,1037,634.6,50825,0
97,893,715.12,51120,0
97,2773,619.47,51411,0
97,1118,4429.72,51606,0
97,1713,2887.79,51844,0
97,965,273.27,51983,0
98,1143,4760.38,52298,0
98,1050,1054.78,52515,0
98,2057,2090.4,52629,0
98,1843,614.35,52749,0
99,74,171.96,52918,0
99,115,3610.47,53148,0
99,1290,543.84,53181,0
100,1982,1522.75,53314,0
101,2602,1148.61,53669,0
101,2642,3740.37,54010,0
101,2201,2060.7,54174,0
101,2148,3606.89,54494,0
101,1315,570.89,54561,0
102,2553,1390.39,54889,0
102,2028,285.41,55132,0
102,1543,5795.15,55232,0
102,1697,1001.93,55450,0
103,1980,1154.76,55840,0
103,2717,4580.36,56223,0
103,634,2574.04,56541,0
103,1720,2250.92,56726,0
103,1343,1552.99,56802,0
104,1530,1639.98,57034,0
104,335,1502.29,57114,0
104,270,926.26,57417,0
104,2151,1107.16,57597,0
104,43,364.83,57746,0
105,784,1856.96,57857,0
105,1442,1933.66,57918,0
106,941,1187.58,58234,0
106,1210,582.16,58323,0
106,1428,1257.37,58588,0
106,265,700.44,58736,0
106,979,1433.36,59120,0
107,2450,2249.24,59443,0
107,2376,157.79,59746,0
107,1066,292.28,59943,0
107,1406,497.82,60277,0
108,678,321.58,60488,0
108,1068,449.65,60540,0
108,1574,522.69,60546,0
109,974,917.29,60556,0
109,2058,1992.1,60604,0
110,2335,1188.69,60714,0
110,1630,501.8,60745,0
110,1945,2366.45,60870,0
110,1474,1711.19,60891,0
111,1358,1148.49,61157,0
112,766,4389.6,61246,0
112,2804,2063.95,61271,0
112,2810,1454.02,61667,0
112,2393,525.45,61838,0
113,2057,18869.35,62091,0
114,1615,559.49,62380,0
114,1882,682.61,62432,0
114,1250,514.08,62563,0
114,320,198.66,62808,0
115,1268,2697.28,62996,0
115,2353,530.1,63281,0
115,1862,827.14,63555,0
116,2382,667.32,63584,0
116,1308,948.78,63827,0
116,1071,307.4,64082,0
116,848,183.69,64364,0
117,849,2343.46,64567,0
118,2812,3532.45,64723,0
118,1100,2764.73,64875,0
119,2118,1893.32,64887,0
119,2015,3263.23,64975,0
119,1311,443.0,65354,0
119,1303,1736.97,65357,0
119,433,166.37,65460,0
120,419,6801.37,65693,0
120,1111,788.88,66092,0
120,2528,1144.38,66155,0
120,1399,669.9,66536,0
121,1069,924.05,66767,0
121,1254,381.67,67161,0
121,1568,2538.18,67330,0
121,2743,797.03,67432,0
121,2150,518.66,67625,0
122,2134,477.34,67873,0
122,1568,1285.75,68221,0
122,2519,1641.52,68275,0
123,429,857.91,68317,0
123,2203,717.77,68467,0
123,2430,527.42,68651,0
124,2458,1028.9,68997,0
124,472,888.27,69069,0
124,1639,849.1,69191,0
124,1580,2576.64,69346,0
124,2076,1387.54,69610,0
125,2593,917.98,69637,0
125,2600,4587.54,69720,0
125,653,1453.61,70019,0
126,1956,1474.44,70223,0
126,296,6977.62,70251,0
126,416,106.25,70357,0
126,2728,998.26,70519,0
126,285,2608.07,70718,0
127,2781,522.17,70848,0
127,219,774.05,71091,0
128,965,347.53,71437,0
128,2644,729.11,71787,0
129,1276,325.49,72040,0
130,2142,5792.0,72418,0
130,206,1502.74,72554,0
130,139,1116.03,72680,0
130,2249,392.92,73076,0
130,335,326.39,73186,0
131,1269,732.31,73262,0
131,270,1509.53,73435,0
132,1717,1515.83,73685,0
132,2858,515.1,73766,0
132,2972,1159.96,74041,0
132,434,725.16,74238,0
133,1787,325.22,74322,0
133,261,105.66,74416,0
134,1302,221.74,74442,0
134,215,6574.14,74838,0
135,2158,870.39,75105,0
135,1268,12661.46,75143,0
135,2934,222.54,75196,0
135,1626,387.38,75268,0
135,242,245.51,75646,0
136,1614,799.22,75707,0
136,903,571.75,75822,0
136,722,1628.11,75928,0
136,1700,1514.87,76148,0
136,1237,364.45,76166,0
137,1945,2666.06,76551,0
137,1644,264.6,76587,0
138,664,3291.78,76761,0
138,2937,1351.07,77022,0
138,944,3639.97,77281,0
138,1247,1173.92,77643,0
138,579,4819.63,77952,0
139,372,3778.38,78078,0
139,2435,1042.54,78095,0
139,1637,152.93,78423,0
139,632,1037.48,78701,0
140,2016,11894.85,79070,0
141,724,2946.08,79104,0
141,778,512.93,79391,0
141,1981,2931.41,79463,0
142,1345,1839.02,79803,0
142,1471,695.68,79851,0
142,1964,490.71,80009,0
143,2220,389.66,80093,0
143,2898,1365.67,80141,0
143,2110,1386.58,80436,0
144,2645,2308.45,80695,0
144,2447,2380.89,80734,0
144,2728,849.26,80746,0
144,543,766.99,80920,0
145,2796,1702.62,81068,0
145,175,3628.69,81111,0
145,468,1455.99,81235,0
146,891,3015.92,81533,0
146,67,572.72,81839,0
146,1616,313.15,81900,0
146,1851,2684.42,81988,0
146,2765,1441.33,82048,0
147,1538,474.37,82311,0
147,2715,3520.25,82437,0
147,1001,1417.23,82800,0
147,2058,2179.72,82821,0
148,1467,795.54,83152,0
148,1555,1102.34,83288,0
148,1767,1574.69,83595,0
148,2744,282.42,83737,0
149,2884,1334.61,84091,0
149,952,322.37,84335,0
149,1450,1972.9,84396,0
149,1563,1988.14,84620,0
149,2104,1289.05,84939,0
150,1879,1202.52,85077,0
150,2191,1062.78,85086,0
150,2342,258.93,85389,0
151,1171,1165.63,85403,0
151,1903,2668.88,85574,0
151,2385,1634.52,85676,0
151,515,638.04,85990,0
152,1246,2606.64,86205,0
152,2956,2238.27,86492,0
152,232,993.85,86724,0
153,110,584.99,86990,0
153,2721,1661.17,87199,0
153,213,481.01,87326,0
154,1916,880.43,87426,0
154,491,937.0,87586,0
155,1378,80.46,87869,0
155,1916,677.96,88154,0
155,2652,658.54,88469,0
156,1834,1185.43,88741,0
156,1670,3060.06,89100,0
157,381,2332.38,89361,0
157,2097,1166.32,89403,0
157,1041,510.12,89782,0
157,2642,1904.46,89979,0
158,2169,1696.43,90375,0
158,1657,1929.35,90583,0
158,2982,1301.06,90852,0
159,2684,771.49,90893,0
160,2418,97.65,90931,0
161,2746,576.64,90956,0
161,2237,1895.28,91261,0
161,2253,596.6,91541,0
161,86,3384.44,91645,0
162,1679,526.59,91872,0
163,2036,2281.62,91949,0
164,545,885.49,92010,0
164,922,412.71,92295,0
164,2051,509.53,92536,0
164,1404,1555.84,92700,0
164,766,382.69,92803,0
165,1406,1488.21,92998,0
165,98,34684.44,93152,0
165,2196,1458.44,93406,0
165,1192,4537.03,93719,0
166,1428,1205.1,93930,0
167,1372,1597.3,94009,0
167,2563,473.97,94121,0
167,1261,626.59,94181,0
167,789,1573.72,94188,0
168,2025,285.58,94300,0
168,211,875.18,94474,0
168,91,351.57,94587,0
168,1681,393.76,94869,0
168,2526,1814.65,95074,0
169,2379,519.99,95354,0
169,1665,657.95,95699,0
169,2444,1652.32,95902,0
170,2690,1187.04,96182,0
170,2569,265.87,96234,0
170,2816,1065.35,96480,0
171,2689,1635.21,96841,0
172,648,402.09,96868,0
172,1735,3934.46,97075,0
172,2707,1455.76,97399,0
172,2988,212.85,97469,0
172,2981,1507.63,97705,0
173,2460,1882.98,97780,0
173,2063,4400.88,98178,0
174,608,777.8,98184,0
174,1173,1481.21,98435,0
174,36,1908.12,98528,0
174,376,972.54,98632,0
175,1857,6118.73,98934,0
175,1330,5557.89,99093,0
175,2804,1886.57,99110,0
176,2451,7708.96,99134,0
176,2038,562.07,99226,0
176,604,3506.81,99594,0
177,202,1997.37,99698,0
177,2626,1374.86,99706,0
177,2816,1013.6,99939,0
177,968,1131.31,100263,0
178,373,357.39,100297,0
179,2190,1369.41,100676,0
179,1611,1067.47,100967,0
180,1671,839.07,100995,0
180,2496,710.93,101192,0
180,1330,174.77,101549,0
181,1546,757.89,101921,0
181,2852,3357.95,102185,0
181,1458,687.6,102340,0
181,941,560.51,102530,0
181,2098,680.21,102816,0
182,851,307.58,103021,0
182,2638,371.41,103105,0
182,108,6933.48,103173,0
183,679,751.23,103293,0
183,2175,4484.8,103383,0
183,2687,86.56,103587,0
183,585,689.7,103953,0
184,2160,555.53,104002,0
184,2471,1658.8,104306,0
184,462,704.96,104326,0
185,1640,1181.78,104398,0
185,1317,1721.73,104737,0
186,2239,3281.78,104846,0
186,2392,532.53,105066,0
186,2039,1107.93,105433,0
186,2335,1096.93,105735,0
187,1477,1534.94,105884,0
188,2225,1588.47,106259,0
188,1882,1065.63,106265,0
188,451,1040.43,106380,0
188,679,637.73,106502,0
189,1839,1212.14,106719,0
189,685,1232.09,106794,0
189,719,431.29,106909,0
190,2884,1758.14,107032,0
191,1727,3045.88,107156,0
191,299,466.39,107275,0
191,2237,1276.13,107385,0
191,1115,1128.95,107511,0
191,2490,854.17,107736,0
192,2713,1011.2,107919,0
193,853,448.65,108147,0
193,1467,1647.69,108536,0
193,1664,1842.91,108668,0
194,2040,392.59,108902,0
194,1002,517.65,109194,0
194,706,763.1,109362,0
195,981,1560.03,109708,0
195,632,757.71,109769,0
196,1974,2889.22,109807,0
196,2997,916.75,110169,0
197,1943,2289.63,110543,0
198,335,2632.41,110638,0
198,1107,121.18,110817,0
198,1963,960.69,111001,0
199,723,548.94,111307,0
199,2593,749.62,111423,0
199,2368,826.05,111770,0
199,2134,215.08,112110,0
199,1196,5415.54,112113,0
200,48,435.65,112305,0
200,1072,343.13,112342,0
201,1336,1044.73,112526,0
201,2018,688.43,112843,0
201,56,5151.74,113008,0
201,1365,1009.97,113058,0
202,2254,1037.45,113264,0
202,1766,200.81,113500,0
203,686,2313.27,113620,0
204,2288,1582.96,113990,0
204,735,3485.41,114330,0
204,1849,2357.47,114349,0
204,894,546.93,114638,0
204,2939,401.86,115035,0
205,1918,246.14,115296,0
205,2311,1039.86,115342,0
205,2022,1860.92,115378,0
206,2106,2560.28,115453,0
206,424,2485.1,115465,0
206,2595,271.06,115523,0
207,1573,1056.63,115915,0
207,824,395.34,116100,0
208,211,1118.03,116373,0
208,657,4448.69,116511,0
209,462,285.93,116819,0
209,2238,1646.06,116966,0
210,2991,1355.75,117291,0
210,2968,1606.3,117683,0
210,727,3249.73,117985,0
210,1940,591.71,118353,0
211,1502,12415.09,118418,0
211,910,484.44,118754,0
211,258,517.9,118831,0
212,236,654.18,119129,0
212,225,1618.58,119521,0
212,2498,1360.62,119550,0
212,1466,1687.59,119752,0
212,1770,1379.38,119826,0
213,705,6371.23,119911,0
213,2613,444.31,119997,0
213,2913,415.79,120070,0
213,2552,1515.45,120252,0
213,1489,679.58,120501,0
214,1100,3247.4,120858,0
214,2956,2433.15,120945,0
214,1096,544.01,121007,0
214,1954,2320.53,121352,0
215,2025,438.31,121676,0
216,1654,3913.7,121731,0
216,860,518.69,121988,0
217,849,821.47,122243,0
217,645,192.71,122497,0
217,1943,2405.09,122746,0
218,534,334.51,122959,0
218,585,1324.39,123068,0
218,991,542.31,123409,0
218,795,2720.54,123545,0
218,1429,1465.77,123936,0
219,601,1581.83,123937,0
219,1640,439.42,124077,0
220,1713,3158.44,124444,0
220,2984,1439.91,124783,0
221,2532,74.14,124834,0
221,602,3800.28,124997,0
221,1651,483.44,125349,0
222,466,5561.3,125524,0
222,1720,1741.3,125756,0
222,1350,2419.94,126131,0
222,866,2088.39,126267,0
222,2058,526.33,126664,0
223,2570,1810.23,126777,0
224,114,1712.87,126914,0
224,1226,5665.56,127218,0
224,333,1497.23,127330,0
224,426,3116.58,127511,0
225,2188,2347.12,127683,0
225,1414,2443.48,127843,0
225,15,1272.49,127911,0
225,2183,816.3,128102,0
226,1333,916.06,128439,0
226,2324,5145.6,128558,0
226,2930,1394.19,128734,0
226,1432,2338.16,128801,0
226,2939,2614.17,128975,0
227,191,1038.91,129178,0
227,1317,1914.85,129253,0
227,581,1325.63,129470,0
227,2550,380.74,129779,0
227,1699,350.66,129807,0
228,750,563.4,129968,0
228,2410,5761.18,130334,0
228,178,65.87,130688,0
228,777,16836.24,131051,0
229,148,2555.81,131059,0
229,559,1617.36,131150,0
229,1041,639.2,131370,0
229,2043,545.52,131399,0
230,1328,447.45,131767,0
230,1851,1500.02,131846,0
230,1747,330.5,131924,0
231,636,5011.67,132090,0
231,2442,593.75,132456,0
231,2771,1076.01,132828,0
232,2485,865.88,132862,0
232,1521,2956.89,133090,0
232,2764,1680.49,133108,0
232,1442,1268.38,133365,0
232,1509,1008.46,133372,0
233,18,216.42,133544,0
233,2366,766.16,133852,0
233,2847,547.49,134114,0
234,2989,6994.4,134179,0
234,659,84.71,134307,0
234,2767,701.96,134489,0
234,2747,1276.04,134685,0
235,1506,428.56,134864,0
235,2865,5508.87,135056,0
235,821,1213.06,135283,0
235,2791,589.11,135458,0
236,138,244.59,135490,0
236,1387,606.12,135654,0
236,948,3318.14,135816,0
237,535,1573.41,136019,0
237,1551,2244.41,136031,0
237,617,3226.4,136038,0
238,1500,1434.19,136227,0
238,2709,1949.54,136493,0
238,2997,1672.69,136611,0
238,1621,489.44,136772,0
239,2522,611.84,137015,0
239,2349,2613.86,137311,0
239,2726,766.62,137665,0
239,2358,1280.23,137695,0
239,1240,70.41,138024,0
240,46,767.69,138375,0
241,817,1517.55,138423,0
241,1286,938.18,138685,0
241,823,819.12,138699,0
241,2071,116.66,138780,0
242,2416,1092.6,139125,0
243,388,2473.17,139504,0
244,1888,1013.97,139618,0
244,1655,1411.56,139727,0
244,69,2329.04,140091,0
244,1839,383.5,140137,0
245,615,1408.56,140277,0
245,713,262.57,140450,0
246,2086,2577.01,140767,0
246,729,635.03,140856,0
246,1753,1311.82,141211,0
247,1794,3661.66,141450,0
247,449,1584.48,141730,0
248,382,6895.42,142129,0
248,2488,780.16,142318,0
248,2533,865.21,142495,0
248,324,2241.74,142576,0
248,327,297.08,142768,0
249,2664,1499.92,143121,0
249,1517,231.2,143472,0
249,2377,293.23,143608,0
249,1866,7952.17,143959,0
249,2140,1957.2,144141,0
250,361,996.04,144327,0
250,2396,3433.26,144675,0
251,2444,1721.89,144974,0
251,194,701.02,145015,0
252,1974,1081.03,145126,0
252,1168,2904.44,145202,0
252,2967,290.5,145339,0
253,1453,1172.84,145604,0
253,2149,1077.68,145919,0
253,1086,1053.88,146177,0
253,961,103.8,146239,0
254,1893,559.86,146491,0
254,2170,610.44,146884,0
254,563,2340.41,146904,0
254,1581,697.42,147142,0
254,2945,857.87,147405,0
255,2225,487.07,147797,0
255,682,218.22,147970,0
255,1738,146.25,148313,0
255,853,396.24,148582,0
256,477,351.02,148680,0
256,2103,1050.26,148685,0
256,475,2703.68,148833,0
256,668,2060.31,149080,0
257,2426,188.29,149429,0
257,1878,867.25,149453,0
257,212,253.18,149639,0
257,1718,576.08,149760,0
258,1950,459.26,149883,0
258,2302,1195.73,150105,0
258,320,786.35,150181,0
258,671,9447.15,150363,0
258,2729,334.45,150366,0
259,1469,330.63,150493,0
259,2110,703.23,150583,0
260,1695,1439.43,150838,0
260,1058,830.17,150905,0
260,1845,1705.07,151166,0
260,1411,1374.79,151475,0
260,2987,5392.31,151800,0
261,1836,364.26,151882,0
261,608,476.47,151908,0
261,704,1001.96,152025,0
262,1458,136.7,152239,0
262,1801,1125.26,152590,0
262,2876,1316.76,152721,0
262,1469,3791.8,152965,0
263,1776,997.4,153305,0
263,965,1808.88,153645,0
263,2190,1566.99,153769,0
264,1102,1452.74,154122,0
264,594,2900.95,154210,0
264,708,2509.75,154271,0
264,2687,1322.32,154439,0
265,452,3626.36,154531,0
265,2996,1514.6,154787,0
266,1466,745.58,155113,0
266,675,562.13,155394,0
266,2416,206.22,155614,0
266,1264,2207.63,155837,0
266,2677,1588.6,155905,0
267,904,4381.12,156060,0
267,2765,1069.24,156171,0
267,631,2550.9,156336,0
267,434,478.27,156474,0
267,1300,1014.92,156713,0
268,1463,444.04,157000,0
268,1194,564.9,157174,0
268,669,1414.53,157341,0
268,1424,673.1,157374,0
268,1838,1243.69,157540,0
269,2810,266.8,157720,0
269,2490,70.89,157866,0
269,1247,701.79,157872,0
269,2244,1271.79,158148,0
269,871,1923.04,158537,0
270,2025,260.14,158867,0
270,2454,1668.19,159196,0
270,1688,1444.67,159311,0
270,883,668.76,159451,0
270,693,230.36,159520,0
271,2807,3221.1,159845,0
271,1019,2393.9,160151,0
271,249,1152.56,160429,0
271,2257,847.29,160678,0
272,1294,546.39,160997,0
273,1933,1676.87,161083,0
273,1747,485.27,161155,0
273,125,2394.5,161275,0
274,657,1558.64,161369,0
274,992,430.98,161385,0
274,1432,658.23,161670,0
274,1079,2652.91,161918,0
275,2234,386.31,161950,0
275,2788,79.51,162308,0
275,956,971.88,162616,0
276,1975,3504.72,162652,0
276,151,2491.4,162693,0
277,1063,3022.67,162695,0
278,924,210.31,162889,0
278,1365,1102.72,163264,0
278,1767,480.92,163509,0
279,1099,399.68,163559,0
279,923,384.02,163894,0
279,1503,3039.68,164144,0
279,2199,1667.7,164441,0
280,2673,528.1,164461,0
281,12,1179.53,164696,0
281,2914,384.36,164698,0
281,51,2444.99,164748,0
281,1512,881.62,165094,0
282,1589,557.25,165391,0
282,1353,679.82,165440,0
282,941,1044.36,165484,0
282,2683,831.03,165873,0
283,1033,1661.4,166270,0
283,2245,2560.23,166373,0
284,891,2231.16,166435,0
284,2999,413.3,166465,0
284,1376,526.39,166812,0
284,510,8352.97,166910,0
284,1111,1487.23,167038,0
285,1730,851.71,167054,0
285,727,3215.4,167252,0
285,1345,425.36,167293,0
286,1441,1137.47,167436,0
286,295,2670.52,167513,0
286,308,750.02,167521,0
286,1302,2015.84,167887,0
286,1285,908.69,168191,0
287,2181,2448.7,168366,0
287,552,897.98,168755,0
287,1780,2109.04,168873,0
287,1879,1301.46,169267,0
288,131,4825.82,169348,0
288,2583,1771.96,169385,0
288,1958,1427.14,169577,0
289,774,1109.79,169812,0
289,117,279.47,170162,0
290,2476,1658.19,170558,0
290,1268,613.19,170818,0
291,2623,675.4,171110,0
291,464,204.02,171241,0
291,2656,1227.45,171297,0
292,1420,5581.6,171627,0
292,2868,1008.95,172020,0
292,1971,4248.41,172322,0
293,2225,131.99,172394,0
293,533,249.58,172545,0
293,2156,5520.82,172617,0
293,2194,443.56,172931,0
293,1700,545.32,173132,0
294,995,1000.2,173399,0
294,2217,711.97,173512,0
294,1345,8602.14,173908,0
294,1900,908.01,174241,0
295,2219,192.33,174463,0
296,491,21943.78,174847,0
296,1006,1378.8,174921,0
296,1584,2031.46,175318,0
296,2175,2327.98,175419,0
297,2081,1219.85,175635,0
297,1913,1521.73,175651,0
298,1220,4503.49,175849,0
299,2383,339.76,176103,0
300,1039,1411.41,176471,0
300,123,430.21,176712,0
301,1031,403.22,176891,0
301,439,288.32,176956,0
301,1311,1603.19,177089,0
301,1752,633.06,177367,0
302,709,537.0,177646,0
302,2487,3628.22,177663,0
303,1130,4246.44,177714,0
303,2545,3013.27,177980,0
303,894,1615.12,178146,0
303,1745,832.71,178447,0
304,1950,638.05,178707,0
304,2712,586.35,178853,0
304,2336,863.78,178866,0
304,886,1534.32,178897,0
305,1443,2412.96,178915,0
305,2652,3149.36,179246,0
305,2697,1262.11,179442,0
305,1281,870.84,179840,0
306,1790,995.2,180134,0
306,1950,6060.42,180422,0
306,204,4809.41,180503,0
307,2422,316.9,180816,0
307,2090,247.78,180839,0
308,594,409.67,181211,0
308,1983,987.35,181541,0
308,572,147.91,181932,0
308,257,2299.95,182179,0
309,936,1978.93,182454,0
309,899,566.14,182558,0
309,926,1240.55,182639,0
310,1177,1608.2,182941,0
310,439,2719.66,183032,0
310,363,1477.98,183076,0
310,1657,426.29,183386,0
311,2101,1772.79,183437,0
311,2181,1539.08,183821,0
311,565,12425.08,184214,0
312,2997,1051.44,184528,0
312,1468,2037.68,184581,0
313,2850,4974.82,184821,0
313,2768,6660.37,185145,0
313,2452,803.36,185408,0
313,888,4234.37,185515,0
314,1520,390.08,185847,0
315,2831,918.48,185877,0
316,1129,2342.65,186201,0
317,2216,158.93,186391,0
318,2479,569.7,186532,0
318,728,473.2,186558,0
319,117,8288.21,186788,0
320,2793,1485.85,186842,0
320,2868,3302.6,186868,0
320,1847,379.88,186885,0
320,1591,2676.79,186928,0
320,522,1502.62,187056,0
321,2386,562.14,187309,0
321,424,334.81,187623,0
321,429,1815.67,187706,0
321,2801,1064.4,188074,0
321,1389,1474.64,188158,0
322,1975,1091.35,188316,0
322,1718,158.22,188456,0
322,2996,1035.28,188560,0
323,2320,1468.08,188685,0
323,2638,8060.63,189020,0
323,429,6732.32,189150,0
323,1878,1102.49,189516,0
323,2457,2322.04,189901,0
324,1658,587.55,190155,0
324,70,2690.17,190358,0
325,2624,799.01,190549,0
325,1876,2958.62,190709,0
325,1022,3733.72,190891,0
326,1997,1602.56,191106,0
327,330,432.42,191283,0
327,980,5455.67,191342,0
327,1069,264.38,191457,0
327,613,578.74,191557,0
328,2019,1698.41,191612,0
328,157,1968.29,191692,0
328,845,3553.49,191984,0
329,1426,2279.01,192192,0
329,2524,291.95,192343,0
330,1358,370.47,192344,0
330,656,1818.01,192350,0
330,1820,3972.58,192589,0
330,893,642.25,192820,0
331,163,2023.02,193069,0
331,2914,2859.81,193424,0
332,193,330.46,193564,0
332,2915,917.5,193678,0
333,1034,10801.6,194049,0
333,1678,242.87,194157,0
333,2607,369.99,194227,0
333,907,3037.56,194473,0
333,998,558.55,194738,0
334,1704,1090.33,194877,0
334,186,2270.57,195222,0
334,2636,1040.07,195265,0
334,581,540.37,195657,0
335,2551,4007.62,195875,0
335,2168,898.14,196029,0
336,2851,171.4,196405,0
336,1344,2047.13,196650,0
336,2148,2695.21,196761,0
336,2997,933.44,196995,0
336,2214,378.74,197092,0
337,1241,1590.44,197282,0
337,102,2764.39,197398,0
337,2743,679.75,197757,0
337,2031,1761.06,197929,0
338,199,2070.22,198101,0
338,1427,2661.62,198282,0
338,172,2144.4,198566,0
339,1880,7396.71,198957,0
339,2613,409.17,198985,0
339,680,532.66,199203,0
339,1311,104.11,199460,0
339,1952,891.2,199811,0
340,1852,2260.32,199933,0
340,2203,508.49,200322,0
340,2306,118.47,200490,0
340,1025,368.46,200658,0
341,2134,1301.29,200883,0
341,323,1678.6,201135,0
341,1537,1110.27,201448,0
341,787,234.85,201777,0
342,2972,732.68,201951,0
343,1333,2080.37,202233,0
343,1772,2562.83,202597,0
343,2199,934.14,202910,0
343,393,1728.83,203208,0
343,2646,1362.34,203325,0
344,135,1050.0,203603,0
344,390,1295.24,203744,0
344,376,345.65,204007,0
345,1085,1589.2,204239,0
345,1745,328.98,204305,0
345,1843,1027.45,204459,0
345,2604,6089.46,204607,0
345,2052,2943.41,204952,0
346,2241,2249.86,205186,0
347,209,1402.87,205221,0
347,2272,614.5,205264,0
347,45,286.21,205330,0
347,1926,1655.5,205630,0
347,585,13216.93,205864,0
348,1773,968.42,205890,0
348,2559,1333.99,205926,0
348,161,777.75,206092,0
348,1998,229.56,206402,0
348,1037,3377.18,206425,0
349,1651,470.7,206681,0
349,2667,1615.66,206723,0
349,2315,1790.71,206813,0
350,2205,909.23,206841,0
350,2921,406.45,207151,0
350,388,1300.29,207503,0
350,294,2792.47,207668,0
350,300,1739.14,208030,0
351,826,908.48,208085,0
352,2296,2064.9,208330,0
352,467,1601.13,208398,0
352,2249,310.72,208550,0
352,2685,883.44,208895,0
353,2689,553.87,208969,0
353,2040,4679.08,208989,0
353,920,741.91,209375,0
353,1085,985.14,209492,0
354,585,2127.28,209550,0
354,998,203.06,209558,0
354,257,3747.39,209580,0
354,2257,1639.78,209718,0
355,1028,149.02,209862,0
355,1409,5010.98,210195,0
355,2793,2801.75,210493,0
355,2464,1087.19,210829,0
356,1581,1577.96,210919,0
356,2943,1968.11,211186,0
357,2171,3393.38,211584,0
357,2614,150.22,211637,0
357,1087,470.61,211983,0
358,2212,1146.18,212371,0
359,2432,156.05,212424,0
359,1388,786.61,212465,0
359,2994,1298.22,212715,0
359,2355,1601.79,212923,0
359,2275,841.9,213187,0
360,1240,574.35,213538,0
360,2280,629.4,213820,0
360,2397,1613.48,213955,0
360,1814,809.22,214257,0
360,2054,789.86,214515,0
361,2148,644.54,214635,0
361,1521,7298.2,214761,0
361,1570,457.09,214925,0
361,1473,405.98,215117,0
362,1098,6709.42,215392,0
362,1360,771.46,215599,0
362,344,4615.89,215915,0
362,521,2119.45,216244,0
363,1002,594.78,216464,0
363,1960,172.95,216818,0
364,1419,405.48,216969,0
364,226,1375.91,217226,0
364,2651,1687.02,217453,0
365,2667,494.25,217803,0
366,2120,14333.03,218117,0
366,300,242.65,218157,0
367,2883,690.5,218258,0
368,2459,1115.16,218446,0
368,1983,1275.82,218687,0
368,2523,1333.13,218964,0
368,1743,636.86,219258,0
369,995,1132.65,219344,0
369,2478,1144.11,219422,0
369,1110,783.58,219653,0
370,1418,2124.46,219715,0
371,1433,3410.22,219891,0
372,62,1965.55,220176,0
373,643,2613.57,220461,0
373,934,244.43,220844,0
374,1165,1616.69,221140,0
374,126,3351.31,221477,0
375,2899,458.34,221606,0
376,1588,36.28,221917,0
376,2541,12225.07,222096,0
376,1605,604.44,222308,0
377,1620,1252.03,222621,0
377,2498,5721.53,222940,0
378,2643,3654.75,223172,0
378,1676,1038.62,223289,0
379,1659,1300.66,223512,0
379,2880,602.33,223750,0
379,1700,830.21,224068,0
379,314,335.67,224415,0
380,28,1874.3,224540,0
380,2105,529.55,224765,0
380,1396,4336.18,225057,0
381,137,10643.01,225181,0
381,2629,1346.62,225190,0
381,1928,1653.04,225286,0
381,748,685.39,225672,0
381,342,2210.64,226006,0
382,2395,943.94,226074,0
382,1781,399.0,226097,0
382,443,7274.78,226405,0
382,1125,1943.79,226666,0
383,1520,725.52,226877,0
383,1366,837.96,227049,0
384,1264,894.02,227442,0
384,1635,1821.95,227641,0
384,225,2879.41,227731,0
384,2004,741.59,227828,0
384,254,639.88,227968,0
385,891,151.61,228182,0
385,1156,2769.37,228454,0
385,1817,1059.28,228543,0
385,2396,263.3,228877,0
386,40,1084.32,229143,0
387,1617,4624.28,229388,0
388,1873,1938.57,229535,0
388,2001,1057.11,229749,0
389,1448,2391.37,230112,0
389,2856,1073.47,230418,0
389,1446,4085.65,230650,0
389,1937,3637.93,230793,0
389,324,388.78,231120,0
390,356,687.25,231342,0
391,1529,210.81,231367,0
392,2561,1309.28,231755,0
392,2943,1309.66,232036,0
392,1964,1121.56,232252,0
392,1139,3329.45,232301,0
393,468,763.42,232594,0
393,2468,1032.92,232648,0
393,1335,2398.31,232691,0
393,2231,1584.69,233039,0
393,1541,7902.16,233266,0
394,1105,3593.53,233275,0
394,145,1125.15,233460,0
394,617,1950.95,233825,0
394,520,5848.7,234154,0
394,1267,1727.68,234324,0
395,16,932.5,234655,0
395,2250,6112.55,234812,0
395,2336,862.89,234986,0
395,2463,461.56,235187,0
396,1635,4301.33,235495,0
397,82,940.54,235511,0
397,789,1859.42,235606,0
398,2638,6047.27,235767,0
398,1904,16490.62,235890,0
398,326,311.23,236085,0
398,2657,421.09,236321,0
398,2219,2685.93,236376,0
399,151,1302.49,236388,0
400,306,859.09,236712,0
401,1072,2354.56,236782,0
401,1960,2020.42,236796,0
401,2666,174.22,237173,0
401,1875,2128.59,237212,0
402,327,2548.72,237485,0
402,1473,3130.36,237512,0
402,724,27123.64,237565,0
403,1123,891.79,237780,0
403,2177,1248.61,237994,0
403,527,2393.57,238215,0
403,2915,257.66,238323,0
404,1287,3719.54,238470,0
404,2647,493.66,238676,0
404,2899,1237.73,238829,0
404,2167,5045.76,239052,0
404,710,1308.05,239217,0
405,1159,1100.7,239309,0
405,395,623.59,239332,0
405,2000,630.32,239403,0
406,198,891.94,239530,0
406,2962,2218.11,239546,0
407,309,933.23,239661,0
408,881,667.92,239996,0
408,2174,2757.96,240095,0
409,486,1371.82,240407,0
409,570,1343.68,240446,0
409,549,275.13,240721,0
409,2602,1039.67,240981,0
410,978,402.03,241061,0
410,2198,908.26,241205,0
410,2450,1654.03,241289,0
410,2754,2218.48,241328,0
411,11,411.83,241331,0
411,804,241.96,241556,0
411,129,3179.47,241668,0
412,2205,288.18,241947,0
412,2543,1805.58,242172,0
412,1955,576.08,242329,0
412,1806,2577.75,242419,0
412,1915,1551.04,242815,0
413,2915,811.04,243204,0
413,1076,810.03,243415,0
413,1114,1889.01,243689,0
414,264,9257.23,243980,0
415,787,285.89,244292,0
416,647,2516.5,244486,0
416,2517,936.08,244675,0
416,143,734.36,244990,0
416,408,331.27,245375,0
417,1494,383.01,245434,0
417,929,867.94,245466,0
417,154,651.49,245582,0
417,1516,459.19,245790,0
417,1265,1806.28,245803,0
418,1994,418.5,245965,0
418,742,289.41,246143,0
418,1600,2429.55,246162,0
418,465,1187.37,246221,0
418,827,82.05,246562,0
419,682,486.68,246736,0
419,464,121.16,247121,0
419,934,364.58,247448,0
420,225,2233.81,247482,0
420,1055,552.41,247817,0
420,289,1364.88,247826,0
421,1279,652.72,247841,0
422,501,3032.13,247944,0
423,715,626.45,248026,0
423,1848,6262.37,248144,0
423,1062,1305.85,248509,0
423,1891,843.66,248839,0
423,2887,4044.08,248884,0
424,2653,543.9,249172,0
424,1348,4684.85,249353,0
424,286,294.82,249416,0
424,735,676.44,249736,0
425,84,8090.66,249764,0
426,1848,823.6,249775,0
426,1781,256.8,250040,0
427,1969,1652.43,250340,0
427,1971,888.18,250618,0
428,1168,252.09,250653,0
428,2269,2289.43,250965,0
429,806,4664.39,251321,0
429,631,5852.85,251663,0
429,2904,7800.99,252026,0
430,394,556.96,252200,0
430,339,3972.27,252586,0
430,2387,577.3,252722,0
430,948,336.98,253011,0
431,2079,6396.41,253039,0
432,106,389.8,253102,0
432,2128,2946.4,253456,0
433,416,1179.18,253733,0
434,1594,5509.59,254085,0
435,1800,8806.2,254237,0
435,2954,4130.4,254480,0
435,1924,801.57,254719,0
436,1735,508.88,254827,0
436,784,80.85,255031,0
436,2240,370.57,255378,0
436,1209,2554.66,255530,0
436,2536,157.38,255714,0
437,1751,256.86,255999,0
438,2713,2578.49,256167,0
438,1000,879.29,256458,0
438,1355,695.25,256499,0
438,278,2561.65,256804,0
438,2640,1908.67,257157,0
439,984,4868.02,257360,0
439,1046,477.53,257415,0
439,1262,904.01,257671,0
440,2833,505.55,257765,0
440,386,589.12,257848,0
440,2607,586.69,257973,0
441,2528,565.88,258323,0
441,852,2708.27,258528,0
441,964,4842.35,258810,0
441,1927,799.64,258983,0
441,2109,2341.92,259284,0
442,2632,814.11,259342,0
443,2759,565.18,259732,0
444,1648,992.43,259883,0
444,409,937.73,260123,0
444,1878,864.64,260308,0
445,64,388.88,260531,0
446,943,5172.84,260785,0
446,320,467.27,261169,0
446,7,668.31,261221,0
446,622,1395.68,261306,0
446,482,839.14,261517,0
447,1462,2769.88,261580,0
447,1561,343.68,261628,0
447,2839,359.82,261979,0
448,1023,624.47,262257,0
449,2347,1683.79,262303,0
449,778,3399.51,262674,0
449,1238,895.47,262729,0
449,240,1593.11,262856,0
450,1780,24388.96,263222,0
451,1164,2907.26,263521,0
451,2606,1926.38,263719,0
451,1520,14356.1,264039,0
451,361,345.64,264364,0
452,459,304.7,264568,0
453,2050,634.95,264686,0
453,27,4847.17,264862,0
453,1092,626.91,264972,0
454,295,626.19,265036,0
454,2208,535.12,265331,0
454,2237,864.36,265348,0
454,1415,2953.55,265570,0
454,2171,8933.03,265883,0
455,2393,1185.87,265929,0
455,1821,1901.24,266122,0
455,1203,7695.77,266221,0
455,186,1030.74,266261,0
455,2294,437.04,266447,0
456,12,663.15,266631,0
456,2202,14250.02,266640,0
456,2921,971.07,266902,0
456,2205,3027.01,267168,0
457,974,855.41,267269,0
457,2543,217.08,267458,0
457,481,174.92,267727,0
458,979,2043.17,267744,0
458,202,490.54,268016,0
458,792,3598.78,268251,0
458,1737,1563.4,268255,0
458,1599,2082.73,268315,0
459,613,484.52,268570,0
459,2255,614.24,268862,0
460,1020,3452.49,269223,0
460,911,3215.17,269311,0
460,631,6949.6,269420,0
460,195,1135.36,269431,0
461,874,6071.88,269554,0
461,250,427.47,269836,0
462,514,698.94,269850,0
462,1345,566.41,270052,0
462,1522,1265.6,270127,0
463,464,1035.3,270334,0
463,2768,742.21,270719,0
464,155,339.99,270943,0
465,882,1671.46,270999,0
465,720,270.59,271152,0
465,2588,1612.14,271386,0
465,1068,7437.76,271736,0
465,838,851.31,271925,0
466,327,2256.71,272302,0
466,354,3241.3,272589,0
467,2287,2532.4,272948,0
467,1866,709.84,273307,0
467,1504,354.32,273565,0
468,1298,2704.64,273940,0
468,684,402.5,274243,0
469,2879,221.98,274622,0
470,1829,1057.88,274725,0
470,719,2081.6,275065,0
470,534,1346.06,275410,0
470,2246,1044.21,275708,0
471,1220,3797.65,275848,0
471,1303,843.61,276009,0
471,921,1335.56,276047,0
471,2410,895.36,276385,0
472,2995,1347.03,276494,0
473,316,1296.8,276694,0
473,1826,1001.35,276980,0
473,235,1133.71,277047,0
473,2597,5552.06,277092,0
473,2193,1087.7,277213,0
474,2554,794.83,277320,0
474,2821,1527.97,277420,0
474,543,564.34,277422,0
475,37,3979.19,277573,0
475,2970,831.93,277853,0
475,600,2335.13,278103,0
475,2728,318.7,278455,0
476,1354,14669.83,278825,0
476,2376,2233.11,279106,0
477,1158,1291.71,279389,0
478,617,856.1,279418,0
478,2245,884.1,279487,0
478,2207,779.37,279612,0
478,1780,6148.07,279864,0
478,1016,626.22,280132,0
479,2754,508.79,280446,0
479,1562,3012.5,280829,0
480,1257,1050.33,280960,0
480,1272,152.52,281015,0
481,2369,4670.09,281020,0
481,2145,2340.59,281167,0
481,764,1290.87,281359,0
481,2154,626.89,281533,0
481,2418,1221.32,281670,0
482,2674,1658.18,281853,0
482,1946,955.55,282050,0
482,2986,255.81,282287,0
483,1058,1365.04,282429,0
483,956,2328.09,282652,0
483,667,3203.19,282961,0
484,577,3292.33,283318,0
485,75,3909.14,283510,0
485,1368,820.19,283560,0
486,702,257.19,283584,0
486,2742,339.87,283633,0
486,1668,350.3,283808,0
487,1302,230.81,284021,0
488,471,710.91,284053,0
488,464,1063.77,284305,0
488,458,5931.28,284555,0
489,1215,966.74,284713,0
489,1574,568.11,284742,0
489,1875,2055.24,284794,0
489,2520,865.87,284922,0
490,751,1088.51,285032,0
491,1733,1739.85,285250,0
492,2561,399.01,285290,0
492,2280,756.43,285656,0
492,632,541.75,285895,0
493,995,347.88,286017,0
493,869,1016.18,286042,0
494,1073,701.49,286117,0
494,1832,1661.82,286124,0
494,1100,951.73,286364,0
494,295,2551.84,286728,0
494,284,1458.56,286873,0
495,851,3694.34,286891,0
495,2653,595.49,287274,0
495,876,866.64,287545,0
495,1240,949.97,287555,0
496,1457,2252.57,287788,0
496,2458,285.91,287810,0
496,803,1034.8,288017,0
496,1077,2046.0,288040,0
496,1426,90.02,288259,0
497,834,5906.14,288377,0
497,1141,1189.79,288402,0
497,2167,1061.68,288440,0
498,2157,4531.94,288778,0
498,1921,1623.76,289043,0
498,2141,978.03,289276,0
499,1666,853.44,289666,0
500,344,1539.11,289888,0
501,953,1185.17,289897,0
501,1991,795.01,290251,0
501,1220,1337.79,290287,0
502,1271,605.98,290422,0
502,2363,1118.4,290581,0
502,2280,1207.2,290658,0
502,2559,417.61,290708,0
502,2039,2488.43,290758,0
503,1974,367.29,290943,0
503,2946,4336.87,290957,0
504,2206,3202.32,291247,0
504,1674,7839.02,291495,0
505,1480,841.54,291861,0
505,363,2469.47,291926,0
505,1854,979.88,292065,0
505,1746,923.17,292458,0
506,1527,576.84,292773,0
506,286,12516.04,292805,0
506,2104,736.72,293037,0
506,2970,6456.16,293118,0
507,2502,274.75,293304,0
507,2985,838.63,293467,0
508,1010,2488.26,293539,0
509,645,855.55,293584,0
509,1796,1701.0,293732,0
510,262,666.35,293862,0
511,1063,688.32,294054,0
511,851,2834.67,294313,0
512,1134,5516.12,294370,0
512,1701,1095.52,294461,0
512,2041,671.69,294820,0
513,2171,3606.61,294864,0
513,2033,731.53,295057,0
514,280,348.52,295431,0
514,2405,707.99,295712,0
515,1825,4994.16,295963,0
515,2384,3367.45,296353,0
516,2273,1736.85,296437,0
517,371,3328.09,296671,0
518,2593,195.01,296912,0
519,1079,278.71,296941,0
519,2338,2156.27,297132,0
519,1581,6536.31,297465,0
520,1309,4818.56,297731,0
520,1982,1853.95,297750,0
520,2959,806.85,298011,0
520,2420,2123.19,298254,0
520,1110,758.08,298554,0
521,1526,1997.85,298690,0
521,1259,1788.1,298794,0
521,1390,696.55,298814,0
522,2099,4369.17,299071,0
522,2168,769.83,299423,0
522,2873,7131.2,299648,0
522,723,1045.58,299753,0
522,1241,270.86,300036,0
523,873,842.18,300376,0
523,1644,3236.81,300665,0
523,1789,507.69,300999,0
524,2129,5094.45,301286,0
524,1140,760.57,301673,0
524,1784,188.27,301893,0
524,2900,574.81,302010,0
524,2946,588.27,302153,0
525,2000,1170.48,302363,0
525,1310,773.96,302602,0
525,1187,1610.71,302958,0
525,1727,5014.59,303103,0
526,881,697.54,303105,0
526,2849,513.38,303387,0
526,1682,2387.34,303615,0
526,81,1555.51,303725,0
526,2466,690.91,304118,0
527,2404,1037.92,304142,0
527,1792,1253.89,304447,0
527,163,964.14,304809,0
527,575,401.2,304871,0
528,2202,735.62,305168,0
528,2598,276.29,305244,0
528,1173,1347.03,305455,0
528,1580,2752.91,305789,0
528,2668,1635.38,306113,0
529,3,652.12,306480,0
529,1719,988.8,306870,0
530,2246,2304.98,307073,0
530,2153,790.18,307226,0
531,80,51.27,307549,0
531,1660,3752.8,307684,0
531,104,7239.74,307716,0
532,1994,1109.23,308075,0
532,1836,400.6,308182,0
533,1367,1084.78,308249,0
533,371,300.38,308571,0
534,663,1270.13,308650,0
534,2779,259.18,309042,0
534,2659,987.91,309426,0
534,783,3493.99,309593,0
535,874,456.76,309682,0
535,1454,674.23,309698,0
535,2939,1237.97,309748,0
536,2671,2428.99,309871,0
536,2569,875.91,310034,0
537,819,383.3,310243,0
537,430,275.44,310622,0
537,36,2811.24,310659,0
537,185,468.62,310925,0
537,208,1202.63,311025,0
538,683,526.83,311072,0
538,1182,1748.0,311174,0
538,2443,2343.81,311509,0
538,1384,393.04,311884,0
539,2268,2175.58,311957,0
539,505,9303.77,312242,0
539,2237,472.25,312471,0
539,2190,865.32,312835,0
540,1852,897.66,312929,0
540,105,3120.76,313252,0
540,1436,411.83,313355,0
540,789,284.67,313674,0
541,1076,270.03,313930,0
541,134,2472.63,314106,0
542,2794,4633.54,314489,0
543,2035,1001.28,314666,0
543,1593,145.03,314942,0
543,187,625.83,315247,0
543,2331,1256.72,315407,0
544,2865,2343.34,315796,0
544,1729,2360.84,316195,0
545,1374,1052.23,316588,0
545,2552,2041.12,316757,0
545,1304,533.6,316983,0
545,2529,104.05,317038,0
545,913,6143.13,317359,0
546,1807,4711.62,317528,0
547,1202,316.8,317753,0
547,2295,3252.28,318042,0
548,2290,340.82,318126,0
548,1056,4648.27,318349,0
549,2997,1920.72,318712,0
550,2566,323.11,318779,0
550,1131,369.5,318848,0
550,427,360.56,319076,0
550,2230,2299.13,319101,0
550,2591,326.02,319268,0
551,1603,2199.99,319334,0
551,1471,804.25,319628,0
551,1391,385.98,319684,0
551,589,1755.75,319687,0
552,1759,2223.95,319837,0
552,2915,225.94,319980,0
552,975,785.34,320378,0
552,2938,256.05,320482,0
552,2765,597.8,320707,0
553,812,1786.84,320904,0
553,1049,489.26,321150,0
553,1578,1241.43,321203,0
553,1427,3694.95,321516,0
554,1044,3987.39,321908,0
554,1122,1335.39,322152,0
554,270,1820.03,322369,0
554,1031,915.57,322511,0
555,1724,1913.25,322751,0
555,2936,482.99,323115,0
555,1541,300.99,323391,0
555,2361,1245.44,323466,0
556,756,8252.45,323552,0
557,1571,1262.81,323757,0
558,2200,6379.73,323834,0
558,315,1848.87,323873,0
558,80,2700.19,323962,0
558,2114,180.23,324268,0
559,1754,550.88,324461,0
559,1093,2050.31,324503,0
559,2344,5318.8,324619,0
559,2863,1700.48,324631,0
560,2960,1371.44,324710,0
560,2101,2867.39,324956,0
560,427,1151.46,325170,0
561,2559,1977.03,325414,0
561,1069,440.4,325434,0
562,2723,3099.96,325736,0
562,2691,2632.64,326089,0
563,628,1051.37,326235,0
563,2270,203.39,326600,0
563,67,2519.54,326837,0
563,1687,1525.97,327204,0
563,1637,3788.43,327542,0
564,694,290.19,327787,0
564,244,1938.75,327807,0
564,1177,910.16,327842,0
564,2269,955.8,327901,0
565,2818,3522.0,327976,0
565,1043,1320.92,328028,0
565,2391,977.75,328359,0
565,2737,1331.96,328610,0
565,531,764.99,329003,0
566,237,2012.82,329163,0
567,1979,741.35,329354,0
567,1368,492.02,329367,0
567,2253,640.23,329396,0
567,629,1117.47,329465,0
568,692,771.7,329577,0
568,1160,13463.33,329706,0
569,1750,1670.73,330053,0
569,517,275.89,330320,0
570,610,888.06,330335,0
570,142,706.42,330662,0
571,499,2021.01,330773,0
571,1627,3674.66,330806,0
571,2904,6645.15,331160,0
571,1047,2566.98,331385,0
572,2705,313.8,331642,0
572,2791,1002.17,331909,0
573,1638,1296.15,332035,0
573,1489,279.44,332329,0
573,854,951.57,332520,0
573,384,1011.42,332553,0
573,1895,672.89,332568,0
574,2090,984.86,332898,0
574,1726,1180.62,333181,0
574,2856,906.67,333314,0
575,1436,590.44,333643,0
575,1716,2230.85,334025,0
575,2310,618.58,334093,0
575,2167,646.18,334456,0
576,893,908.56,334675,0
576,2520,398.61,335058,0
576,2618,2557.37,335440,0
576,1488,2296.05,335657,0
576,131,1180.38,335800,0
577,188,548.23,336110,0
577,617,812.31,336162,0
577,1579,354.88,336526,0
577,2832,723.79,336631,0
578,648,249.85,336986,0
579,1947,2102.2,337293,0
579,2865,1027.06,337361,0
579,1169,913.32,337490,0
579,1365,499.14,337813,0
579,2692,310.23,337819,0
580,1562,3173.32,338110,0
580,2716,556.81,338148,0
580,1766,1605.09,338297,0
580,1725,5805.78,338631,0
581,2632,6889.44,338715,0
582,458,427.44,338758,0
583,848,105.46,338820,0
584,559,664.26,339060,0
584,2977,416.15,339290,0
584,1467,417.46,339549,0
584,2072,991.07,339901,0
585,1277,5850.95,340075,0
586,1072,1179.42,340368,0
586,671,3399.41,340695,0
586,293,720.35,340982,0
587,2212,639.1,341243,0
588,1788,2030.32,341458,0
588,1107,1757.59,341554,0
589,1254,254.43,341668,0
589,309,396.72,341883,0
590,1065,3472.34,342179,0
590,2418,701.05,342195,0
590,2550,3824.0,342336,0
590,340,230.07,342338,0
591,540,737.7,342448,0
592,531,468.28,342590,0
592,1017,903.96,342769,0
592,2965,465.29,342978,0
593,823,1151.64,343083,0
593,1273,592.47,343449,0
593,1065,1291.91,343600,0
594,2371,1048.63,343706,0
594,173,707.08,343757,0
595,561,528.23,344135,0
596,2696,465.86,344506,0
597,2166,676.39,344771,0
597,1506,1079.47,344999,0
598,1714,354.96,345293,0
598,1100,4740.64,345592,0
598,564,4101.22,345840,0
598,1331,4392.8,346120,0
599,178,1169.78,346406,0
599,924,13280.11,346593,0
599,2013,7886.41,346862,0
600,1623,675.2,346979,0
600,177,320.56,347055,0
600,59,2136.8,347331,0
600,2653,1155.59,347639,0
601,2295,2040.02,347931,0
601,516,987.47,348315,0
601,332,131.15,348358,0
601,261,1340.38,348410,0
601,2097,389.84,348670,0
602,1945,2146.27,349060,0
602,634,624.08,349249,0
603,851,1186.9,349252,0
603,163,705.82,349519,0
603,812,4227.3,349639,0
604,2757,456.63,349742,0
604,2047,530.67,350099,0
604,71,378.22,350149,0
604,2626,285.28,350198,0
605,887,1023.08,350572,0
606,1982,710.64,350825,0
607,1950,1343.74,350911,0
607,341,1001.59,351055,0
607,2928,318.74,351269,0
608,2142,1943.83,351607,0
608,2449,2717.85,351771,0
608,54,1116.27,351993,0
608,1963,1318.36,352233,0
608,84,249.3,352632,0
609,115,834.56,353001,0
609,1317,612.44,353329,0
610,1847,2464.6,353537,0
610,2839,684.9,353818,0
611,2994,872.96,353985,0
611,107,817.4,354214,0
611,1798,309.9,354490,0
612,195,258.19,354797,0
612,418,1794.7,354950,0
612,1190,928.34,355116,0
612,967,3128.36,355252,0
613,2054,2328.05,355542,0
613,1526,411.32,355672,0
614,2032,463.33,355695,0
614,1363,717.55,356077,0
614,319,360.11,356097,0
614,414,982.91,356325,0
615,1874,105.98,356327,0
615,1730,362.94,356548,0
615,2813,232.7,356777,0
615,2659,791.01,357066,0
616,980,939.88,357092,0
616,1823,3131.5,357480,0
616,2205,1236.65,357760,0
616,161,1711.65,358150,0
616,2113,2539.47,358167,0
617,2284,1331.56,358235,0
617,605,582.66,358292,0
618,1266,1314.04,358534,0
618,500,617.74,358714,0
618,2713,2867.02,358883,0
618,2973,1233.87,359136,0
619,2973,1746.36,359276,0
619,760,888.68,359463,0
619,521,929.22,359687,0
620,616,836.68,359868,0
620,2731,1366.32,360146,0
620,2917,182.99,360479,0
620,1557,2796.47,360744,0
620,1146,629.68,360894,0
621,95,595.92,361098,0
622,674,518.66,361332,0
622,1178,506.19,361417,0
622,2863,325.84,361462,0
623,128,923.14,361540,0
623,2971,243.97,361613,0
623,479,78.39,361749,0
623,1583,1687.8,362015,0
623,1657,1764.29,362306,0
624,633,1987.51,362325,0
624,707,6116.47,362626,0
624,787,570.67,362933,0
625,1701,1725.14,363252,0
625,2590,1517.84,363594,0
625,587,298.17,363743,0
626,1800,733.19,363804,0
626,2768,609.71,363864,0
627,722,875.27,364193,0
627,1859,2339.37,364194,0
628,762,2143.56,364397,0
628,107,2328.81,364660,0
628,275,879.72,365024,0
629,11,596.12,365202,0
629,2575,769.81,365544,0
629,1746,670.34,365780,0
629,1623,571.64,366119,0
630,2727,3889.14,366331,0
631,869,2082.46,366470,0
632,1052,1072.32,366805,0
632,2824,1075.28,367096,0
632,764,3247.16,367472,0
632,2203,2136.76,367748,0
632,2244,183.71,368064,0
633,2032,2243.35,368445,0
634,2620,1234.5,368526,0
634,601,1048.56,368644,0
634,1345,298.54,368747,0
634,1281,371.39,368899,0
634,1282,738.45,369265,0
635,1088,2313.87,369336,0
635,2951,927.78,369399,0
635,1620,6959.13,369693,0
635,2041,1077.84,369712,0
635,716,731.35,369864,0
636,1062,2520.3,370072,0
636,2410,4329.71,370384,0
636,584,2316.8,370772,0
636,1922,928.98,370785,0
636,2642,1524.34,371060,0
637,751,809.93,371282,0
637,1662,3065.81,371554,0
637,1812,748.82,371736,0
637,2420,677.39,372108,0
638,1296,2126.46,372503,0
638,759,727.62,372679,0
639,1207,2589.96,373000,0
640,2901,481.21,373144,0
641,1235,121.27,373421,0
642,782,54.5,373546,0
642,764,1075.24,373677,0
642,1011,1026.7,373963,0
643,1369,362.11,374203,0
644,829,1134.12,374570,0
645,644,589.1,374851,0
645,1360,459.57,374926,0
646,121,2768.63,375243,0
646,1449,9346.42,375539,0
646,2730,3766.28,375875,0
647,2612,27529.11,376174,0
647,2099,893.42,376360,0
647,116,586.29,376697,0
647,1836,518.07,376932,0
648,2996,239.99,376947,0
648,129,1814.05,377206,0
648,2970,1417.36,377419,0
648,100,1403.68,377798,0
648,783,685.32,377840,0
649,2125,2832.44,377864,0
649,2210,596.84,378009,0
650,2118,657.92,378272,0
650,799,876.57,378441,0
651,2091,1201.22,378501,0
652,548,443.69,378644,0
652,1393,3076.09,378788,0
652,1751,4807.98,378945,0
652,1965,532.19,379210,0
653,562,3364.4,379218,0
653,1136,271.48,379422,0
654,2950,5531.95,379710,0
654,460,4864.11,380064,0
654,1232,2098.64,380189,0
654,2088,818.38,380360,0
654,422,964.21,380701,0
655,232,1068.87,380877,0
655,2535,1923.39,381194,0
655,238,1935.08,381313,0
655,1726,141.68,381631,0
655,2823,92.9,381700,0
656,916,2576.64,382009,0
657,644,550.78,382258,0
657,130,1321.09,382461,0
658,752,1854.41,382627,0
658,404,1371.59,383014,0
658,2212,158.19,383276,0
659,102,615.02,383601,0
659,2659,4524.82,383872,0
660,314,1401.82,383987,0
660,1257,3748.94,384091,0
660,768,638.77,384286,0
661,428,1000.21,384611,0
662,261,1027.93,384695,0
662,2543,1433.13,384755,0
662,2440,907.1,384854,0
663,2696,1992.07,385215,0
663,2043,784.74,385274,0
663,2516,695.45,385632,0
663,2443,232.79,385873,0
664,2264,446.55,386139,0
664,605,4640.28,386273,0
664,2834,1924.27,386618,0
664,2445,2893.32,386755,0
665,1482,280.3,386947,0
666,2987,1599.0,387267,0
666,2853,431.1,387577,0
666,1677,413.42,387665,0
666,115,584.44,387991,0
667,1763,2098.03,388214,0
668,303,1278.95,388311,0
668,2029,5363.81,388430,0
668,1084,1087.66,388563,0
668,258,2149.87,388795,0
669,2842,8685.16,388960,0
669,830,9156.3,389248,0
670,2188,334.56,389632,0
670,2689,295.3,389908,0
671,431,1108.9,390036,0
671,1693,100.88,390346,0
672,1475,1952.14,390681,0
672,2821,1628.57,390919,0
672,135,1979.59,391255,0
673,2791,201.83,391374,0
673,2329,522.03,391594,0
673,627,1303.11,391748,0
674,2724,393.77,391983,0
674,2853,764.84,392339,0
674,2257,1044.64,392623,0
674,2109,929.37,392686,0
675,555,3173.68,392988,0
675,1632,902.3,393003,0
676,1335,1088.93,393168,0
677,85,1841.64,393557,0
677,2940,2342.68,393648,0
678,289,345.82,393902,0
678,2257,592.16,394297,0
678,1465,274.62,394421,0
678,2951,2041.73,394452,0
679,1615,5712.26,394546,0
679,2455,292.32,394587,0
679,377,2430.98,394629,0
679,2673,8423.44,394735,0
680,2576,651.1,394875,0
680,133,2301.62,395056,0
680,35,1948.65,395350,0
681,1359,86.8,395649,0
682,1497,932.48,396029,0
682,2096,365.73,396365,0
683,1671,1233.78,396728,0
683,1805,10610.64,397106,0
684,1747,221.91,397255,0
684,2811,502.47,397406,0
684,380,155.36,397760,0
684,2216,640.62,397838,0
684,675,213.23,398003,0
685,2333,638.49,398179,0
685,638,1548.17,398186,0
685,2094,2364.88,398506,0
686,908,258.45,398572,0
686,1257,1143.87,398685,0
686,198,725.15,398957,0
686,1661,263.0,399092,0
686,774,5676.19,399461,0
687,619,207.04,399791,0
687,2946,953.74,399879,0
688,1721,234.71,400128,0
688,2055,8535.76,400381,0
688,1559,4569.0,400467,0
689,2045,2049.21,400546,0
689,1033,5389.54,400639,0
690,1213,961.71,400973,0
690,1142,594.91,401358,0
690,2064,2354.53,401432,0
690,2363,376.69,401648,0
690,2014,1358.06,401922,0
691,719,1023.95,402024,0
691,2243,1002.24,402114,0
691,1618,1261.22,402128,0
691,1713,575.99,402516,0
692,1239,611.1,402765,0
692,2003,661.33,403158,0
693,2772,866.22,403408,0
693,1884,3699.04,403784,0
693,341,1331.44,403865,0
693,136,170.02,404204,0
693,2532,495.72,404308,0
694,899,321.66,404591,0
694,1193,3479.81,404763,0
694,1111,1974.2,405096,0
694,2980,5217.26,405339,0
694,2149,506.32,405630,0
695,371,2821.3,405943,0
695,1720,2738.78,406025,0
695,491,1251.32,406132,0
695,1242,1857.28,406195,0
695,2372,1884.38,406260,0
696,692,961.72,406382,0
696,1965,1446.21,406625,0
696,449,5664.25,407019,0
697,2251,60.52,407402,0
697,1717,412.89,407414,0
697,964,2989.91,407791,0
697,2004,1594.5,408107,0
697,1558,1359.82,408137,0
698,156,799.79,408189,0
699,2414,3879.58,408481,0
700,2063,4358.63,408696,0
701,2278,1889.2,408843,0
701,1993,1523.22,409011,0
701,748,1678.51,409386,0
701,1808,370.45,409630,0
702,1980,9317.8,409693,0
702,2933,460.07,410051,0
702,2460,4507.62,410158,0
702,2192,2032.73,410500,0
702,583,526.96,410799,0
703,193,1026.96,411031,0
703,963,2026.91,411074,0
703,1563,1732.06,411230,0
703,1417,3695.99,411596,0
704,2942,1211.57,411777,0
704,2227,579.7,412052,0
704,748,885.62,412071,0
704,2838,1079.14,412182,0
705,1033,3816.8,412241,0
706,2817,1044.14,412427,0
706,657,195.1,412609,0
707,1112,2285.89,412966,0
707,2000,654.75,413034,0
707,1906,2269.17,413158,0
707,1255,686.55,413302,0
708,2608,643.81,413520,0
708,2303,495.17,413715,0
708,279,239.14,414061,0
708,917,3833.22,414067,0
708,2229,2591.75,414294,0
709,896,419.18,414363,0
709,1425,2099.28,414448,0
709,267,383.92,414596,0
709,575,1727.28,414640,0
710,491,1767.07,415009,0
710,1435,302.74,415151,0
710,2199,970.93,415273,0
711,562,918.79,415634,0
711,422,525.46,415930,0
711,69,1555.78,416010,0
711,2227,395.99,416055,0
712,1244,617.41,416124,0
712,346,5348.65,416296,0
712,2686,2222.51,416445,0
712,2496,9766.45,416791,0
713,920,352.81,417094,0
714,997,551.7,417203,0
714,351,791.31,417286,0
715,1906,318.05,417363,0
715,1626,934.8,417697,0
716,1995,1383.33,417804,0
716,1268,1666.0,417848,0
717,1157,6361.72,418074,0
717,1017,2123.4,418246,0
717,515,1339.5,418292,0
718,1342,3314.27,418317,0
718,1093,583.42,418605,0
718,215,300.94,418907,0
719,2384,483.27,419297,0
719,508,771.27,419627,0
719,1291,356.52,419972,0
719,1510,438.68,420324,0
719,1847,3900.83,420381,0
720,1910,302.13,420417,0
720,1907,1649.7,420787,0
720,1075,365.03,421129,0
721,280,1853.93,421136,0
722,1578,1951.19,421452,0
722,1959,282.54,421683,0
722,2899,1217.88,421920,0
722,441,1723.7,422101,0
722,1965,1405.31,422454,0
723,2286,1653.77,422740,0
723,2350,337.45,423045,0
723,1261,403.86,423232,0
723,841,4777.5,423397,0
723,1949,1277.19,423448,0
724,2039,351.84,423765,0
724,888,4060.02,424152,0
724,1863,561.46,424214,0
725,236,895.84,424431,0
725,1505,1946.38,424693,0
725,593,522.82,424883,0
726,2531,1248.83,425084,0
726,1063,1136.41,425359,0
726,1973,4176.98,425568,0
726,1659,337.14,425660,0
727,2376,3397.98,425977,0
727,76,806.68,426300,0
727,2425,800.86,426624,0
727,464,2234.92,426854,0
727,1248,1641.31,427184,0
728,2320,916.12,427492,0
728,2084,2542.05,427518,0
729,2126,2350.4,427734,0
730,2691,2011.41,427798,0
730,2689,457.62,427943,0
730,1211,840.01,427946,0
730,11,656.02,428263,0
730,2661,3334.29,428328,0
731,838,271.24,428426,0
731,1023,266.8,428804,0
731,2041,2055.12,428917,0
732,2335,2770.96,429075,0
732,1501,489.33,429168,0
732,884,1727.83,429233,0
733,317,96.14,429331,0
734,2902,950.0,429497,0
734,2208,171.51,429512,0
735,2245,505.22,429528,0
735,740,2602.92,429536,0
735,2188,10358.57,429831,0
735,2852,10279.93,429931,0
735,2082,3926.4,430310,0
736,771,3521.16,430539,0
737,862,4930.53,430665,0
738,1024,2821.66,430799,0
738,1580,1460.93,431042,0
738,2579,471.68,431270,0
738,1511,1391.8,431554,0
738,2237,785.41,431694,0
739,2618,123.43,431816,0
739,2209,6622.26,431886,0
739,1414,1203.18,431985,0
739,899,481.15,432254,0
740,2747,647.95,432631,0
740,2482,1470.45,432808,0
740,590,1722.84,433188,0
740,1364,684.32,433442,0
740,2082,4376.32,433546,0
741,470,2751.23,433590,0
742,1603,7505.04,433591,0
742,922,154.48,433784,0
743,709,500.19,433959,0
744,1572,4137.19,434086,0
744,1909,522.94,434395,0
744,130,875.05,434658,0
744,1747,1778.48,434829,0
744,68,745.55,435134,0
745,603,349.42,435254,0
746,1932,740.45,435601,0
746,1985,1312.33,435666,0
746,1256,2307.46,435947,0
747,2579,2186.91,436175,0
747,1860,506.08,436523,0
747,209,2111.92,436813,0
747,345,809.77,436865,0
748,1928,3051.56,437137,0
749,147,1038.76,437270,0
749,1861,1148.67,437477,0
749,906,1242.16,437662,0
749,2716,3647.25,437706,0
749,2560,1187.26,438004,0
750,1611,1494.28,438010,0
750,33,2567.31,438098,0
751,573,2913.13,438226,0
752,743,2227.85,438467,0
752,390,4428.3,438846,0
752,1136,2271.21,438933,0
752,1902,8182.95,439071,0
752,2052,3183.25,439334,0
753,2527,1525.37,439443,0
753,112,2306.32,439580,0
753,1690,359.2,439949,0
754,1968,286.2,440047,0
754,1370,2241.62,440402,0
754,1265,2010.09,440644,0
755,546,1477.08,440913,0
755,1415,4926.36,440988,0
755,1103,214.19,441043,0
755,1362,1343.72,441167,0
755,381,302.66,441513,0
756,2313,3428.82,441826,0
756,2342,3933.4,442028,0
756,381,974.91,442297,0
756,1215,561.62,442312,0
757,449,1734.09,442405,0
757,1468,725.58,442451,0
757,654,858.91,442650,0
758,1031,2453.44,442841,0
758,2096,1135.87,443067,0
759,1810,257.71,443082,0
760,393,1056.46,443360,0
760,1405,339.39,443371,0
760,2154,757.35,443408,0
760,1162,591.91,443621,0
761,2406,1100.24,443891,0
761,871,1642.89,444094,0
761,1478,639.72,444364,0
762,328,5172.29,444509,0
762,377,792.96,444745,0
763,2231,1912.48,445050,0
763,1441,2092.91,445351,0
764,114,1212.37,445607,0
764,2354,616.47,445874,0
765,2193,3680.05,446164,0
766,2081,2829.48,446372,0
766,2088,507.32,446661,0
766,1203,676.15,446744,0
766,2338,1207.44,447075,0
767,1474,4263.21,447081,0
767,809,770.89,447122,0
767,498,2738.26,447457,0
767,608,669.56,447617,0
767,713,3009.54,447984,0
768,2854,1131.62,448256,0
768,237,417.02,448283,0
768,1869,378.02,448355,0
768,1693,1728.59,448476,0
768,299,398.79,448822,0
769,1203,180.78,448876,0
769,1787,5650.64,448977,0
770,693,180.2,449010,0
771,984,1997.51,449352,0
771,1275,536.39,449583,0
771,2585,116.31,449807,0
771,2456,516.49,450041,0
772,898,1121.48,450153,0
772,406,1882.08,450311,0
772,1226,825.22,450623,0
772,988,1638.85,450634,0
773,2726,6665.51,451030,0
773,787,287.39,451267,0
773,2781,424.03,451646,0
773,2641,9778.36,451866,0
774,2196,960.17,452026,0
774,2688,32.16,452422,0
774,2325,1116.34,452774,0
774,642,3098.18,452983,0
775,48,335.39,453019,0
775,2850,910.88,453158,0
775,535,1314.23,453191,0
775,2170,4897.54,453566,0
775,1509,3127.07,453636,0
776,537,1373.79,453778,0
777,2689,1409.15,454018,0
778,1790,2644.68,454107,0
779,2391,787.47,454263,0
779,2301,961.89,454556,0
779,526,694.79,454795,0
780,890,318.72,455019,0
780,552,1260.46,455105,0
780,2645,354.45,455266,0
780,36,2070.48,455504,0
781,1194,1323.61,455703,0
781,1417,2007.71,455962,0
781,270,80.98,455978,0
782,67,1189.07,456254,0
782,1159,4953.85,456365,0
782,2433,974.02,456739,0
782,912,899.6,456798,0
783,458,1368.17,457037,0
783,2122,1277.77,457155,0
783,2342,4432.28,457468,0
784,733,625.11,457693,0
784,2253,1982.53,457814,0
784,595,425.28,457848,0
784,651,933.52,457924,0
785,2351,2468.62,458059,0
786,2141,325.77,458153,0
786,2733,1106.78,458260,0
786,716,600.56,458508,0
786,1220,680.83,458896,0
786,239,1944.63,459002,0
787,657,1201.02,459032,0
787,2242,3774.96,459170,0
787,2702,610.81,459271,0
787,589,4463.14,459570,0
787,2600,1159.81,459852,0
788,2617,793.23,459965,0
788,1831,2853.0,460216,0
789,653,1071.76,460589,0
789,2586,1452.45,460695,0
789,2872,853.21,461001,0
789,2820,460.25,461378,0
789,1405,4864.43,461400,0
790,1315,1689.49,461403,0
790,1345,238.27,461603,0
791,2909,502.21,461892,0
792,646,1064.26,462152,0
792,2019,122.7,462317,0
793,1125,545.31,462599,0
793,2936,2601.38,462660,0
794,2818,3694.81,462862,0
795,2305,3265.62,463200,0
795,2736,4476.85,463223,0
795,1602,1441.77,463257,0
795,1426,1250.91,463270,0
796,2148,895.11,463647,0
796,877,204.5,463977,0
796,2336,195.06,464178,0
796,1874,346.71,464291,0
797,95,1257.11,464355,0
798,423,5654.93,464728,0
798,2485,5922.17,464772,0
798,2361,773.0,465161,0
798,2738,229.04,465219,0
798,541,3019.53,465318,0
799,89,3682.42,465666,0
799,1984,1731.39,465885,0
799,26,773.38,466162,0
800,2051,3406.07,466282,0
800,2546,5791.32,466371,0
800,223,842.71,466631,0
801,2447,1672.53,466805,0
801,1555,6367.0,466999,0
801,2131,699.9,467085,0
801,2615,313.15,467389,0
802,1009,991.85,467515,0
802,69,352.2,467700,0
802,1889,1345.02,467832,0
802,1080,184.51,468056,0
802,237,2175.34,468419,0
803,646,342.62,468475,0
804,922,725.09,468656,0
804,12,1855.33,469052,0
804,45,149.68,469207,0
804,1820,616.95,469439,0
805,2358,940.8,469521,0
805,2508,1621.09,469918,0
805,826,4772.25,470286,0
806,542,347.98,470527,0
806,1475,2814.53,470812,0
806,1656,336.38,471082,0
806,2747,5054.18,471110,0
806,1434,748.6,471239,0
807,2030,8496.47,471466,0
808,1050,2680.16,471793,0
809,1006,167.85,472151,0
809,91,971.45,472234,0
809,2380,390.21,472453,0
809,2792,284.41,472560,0
810,1579,493.5,472930,0
811,1623,1795.94,473019,0
811,1151,6598.27,473066,0
811,103,633.47,473221,0
811,394,6364.02,473372,0
812,1560,318.07,473564,0
812,2952,2233.43,473940,0
813,1020,462.82,474093,0
813,1347,9045.16,474388,0
813,1587,263.35,474587,0
813,604,1929.72,474749,0
814,441,2393.26,474993,0
814,465,233.4,475386,0
814,424,1833.58,475526,0
814,2986,3171.07,475804,0
814,1702,1939.47,475907,0
815,845,366.98,475924,0
815,629,2024.54,476217,0
816,1761,1498.27,476381,0
817,2430,549.9,476440,0
817,1486,2667.36,476721,0
817,328,406.07,476812,0
817,1875,789.36,477206,0
818,812,339.0,477252,0
818,1354,88.11,477528,0
818,714,3369.18,477737,0
818,1386,5384.4,477757,0
819,484,4017.05,477887,0
819,322,2847.58,478283,0
819,869,2598.32,478514,0
819,2230,1824.46,478888,0
819,1383,138.79,479133,0
820,1125,1578.2,479294,0
820,908,232.3,479655,0
820,835,7226.84,479674,0
820,513,784.17,479872,0
821,1362,354.38,480117,0
821,108,289.82,480277,0
822,2260,358.5,480588,0
822,383,1163.54,480831,0
823,1839,1739.25,481085,0
823,1392,127.23,481189,0
823,1975,1349.03,481347,0
824,808,404.73,481547,0
824,735,366.11,481845,0
824,839,72.48,482024,0
825,87,4563.27,482411,0
826,1248,1213.44,482789,0
826,736,1215.94,482962,0
826,761,1212.91,483006,0
826,2784,348.65,483363,0
827,2351,5191.94,483494,0
827,2975,391.82,483646,0
827,47,2111.86,483666,0
827,2169,4828.49,483672,0
827,2890,731.67,483982,0
828,2787,617.81,484301,0
828,1170,1319.87,484540,0
829,915,1854.1,484803,0
829,1029,1628.56,485187,0
829,347,2183.13,485411,0
829,733,1136.71,485423,0
830,1120,260.61,485515,0
830,1780,406.98,485612,0
830,1431,623.69,485971,0
830,565,3763.93,486282,0
830,1412,345.99,486425,0
831,608,34061.66,486597,0
831,810,1667.9,486889,0
831,2699,299.91,487171,0
832,452,1750.31,487464,0
832,517,690.1,487805,0
833,750,973.18,488175,0
833,2616,2675.94,488543,0
834,56,2746.5,488936,0
834,134,4978.51,489306,0
834,1800,206.76,489485,0
834,2011,2497.74,489676,0
835,1463,1793.65,489918,0
836,2878,554.0,490264,0
836,548,524.44,490352,0
836,1679,826.25,490416,0
836,1213,7144.74,490707,0
836,209,1547.12,491080,0
837,878,227.84,491417,0
837,284,1317.77,491645,0
837,2364,3216.9,491863,0
838,1677,1045.74,492087,0
838,2781,4699.58,492396,0
838,1684,512.81,492465,0
838,2768,1285.52,492788,0
838,1027,1669.84,492923,0
839,286,279.45,492981,0
840,406,2518.32,493252,0
840,1302,1767.73,493439,0
841,1540,44.91,493679,0
841,178,1022.35,493689,0
841,2873,1632.31,493934,0
842,2484,574.11,494255,0
843,1735,1061.24,494277,0
843,1937,1988.54,494418,0
843,4,1202.9,494498,0
844,1731,693.65,494620,0
845,2927,172.1,494759,0
845,2201,1845.94,494827,0
845,191,182.7,494951,0
845,2093,1585.93,495179,0
845,68,1990.04,495421,0
846,837,1206.9,495436,0
846,81,371.43,495541,0
846,462,1673.53,495914,0
846,1340,1340.53,496220,0
847,2935,587.35,496278,0
847,2664,526.35,496665,0
848,66,456.11,496808,0
848,2994,3404.19,496976,0
848,524,2760.22,496991,0
848,1665,954.08,497182,0
848,651,1344.16,497317,0
849,1059,3003.18,497538,0
849,730,206.91,497619,0
849,2930,3130.88,497887,0
849,718,5272.17,497892,0
849,38,450.42,498205,0
850,1994,588.14,498377,0
851,1391,298.54,498621,0
851,1954,1107.61,498776,0
851,2320,814.72,499057,0
852,156,372.4,499368,0
852,1068,1417.65,499592,0
852,2101,419.72,499847,0
852,1025,6657.3,500058,0
853,165,823.83,500195,0
854,1214,1047.45,500507,0
854,609,566.19,500606,0
855,1489,3978.38,500840,0
855,2499,1273.89,500917,0
855,1097,728.24,501139,0
855,806,1060.49,501249,0
856,2999,325.37,501628,0
856,1657,484.29,501823,0
856,532,720.43,502107,0
857,1628,1237.33,502209,0
858,1043,1103.7,502585,0
858,1130,2479.15,502771,0
859,1596,167.52,502843,0
859,412,2384.69,502997,0
859,284,673.8,503348,0
859,199,869.11,503423,0
860,1150,27819.53,503813,0
861,2782,310.82,503876,0
861,1668,2459.49,503884,0
861,2488,218.81,504000,0
861,603,1944.29,504390,0
861,1861,1143.36,504645,0
862,2957,235.57,505031,0
862,2158,144.15,505080,0
863,2925,472.29,505284,0
863,1805,1690.29,505525,0
863,2244,3306.56,505684,0
863,756,915.64,505853,0
864,446,284.3,505884,0
864,246,1858.37,506050,0
864,1999,4501.62,506135,0
865,652,1093.45,506317,0
865,1744,1339.2,506545,0
865,1892,203.82,506580,0
865,1907,357.74,506610,0
866,401,3130.6,506797,0
866,1308,1948.21,506868,0
867,948,1143.67,507210,0
867,1216,940.41,507223,0
867,1081,725.9,507595,0
867,2650,1181.77,507824,0
867,915,491.41,508037,0
868,2,2071.05,508235,0
868,324,99.81,508419,0
868,1173,168.34,508762,0
868,786,266.29,508847,0
868,1623,9605.82,508883,0
869,831,633.2,509241,0
869,1471,1280.24,509520,0
869,1571,684.64,509902,0
869,1325,158.23,510269,0
869,2857,1182.06,510281,0
870,1944,1487.16,510340,0
871,1089,685.01,510426,0
871,511,508.86,510482,0
871,852,1104.44,510810,0
871,1918,595.09,511071,0
872,2018,1268.84,511336,0
872,2432,708.56,511385,0
872,736,796.26,511490,0
873,156,21143.56,511763,0
873,1665,565.32,511856,0
873,2231,221.42,512141,0
873,267,2343.27,512347,0
874,2561,1314.05,512656,0
874,1018,2637.15,512839,0
874,38,557.35,512878,0
874,2965,921.31,513256,0
874,2426,1409.82,513453,0
875,2052,2249.9,513845,0
875,1622,547.98,514002,0
875,1647,1612.53,514179,0
875,2179,805.73,514382,0
875,1036,15974.93,514463,0
876,2829,1250.37,514741,0
876,1941,14308.19,514856,0
877,456,1077.59,515031,0
878,1785,2654.62,515044,0
879,2221,290.27,515337,0
880,2242,388.51,515515,0
880,2352,610.11,515779,0
880,445,240.23,516054,0
880,2226,402.77,516147,0
880,2102,901.21,516273,0
881,2998,3168.19,516501,0
882,2373,874.0,516898,0
882,2485,340.93,516939,0
882,1829,8251.17,517142,0
882,885,1087.08,517314,0
883,167,457.41,517669,0
883,600,724.69,517989,0
884,2018,2198.55,518172,0
884,2570,448.62,518192,0
884,61,740.28,518446,0
885,1078,261.64,518552,0
885,2278,349.78,518894,0
886,799,623.67,519242,0
886,2987,480.44,519443,0
886,2854,1737.67,519814,0
886,2895,822.59,520036,0
887,486,4062.2,520272,0
888,1211,773.69,520645,0
888,1218,1643.0,521028,0
888,352,1425.62,521390,0
889,1412,261.45,521732,0
890,23,516.87,521900,0
890,456,2108.34,522194,0
890,285,388.27,522334,0
891,1394,838.74,522504,0
891,2544,297.86,522644,0
892,1830,2387.34,522690,0
893,839,594.85,522818,0
894,1270,721.21,523120,0
895,1837,340.82,523294,0
895,2366,1081.08,523613,0
895,1294,176.28,523709,0
895,1734,203.33,523815,0
896,2536,379.67,523835,0
896,260,515.38,523984,0
896,181,323.35,524010,0
896,23,1085.38,524106,0
897,1820,916.29,524180,0
897,2218,3316.08,524331,0
898,14,5555.34,524588,0
898,528,695.39,524598,0
899,1866,1213.19,524782,0
899,827,733.02,524936,0
900,1927,2832.56,525183,0
900,2378,662.34,525237,0
900,114,1337.31,525391,0
900,2408,1383.98,525520,0
900,2235,234.58,525773,0
901,2935,5484.24,525804,0
901,161,975.47,526001,0
901,2247,11525.46,526017,0
902,874,627.61,526177,0
902,176,3059.96,526211,0
902,1357,211.26,526245,0
902,2803,689.52,526533,0
902,1593,1996.38,526608,0
903,1232,688.37,526656,0
904,2077,79.71,526703,0
904,543,913.82,526910,0
904,952,3909.76,527149,0
904,2441,312.7,527299,0
904,1217,847.17,527546,0
905,362,856.33,527561,0
905,2499,2758.68,527646,0
906,52,2084.43,527808,0
906,475,5122.56,527879,0
906,2408,4167.54,528154,0
906,860,385.98,528233,0
907,1504,1033.34,528358,0
907,169,1159.85,528618,0
907,114,565.3,528641,0
907,2068,541.2,528721,0
907,611,1064.98,528732,0
908,1197,704.14,529012,0
908,283,198.85,529225,0
908,2652,1051.16,529412,0
909,2542,1221.97,529775,0
910,578,3337.41,530156,0
910,2381,5271.01,530440,0
911,511,2393.6,530644,0
911,26,3949.29,531030,0
911,1736,7673.07,531393,0
912,2987,274.52,531649,0
913,2504,1158.07,531655,0
913,1658,994.93,531670,0
913,2950,2793.42,531913,0
914,474,7115.63,531956,0
914,2256,2280.07,532054,0
915,501,501.52,532254,0
915,1554,655.08,532537,0
915,1500,1860.08,532561,0
915,1048,1109.2,532685,0
916,271,2393.35,533013,0
916,498,354.07,533155,0
916,991,2848.39,533298,0
916,2774,277.24,533508,0
917,838,5537.15,533650,0
918,1938,10424.43,533747,0
918,367,689.29,534046,0
918,1292,2561.87,534055,0
918,2866,3788.7,534421,0
919,1509,634.53,534637,0
919,31,505.44,534899,0
919,18,2844.68,535031,0
919,2008,3292.55,535399,0
920,606,1092.05,535647,0
920,1785,3890.17,535887,0
921,1642,1676.58,536090,0
922,2576,927.58,536133,0
922,2510,1001.57,536225,0
923,980,198.95,536347,0
923,2989,1514.67,536488,0
924,2360,3593.47,536844,0
925,1652,608.96,537136,0
925,1783,707.6,537402,0
925,2153,2854.93,537587,0
925,1600,6117.11,537790,0
926,1497,1886.43,537843,0
926,1210,1565.49,537957,0
926,222,891.7,538109,0
926,2040,784.41,538391,0
927,916,2538.67,538652,0
927,1719,1000.4,538749,0
927,687,1736.7,539137,0
927,1764,4205.19,539139,0
927,2357,482.12,539470,0
928,1858,935.88,539768,0
928,919,3753.93,539816,0
928,2040,11338.92,539950,0
929,429,959.35,539981,0
929,1350,18505.57,540131,0
929,1670,668.25,540208,0
929,339,2890.07,540421,0
930,281,167.11,540627,0
930,2952,213.75,540911,0
930,1746,491.17,541227,0
930,2632,1711.3,541278,0
931,35,320.73,541525,0
931,1069,491.24,541857,0
931,1106,6232.56,542080,0
931,2957,1831.07,542214,0
932,1108,3301.61,542598,0
932,1039,323.85,542777,0
932,1877,817.52,542843,0
933,1442,3396.42,543131,0
933,1069,3578.59,543319,0
934,2105,882.63,543441,0
935,1186,2043.65,543660,0
935,674,175.93,543788,0
936,1527,887.81,543825,0
937,1048,7227.81,544199,0
938,1659,1706.19,544527,0
938,1902,176.86,544652,0
938,1452,183.67,544653,0
938,796,899.94,544705,0
938,2375,1958.26,545040,0
939,626,167.62,545085,0
939,1949,1553.57,545460,0
939,1602,747.3,545709,0
939,933,2683.64,546094,0
939,1730,211.52,546100,0
940,318,201.39,546385,0
940,1975,1920.42,546639,0
941,2114,706.22,546962,0
941,106,470.99,547297,0
941,3,1198.62,547654,0
941,2882,23499.35,547809,0
941,1472,285.49,548127,0
942,1362,905.67,548496,0
942,2853,713.14,548563,0
942,2437,571.29,548652,0
942,1450,748.49,548875,0
942,281,1917.83,549237,0
943,1585,196.21,549337,0
943,2399,546.81,549560,0
944,2154,4090.57,549711,0
945,676,799.89,550093,0
945,1958,623.88,550312,0
945,2943,1803.67,550591,0
946,507,1358.78,550807,0
946,486,165.84,551060,0
946,1976,1189.25,551360,0
946,1490,2073.83,551375,0
947,417,498.82,551700,0
947,697,2164.15,551961,0
947,1176,673.2,552030,0
947,2924,182.59,552408,0
947,1351,386.66,552545,0
948,1312,8585.26,552676,0
948,893,1386.57,552677,0
949,392,618.63,552857,0
949,1944,4604.98,553066,0
949,2827,518.52,553156,0
950,380,1455.55,553249,0
951,33,7796.67,553629,0
951,873,966.57,553991,0
952,1470,1573.48,554075,0
952,2308,995.24,554457,0
952,1450,1034.46,554476,0
952,319,3763.69,554750,0
952,1912,858.56,554879,0
953,621,1690.58,555168,0
953,2761,211.46,555438,0
953,2296,1425.66,555555,0
953,1554,6893.35,555573,0
954,271,1937.92,555740,0
954,1020,2341.05,555867,0
954,1053,769.39,555868,0
955,1528,2089.68,555911,0
955,1063,845.21,556096,0
955,1124,1387.3,556426,0
956,440,1047.63,556809,0
957,2493,1937.12,556885,0
957,2662,488.33,557048,0
958,1562,1455.83,557341,0
959,2619,3530.63,557454,0
959,1773,929.39,557474,0
959,1981,3111.91,557751,0
960,1034,2072.27,557839,0
960,1044,12854.85,558086,0
960,2961,188.02,558208,0
961,1183,1004.96,558229,0
961,2761,1849.59,558552,0
961,1064,848.67,558645,0
961,1,3093.74,558814,0
962,116,945.58,558837,0
962,2102,963.21,558981,0
962,311,560.54,559327,0
962,1704,387.89,559329,0
963,2112,3724.51,559345,0
964,0,1484.55,559666,0
964,178,2262.0,559997,0
964,797,1677.44,560280,0
964,1553,174.65,560617,0
965,1309,1194.22,560828,0
965,189,3377.0,561113,0
965,221,1308.03,561223,0
965,1821,2694.92,561429,0
966,2128,1170.98,561549,0
966,1203,4756.82,561854,0
967,610,2606.61,562168,0
967,940,903.93,562491,0
968,1878,485.97,562863,0
969,2946,1325.74,563222,0
970,2074,859.0,563345,0
970,1247,1665.63,563526,0
971,2333,639.54,563860,0
971,2742,818.85,563869,0
972,2510,1511.11,564039,0
972,902,1997.23,564246,0
973,2089,542.59,564487,0
973,669,413.92,564610,0
973,2151,3837.8,564664,0
973,1758,5113.6,564836,0
974,2493,767.87,565229,0
975,2352,174.41,565470,0
975,2531,1844.77,565550,0
976,2670,336.71,565761,0
976,569,2991.9,565812,0
977,2262,478.08,566157,0
978,183,1546.27,566423,0
978,2450,492.5,566770,0
979,615,408.34,567117,0
979,2443,1278.15,567288,0
979,734,2319.32,567338,0
979,1206,1256.67,567361,0
979,1718,190.35,567372,0
980,749,1624.28,567426,0
980,1609,232.39,567630,0
980,1715,880.69,567990,0
980,2996,1250.65,568313,0
981,2426,435.17,568499,0
981,1049,961.27,568647,0
981,654,1349.3,568670,0
981,670,2385.22,569008,0
981,1740,1186.55,569198,0
982,1953,23047.8,569570,0
983,2785,196.46,569877,0
983,805,163.15,569885,0
983,114,1289.06,570273,0
983,930,748.98,570608,0
984,1693,10982.27,570731,0
985,791,673.13,570920,0
985,1344,10397.42,571046,0
985,778,399.41,571310,0
985,1476,759.98,571650,0
985,1123,2440.77,571728,0
986,231,2171.01,571739,0
986,2296,4361.37,571938,0
986,656,1862.74,572259,0
987,1647,349.15,572304,0
988,2177,401.14,572453,0
988,2672,1235.99,572555,0
989,44,1332.75,572916,0
989,2045,1221.41,573242,0
989,1373,604.13,573286,0
990,2133,3041.4,573559,0
990,1803,2345.54,573726,0
990,2565,1359.53,573953,0
990,429,3084.64,574032,0
991,1262,977.88,574191,0
992,2818,192.22,574198,0
992,2781,418.67,574282,0
992,1733,684.38,574474,0
992,2412,1140.57,574581,0
993,489,506.14,574979,0
993,2044,133.7,575168,0
993,69,892.73,575305,0
993,389,1667.02,575595,0
994,562,1528.72,575781,0
994,1729,673.52,575826,0
994,1270,2659.92,576190,0
994,150,1013.69,576434,0
995,1876,146.07,576529,0
995,847,1858.91,576894,0
995,1483,2619.63,576916,0
995,2996,1038.26,577038,0
995,558,447.97,577159,0
996,2837,491.72,577193,0
996,1633,857.16,577406,0
996,107,951.71,577596,0
996,2082,931.38,577713,0
997,318,928.54,577862,0
998,1579,1737.44,577917,0
998,1225,7892.44,577924,0
998,1188,1104.87,578125,0
998,523,1042.4,578470,0
998,2741,790.13,578597,0
999,765,1426.4,578826,0
999,2376,4372.61,578936,0
999,2063,2473.27,579095,0
1000,1342,1333.16,579167,0
1000,1450,1862.9,579556,0
1000,1301,2317.5,579893,0
1001,783,104.88,579921,0
1001,2636,1130.64,580312,0
1001,1905,278.24,580414,0
1001,2431,2146.87,580677,0
1002,2700,1947.86,580815,0
1002,2434,1604.84,581055,0
1002,2344,8098.04,581363,0
1003,156,1037.05,581502,0
1003,2730,1683.43,581735,0
1003,2360,837.96,581949,0
1003,512,1705.72,582262,0
1004,660,711.32,582448,0
1004,488,3398.11,582517,0
1004,2346,828.34,582619,0
1005,1358,864.0,582919,0
1005,2855,3116.64,583043,0
1005,862,461.19,583401,0
1006,331,3958.41,583777,0
1006,2695,804.94,583804,0
1006,1956,742.22,583903,0
1006,2883,2490.97,583966,0
1007,2069,844.26,583995,0
1008,2869,489.67,584184,0
1008,1208,861.75,584455,0
1008,1563,3862.14,584553,0
1009,181,766.73,584772,0
1009,1760,646.7,584985,0
1010,643,267.2,585022,0
1011,481,570.18,585329,0
1012,1666,401.46,585387,0
1012,1181,3836.26,585724,0
1013,680,2518.85,586013,0
1013,576,3242.79,586345,0
1013,1553,335.13,586530,0
1013,2426,766.68,586758,0
1013,2146,515.41,586915,0
1014,2453,2534.28,587224,0
1014,1967,1261.25,587519,0
1014,1665,540.21,587554,0
1015,1526,5389.02,587606,0
1015,2309,915.34,587994,0
1015,1408,544.58,588237,0
1015,1219,673.99,588263,0
1015,1244,6441.83,588657,0
1016,1141,641.33,588748,0
1016,198,581.91,588849,0
1016,2405,113.05,589208,0
1017,2279,3064.78,589475,0
1017,2623,164.94,589523,0
1017,990,492.06,589836,0
1018,2301,5392.23,589893,0
1018,613,1079.18,589983,0
1018,1780,517.6,590104,0
1018,2446,278.52,590108,0
1018,2923,9769.06,590419,0
1019,1783,282.11,590696,0
1019,1320,627.1,590791,0
1019,1590,7742.59,591038,0
1019,2722,698.38,591281,0
1020,722,2726.32,591315,0
1020,1903,1912.23,591672,0
1020,2356,544.22,591960,0
1020,2967,660.35,592239,0
1020,892,1736.21,592474,0
1021,1908,258.98,592580,0
1021,1664,730.07,592712,0
1021,963,4063.03,592890,0
1021,2714,1264.63,593134,0
1021,566,1482.78,593268,0
1022,2276,211.13,593489,0
1022,1368,791.23,593885,0
1022,2161,105.86,594265,0
1022,405,1992.08,594514,0
1022,2090,580.76,594560,0
1023,1959,360.09,594601,0
1024,2384,3614.37,594649,0
1024,878,1097.48,594843,0
1024,2634,3042.77,595043,0
1024,224,177.53,595214,0
1025,2491,420.16,595439,0
1025,1556,2038.6,595651,0
1025,2442,6095.2,595931,0
1026,885,496.98,596135,0
1026,2956,2358.41,596168,0
1026,2200,531.6,596478,0
1027,1408,484.82,596481,0
1027,1814,868.47,596786,0
1027,11,861.77,596922,0
1028,2172,1735.38,597142,0
1028,543,660.85,597220,0
1028,1683,1747.02,597552,0
1028,33,14814.59,597879,0
1029,1024,1466.19,598125,0
1030,1522,846.58,598127,0
1031,1159,3478.61,598353,0
1032,2130,292.09,598618,0
1032,837,638.31,599017,0
1032,104,2885.46,599148,0
1033,2687,6176.24,599432,0
1033,1557,1229.01,599623,0
1033,372,4380.45,599808,0
1033,1441,727.16,599820,0
1034,1993,665.79,599832,0
1034,1134,792.47,600226,0
1034,1889,9059.14,600433,0
1034,2823,175.2,600744,0
1035,478,2137.47,600850,0
1035,129,2263.17,601186,0
1035,1163,3270.64,601444,0
1036,2517,1798.02,601687,0
1036,2159,485.11,601761,0
1036,1454,228.28,602127,0
1037,133,4227.87,602447,0
1037,882,1588.48,602626,0
1037,1704,1734.16,602747,0
1037,343,2143.32,603038,0
1037,1905,259.28,603098,0
1038,305,6152.42,603410,0
1038,1189,1254.88,603659,0
1038,2654,4579.72,603945,0
1038,1429,935.24,604240,0
1039,90,553.48,604243,0
1040,2446,3072.31,604467,0
1040,2879,2276.19,604576,0
1040,1568,300.63,604952,0
1040,835,423.3,605273,0
1040,2780,291.16,605373,0
1041,184,1444.58,605584,0
1042,1030,630.52,605676,0
1042,872,1321.53,605850,0
1042,70,620.29,606084,0
1043,2107,535.78,606334,0
1044,1929,626.79,606631,0
1045,795,6263.79,607021,0
1046,312,249.26,607280,0
1046,549,695.68,607651,0
1046,2956,1849.47,607895,0
1046,1756,937.53,608079,0
1046,528,1960.4,608096,0
1047,2053,628.66,608130,0
1048,2836,2158.69,608268,0
1049,2831,1798.47,608273,0
1049,755,1951.74,608359,0
1049,365,557.77,608515,0
1049,2326,1480.08,608537,0
1049,2172,940.77,608631,0
1050,402,1368.7,608921,0
1050,725,762.44,609018,0
1050,1261,2602.97,609270,0
1051,403,193.49,609431,0
1051,2021,794.81,609649,0
1051,1173,1818.74,609687,0
1051,1599,315.67,609708,0
1051,1478,435.57,609926,0
1052,2696,3249.44,610031,0
1052,441,2791.44,610052,0
1052,1890,5621.11,610145,0
1053,1006,941.55,610522,0
1054,713,1331.85,610864,0
1055,2684,24988.55,610921,0
1055,1119,522.19,611072,0
1055,2659,400.02,611081,0
1055,2581,2559.99,611178,0
1056,1391,1405.55,611490,0
1057,928,586.69,611555,0
1057,896,1169.2,611702,0
1057,1335,107.67,611893,0
1057,2282,2518.31,612188,0
1057,1063,844.36,612459,0
1058,2425,1812.91,612840,0
1058,789,1394.64,613101,0
1058,2833,303.23,613428,0
1058,2786,95.06,613599,0
1059,2406,6900.68,613786,0
1059,307,552.34,613934,0
1059,739,685.7,614087,0
1059,3,2219.4,614310,0
1060,2449,1212.92,614573,0
1060,2687,2873.08,614888,0
1061,1516,755.46,615247,0
1062,2936,7992.55,615561,0
1063,1979,690.86,615731,0
1063,1129,598.86,616105,0
1063,2754,3829.43,616350,0
1063,308,2249.03,616677,0
1063,494,5000.36,616693,0
1064,2962,1232.05,616839,0
1064,2814,2322.31,617187,0
1065,1664,640.96,617275,0
1065,282,129.54,617398,0
1065,538,1896.67,617673,0
1065,2840,1025.85,617879,0
1065,1839,649.79,618084,0
1066,1806,1734.67,618255,0
1066,1653,1592.5,618498,0
1066,1213,2419.96,618874,0
1066,60,1662.55,618962,0
1066,1208,417.69,618990,0
1067,816,970.45,619051,0
1067,2657,356.48,619409,0
1068,353,926.58,619808,0
1068,996,961.23,620027,0
1069,2143,295.27,620365,0
1069,1682,331.14,620411,0
1069,2339,913.73,620716,0
1069,1795,1411.91,620789,0
1070,122,2099.07,620837,0
1070,1719,782.19,621149,0
1070,2158,1029.58,621285,0
1070,2636,314.56,621514,0
1070,664,614.73,621855,0
1071,864,1907.35,621942,0
1071,2133,1573.57,621997,0
1071,704,290.14,622161,0
1071,2924,674.41,622534,0
1072,1960,2182.9,622584,0
1072,1659,1059.92,622958,0
1072,2147,1292.01,623212,0
1072,2299,671.57,623610,0
1072,726,288.51,623713,0
1073,1366,3048.26,624098,0
1073,1184,86.74,624128,0
1073,494,6908.56,624242,0
1073,1553,789.72,624550,0
1073,1309,2351.64,624904,0
1074,1109,1178.61,625172,0
1075,181,318.7,625318,0
1076,1210,389.78,625382,0
1076,1256,1126.25,625469,0
1077,244,309.68,625691,0
1077,142,765.7,625804,0
1077,2804,513.99,625936,0
1077,1443,1393.94,626295,0
1078,1823,9495.98,626456,0
1078,1253,382.19,626503,0
1079,2869,736.18,626840,0
1079,980,8078.55,627048,0
1079,1857,1085.22,627127,0
1080,2058,4187.59,627252,0
1080,2964,609.45,627453,0
1080,580,369.26,627689,0
1080,2106,435.17,627957,0
1081,2637,2112.93,628107,0
1081,711,2416.34,628226,0
1081,2844,540.43,628247,0
1082,469,481.88,628602,0
1082,2754,354.75,628869,0
1082,1297,249.13,628956,0
1083,480,3955.1,629276,0
1084,1284,298.8,629576,0
1084,283,1234.64,629746,0
1084,185,2103.31,630126,0
1085,122,1260.21,630393,0
1085,1328,553.76,630522,0
1086,2863,2140.1,630664,0
1086,474,168.99,631051,0
1086,2555,295.0,631367,0
1086,231,883.94,631590,0
1087,706,765.49,631979,0
1088,2788,1688.78,632124,0
1088,2081,684.51,632316,0
1089,305,866.87,632484,0
1089,1058,198.3,632757,0
1089,979,556.9,632850,0
1089,877,749.09,632894,0
1090,1028,3274.58,632900,0
1090,1029,846.07,632915,0
1090,438,1110.49,633127,0
1090,417,894.52,633201,0
1091,565,480.84,633537,0
1091,906,1179.54,633772,0
1091,2157,929.71,633829,0
1091,548,754.75,634120,0
1092,215,327.31,634255,0
1092,1009,3717.28,634458,0
1092,2124,451.36,634542,0
1092,2764,2283.16,634910,0
1093,681,789.42,635103,0
1094,1566,1138.96,635479,0
1094,696,1293.0,635484,0
1094,197,2285.5,635647,0
1094,2592,501.46,635771,0
1095,461,659.06,635778,0
1095,910,1793.18,635876,0
1095,1942,156.87,635916,0
1096,360,1552.79,636060,0
1096,2550,2971.65,636108,0
1097,1525,1031.26,636411,0
1098,385,577.61,636443,0
1098,2463,5405.18,636589,0
1098,2912,1152.57,636943,0
1098,751,1210.73,637272,0
1098,1847,79.03,637579,0
1099,2505,5576.61,637637,0
1099,1946,2570.71,637676,0
1100,880,400.21,637760,0
1101,1353,4917.24,637782,0
1101,185,5763.01,637856,0
1101,741,3646.49,638093,0
1101,2239,1156.25,638385,0
1102,343,915.22,638585,0
1102,411,418.17,638647,0
1102,1943,6892.22,638832,0
1102,2377,7146.27,639041,0
1103,2756,2085.11,639226,0
1103,1586,6371.88,639539,0
1104,2048,1879.99,639729,0
1105,20,2149.89,640012,0
1105,1060,582.82,640363,0
1105,687,1437.72,640652,0
1105,2610,1362.3,640677,0
1106,149,1665.89,640738,0
1106,2049,465.16,641121,0
1106,672,615.55,641480,0
1106,1681,930.3,641621,0
1106,1931,1130.18,641714,0
1107,918,1126.16,641956,0
1107,2264,458.32,642234,0
1107,2586,2581.97,642579,0
1108,2883,641.87,642631,0
1108,2369,4809.19,642723,0
1109,2553,2397.52,643116,0
1109,1083,522.02,643312,0
1110,2938,380.36,643534,0
1110,2204,2857.81,643917,0
1110,2184,1391.59,644018,0
1110,2626,945.32,644249,0
1110,2092,1091.66,644479,0
1111,549,1439.34,644570,0
1112,1758,624.95,644748,0
1113,2636,4015.22,644790,0
1114,1046,1249.64,644865,0
1115,2440,22693.6,645070,0
1115,1932,1485.57,645146,0
1115,1054,1648.78,645282,0
1115,742,653.88,645442,0
1116,2717,5128.06,645608,0
1116,1822,1490.07,645656,0
1116,2882,12344.16,645754,0
1116,2765,1316.94,646151,0
1116,2781,3250.92,646238,0
1117,139,717.86,646347,0
1117,543,1451.33,646625,0
1118,2208,573.75,646852,0
1119,273,755.1,647019,0
1119,2899,1027.64,647036,0
1119,934,639.48,647221,0
1120,601,2737.09,647470,0
1120,1440,588.12,647823,0
1120,2766,1116.42,648094,0
1120,1554,2494.74,648463,0
1120,987,2044.86,648647,0
1121,1686,476.35,648699,0
1121,512,465.18,649025,0
1121,2437,1418.1,649052,0
1121,655,1844.21,649107,0
1122,978,1692.4,649184,0
1122,171,806.39,649315,0
1122,862,1156.56,649449,0
1123,420,860.39,649630,0
1123,2094,511.79,649747,0
1124,2281,293.41,649957,0
1124,1362,5796.11,650229,0
1124,2107,276.28,650407,0
1125,1115,1649.34,650798,0
1126,2270,514.09,651025,0
1126,1715,1215.73,651174,0
1126,895,268.89,651192,0
1126,495,442.0,651254,0
1126,518,3210.31,651327,0
1127,295,1250.76,651634,0
1127,2840,329.26,651786,0
1127,716,10008.63,652162,0
1128,2782,236.83,652534,0
1128,1951,284.92,652598,0
1128,1619,1418.39,652839,0
1128,316,806.2,652892,0
1128,361,3268.4,652952,0
1129,1619,2059.37,653254,0
1129,2001,4542.52,653278,0
1129,757,799.13,653388,0
1129,1433,458.24,653553,0
1129,1541,814.75,653666,0
1130,2363,624.07,653803,0
1130,767,1688.72,654138,0
1130,2570,53.21,654269,0
1131,1867,859.78,654569,0
1132,1745,733.15,654918,0
1132,159,719.07,655179,0
1132,2694,713.93,655485,0
1132,667,345.92,655628,0
1132,188,1165.19,655754,0
1133,2054,2354.42,655770,0
1133,1024,2906.45,655922,0
1134,2268,9750.03,655983,0
1135,2392,6430.37,656355,0
1135,1666,529.9,656634,0
1135,2323,793.15,656665,0
1135,2535,302.69,657046,0
1136,33,1727.47,657356,0
1136,699,1747.23,657368,0
1136,2209,241.24,657706,0
1137,47,810.36,658101,0
1137,2940,761.92,658408,0
1138,2140,1267.43,658653,0
1138,2992,812.31,658774,0
1138,1559,1167.4,658969,0
1139,2576,319.56,659354,0
1139,813,488.69,659460,0
1139,917,743.43,659697,0
1139,2478,1866.12,659869,0
1139,1801,3394.94,659907,0
1140,1933,875.76,659914,0
1140,164,3728.14,660249,0
1140,2928,1429.18,660280,0
1141,1575,199.36,660302,0
1141,1805,111.79,660345,0
1141,1733,2406.64,660605,0
1141,2309,2688.74,660921,0
1141,1573,557.04,661181,0
1142,1003,4645.71,661352,0
1143,2394,849.08,661455,0
1143,1088,963.89,661716,0
1143,2361,412.11,661890,0
1143,2086,358.74,662121,0
1144,1292,227.59,662240,0
1144,612,589.44,662579,0
1144,2107,4055.06,662752,0
1144,2117,859.35,662828,0
1144,1918,496.4,663120,0
1145,2139,1630.79,663357,0
1145,480,78.09,663640,0
1145,2199,1745.63,663769,0
1146,2494,2828.75,663783,0
1146,2416,1810.2,664049,0
1146,204,581.96,664434,0
1147,999,794.48,664822,0
1147,2951,11791.31,665215,0
1147,2609,316.21,665260,0
1147,1148,1362.09,665355,0
1148,958,782.42,665623,0
1148,2703,658.11,666000,0
1149,1023,220.02,666285,0
1149,1428,2670.41,666677,0
1150,2712,212.09,666782,0
1151,2363,455.08,666929,0
1151,1002,278.06,666931,0
1151,570,1211.82,667017,0
1151,303,1511.13,667110,0
1152,2572,778.95,667472,0
1153,976,7357.44,667587,0
1153,439,423.69,667788,0
1154,1964,2226.43,668057,0
1154,1486,658.28,668231,0
1155,2935,1856.07,668359,0
1155,2826,373.3,668372,0
1156,685,1014.37,668567,0
1156,2324,664.42,668720,0
1156,632,567.44,669004,0
1157,2911,3238.11,669044,0
1157,1131,121.24,669206,0
1158,1770,2737.26,669353,0
1159,1020,3092.2,669686,0
1159,1197,1720.2,670065,0
1159,1048,427.32,670290,0
1160,638,1263.24,670448,0
1160,1797,596.89,670845,0
1160,2653,457.0,670866,0
1160,606,1203.75,670987,0
1161,2163,671.48,671310,0
1162,2665,1305.91,671487,0
1162,1902,791.45,671651,0
1162,1368,1016.01,671961,0
1162,972,208.92,672113,0
1163,2836,204.06,672316,0
1163,499,1559.49,672694,0
1164,2602,153.62,673031,0
1164,43,474.6,673180,0
1164,2592,5315.4,673288,0
1165,608,282.84,673528,0
1165,2022,1786.09,673633,0
1165,1967,454.36,674028,0
1166,2693,726.25,674184,0
1166,2459,3462.35,674569,0
1166,1224,3824.68,674770,0
1166,1590,1821.86,674814,0
1167,1797,110.8,675075,0
1167,1050,410.53,675469,0
1167,239,312.33,675508,0
1168,2525,620.85,675720,0
1168,2608,462.54,676113,0
1168,2448,495.59,676333,0
1168,2553,3695.18,676570,0
1169,2256,1957.64,676760,0
1169,140,322.6,677040,0
1169,156,3491.79,677368,0
1170,850,359.23,677416,0
1170,2893,317.51,677768,0
1171,2140,690.43,678000,0
1171,580,5960.5,678161,0
1172,1239,864.96,678522,0
1172,2502,1636.23,678761,0
1173,2277,2727.46,679105,0
1173,1868,371.77,679496,0
1174,2005,362.21,679879,0
1174,1250,1546.74,679964,0
1174,2286,1812.83,680196,0
1175,207,3056.05,680201,0
1175,444,975.62,680503,0
1175,1399,5385.18,680797,0
1175,2709,1182.85,680948,0
1175,1419,1779.75,681299,0
1176,1705,2412.57,681437,0
1176,678,604.57,681743,0
1176,1460,1491.99,681761,0
1176,76,4061.98,681766,0
1177,24,1950.64,681895,0
1177,1050,1665.64,682076,0
1177,1914,1085.69,682362,0
1177,1282,726.44,682701,0
1178,169,3245.37,682969,0
1179,336,1598.18,683162,0
1179,1467,1223.15,683278,0
1180,2764,7207.47,683320,0
1180,2479,367.2,683527,0
1180,1226,478.06,683742,0
1180,2220,6802.09,684127,0
1180,2106,3009.37,684171,0
1181,2812,522.38,684190,0
1181,1457,2280.06,684210,0
1181,800,892.14,684340,0
1181,14,801.71,684369,0
1181,2172,572.69,684647,0
1182,1999,595.78,684998,0
1182,544,2573.9,685230,0
1182,739,862.0,685472,0
1182,1408,775.16,685816,0
1182,2797,1939.44,685852,0
1183,2317,1719.89,686106,0
1183,2740,408.74,686315,0
1183,1809,825.63,686508,0
1183,47,1344.25,686594,0
1184,1106,1105.25,686618,0
1185,620,1700.35,686694,0
1185,754,6327.8,686790,0
1186,668,4399.94,687182,0
1186,1206,2310.63,687580,0
1186,1144,3103.97,687880,0
1186,1636,3093.14,688027,0
1187,2225,306.88,688244,0
1187,2500,1035.44,688519,0
1187,2351,1213.01,688722,0
1187,1053,355.77,688873,0
1187,515,560.75,688946,0
1188,2127,662.35,689194,0
1189,2848,7016.78,689517,0
1189,2489,1680.15,689560,0
1189,1775,1218.68,689663,0
1189,1302,1473.6,689858,0
1189,1730,712.45,690133,0
1190,1081,1189.6,690270,0
1191,2853,811.82,690665,0
1191,1148,344.98,690777,0
1191,303,169.56,691135,0
1191,2442,767.85,691460,0
1191,1531,259.5,691590,0
1192,525,1269.52,691916,0
1192,2759,1676.31,692251,0
1192,1026,480.67,692644,0
1192,598,61.88,693038,0
1192,2551,1782.99,693317,0
1193,2251,1845.74,693349,0
1193,571,585.74,693682,0
1193,1047,513.74,693917,0
1193,2652,1144.37,693973,0
1193,2976,1342.05,694127,0
1194,523,528.28,694416,0
1194,2603,739.02,694565,0
1194,2997,284.62,694661,0
1194,2685,721.28,694812,0
1195,1131,2476.57,694987,0
1195,1294,6705.69,695124,0
1195,425,956.56,695158,0
1195,2402,1043.66,695198,0
1196,587,469.96,695504,0
1197,1466,1348.31,695514,0
1198,1480,624.47,695802,0
1198,759,1461.17,695882,0
1198,2335,1942.84,696015,0
1198,737,4667.61,696274,0
1199,240,1092.61,696462,0
1199,2993,1366.97,696730,0
1199,311,604.1,696937,0
1199,146,5545.63,696956,0
1199,963,2178.5,697035,0
1200,324,565.27,697399,0
1200,901,759.73,697666,0
1200,874,1006.68,697866,0
1201,432,7425.57,698028,0
1201,1085,161.3,698396,0
1201,2001,326.52,698603,0
1201,504,731.43,698714,0
1201,1131,409.13,699110,0
1202,765,1001.96,699142,0
1202,707,4980.17,699325,0
1202,1575,605.19,699625,0
1203,1173,3255.15,699990,0
1203,1354,6102.34,700383,0
1203,1501,5272.45,700494,0
1203,181,2422.13,700811,0
1203,1692,1556.73,700820,0
1204,2242,215.88,701209,0
1204,2712,359.93,701414,0
1204,1839,1088.86,701585,0
1205,460,1704.58,701787,0
1205,409,331.48,702174,0
1205,1016,3285.57,702405,0
1205,955,2893.37,702626,0
1206,949,2065.52,702779,0
1206,1898,500.17,702931,0
1206,252,879.63,703133,0
1206,159,3149.88,703213,0
1206,363,616.95,703389,0
1207,607,1158.42,703412,0
1207,1671,4155.05,703459,0
1207,1074,211.4,703609,0
1207,2298,1374.23,703926,0
1208,1685,195.12,703944,0
1208,1307,1835.26,703979,0
1209,472,291.46,704216,0
1209,2149,3931.58,704388,0
1209,1534,1067.04,704591,0
1209,2112,1694.23,704748,0
1209,1095,1075.31,704833,0
1210,13,1405.55,705187,0
1210,2035,1106.92,705468,0
1211,331,2132.86,705498,0
1212,1500,14082.79,705740,0
1213,1176,1331.54,705938,0
1213,782,1024.92,706200,0
1214,412,344.09,706546,0
1215,437,4201.21,706939,0
1215,1271,325.35,707197,0
1215,2669,3837.94,707311,0
1215,2914,1532.43,707433,0
1216,599,991.67,707826,0
1216,2078,983.31,707949,0
1216,1362,219.2,708235,0
1216,1287,280.23,708264,0
1217,880,483.18,708338,0
1217,1611,2826.67,708665,0
1217,2146,713.79,709012,0
1217,1172,258.83,709046,0
1218,1547,524.64,709241,0
1219,2402,1385.24,709589,0
1219,255,552.22,709756,0
1220,35,201.72,710013,0
1220,2068,1622.69,710391,0
1220,2294,2678.19,710546,0
1220,2476,2009.84,710833,0
1221,590,1740.2,711192,0
1221,1625,752.58,711449,0
1221,2681,8245.0,711731,0
1221,605,2627.89,711748,0
1222,359,899.46,711999,0
1222,368,212.27,712091,0
1222,2942,9454.05,712120,0
1222,1559,3948.09,712446,0
1223,828,695.79,712562,0
1223,1881,3318.62,712928,0
1223,519,469.7,713061,0
1223,1836,844.31,713372,0
1223,984,1175.78,713505,0
1224,912,3260.59,713508,0
1224,321,11228.29,713760,0
1225,422,862.19,713876,0
1225,37,223.11,713931,0
1225,1475,1019.4,714095,0
1225,521,774.57,714195,0
1225,1168,1399.12,714467,0
1226,1695,500.66,714770,0
1226,1610,1108.56,714907,0
1227,813,12345.5,715072,0
1227,1559,952.7,715358,0
1227,2721,718.82,715676,0
1227,1474,415.32,716047,0
1228,2297,690.25,716441,0
1228,1214,2626.31,716577,0
1228,210,5221.68,716783,0
1228,1490,2323.79,717024,0
1228,488,7205.85,717051,0
1229,38,5134.75,717110,0
1229,1529,573.48,717310,0
1229,2164,1973.72,717581,0
1230,938,1658.79,717948,0
1231,2100,247.7,717993,0
1231,2048,690.37,718299,0
1232,668,276.36,718442,0
1232,287,772.76,718667,0
1232,1539,497.03,718856,0
1233,1573,1285.87,718907,0
1233,1252,1383.04,718994,0
1233,1952,1677.21,719015,0
1234,2109,2330.37,719260,0
1234,2362,184.8,719448,0
1234,12,2747.03,719603,0
1234,2543,309.45,719891,0
1235,1521,735.43,720021,0
1236,157,301.01,720079,0
1237,2763,355.68,720238,0
1237,835,722.3,720416,0
1237,528,719.23,720591,0
1238,2441,271.13,720971,0
1238,1969,804.49,721213,0
1238,2653,317.11,721464,0
1239,1641,514.0,721734,0
1239,443,2879.41,721870,0
1240,2149,3462.73,722229,0
1241,490,351.85,722246,0
1241,2292,967.09,722460,0
1241,1233,183.15,722522,0
1241,1964,1039.4,722762,0
1242,2146,3186.96,722890,0
1242,418,1735.39,723144,0
1242,2004,772.52,723285,0
1243,938,2327.9,723590,0
1243,1493,2154.51,723803,0
1243,32,136.52,724006,0
1243,1449,894.36,724191,0
1243,564,3811.94,724493,0
1244,2551,1943.26,724566,0
1244,1191,1505.79,724767,0
1245,2210,915.83,724875,0
1245,1683,1799.58,724937,0
1246,262,306.07,725133,0
1246,304,1221.19,725419,0
1247,304,1168.34,725460,0
1247,1859,2785.32,725674,0
1247,2581,692.22,725842,0
1247,1344,839.69,726104,0
1248,2621,233.89,726352,0
1248,2501,629.41,726541,0
1248,700,9357.58,726916,0
1248,2989,552.79,727037,0
1248,2181,612.89,727434,0
1249,18,10684.4,727676,0
1249,1593,1323.35,728071,0
1250,2349,758.57,728272,0
1250,2773,722.65,728366,0
1251,461,743.9,728440,0
1251,1335,220.57,728471,0
1251,2174,1352.31,728688,0
1251,572,629.98,728790,0
1252,1266,1617.26,729185,0
1253,940,2859.12,729338,0
1253,1693,504.66,729632,0
1254,1775,1910.43,729937,0
1254,1547,334.66,730014,0
1254,1068,4366.57,730165,0
1254,2257,8756.05,730453,0
1255,2014,1456.66,730713,0
1255,1931,506.63,731064,0
1255,157,777.03,731354,0
1256,1847,1862.2,731728,0
1256,2859,1191.41,732107,0
1256,619,6268.29,732327,0
1256,1945,1144.32,732691,0
1256,1775,1215.47,732920,0
1257,2756,1351.11,733038,0
1258,707,887.21,733157,0
1258,341,1979.05,733556,0
1258,32,1236.68,733580,0
1258,1447,2376.23,733921,0
1258,2939,270.85,734309,0
1259,2844,628.38,734527,0
1259,1510,524.41,734657,0
1259,221,675.07,734914,0
1259,289,171.28,734962,0
1260,488,2370.21,735204,0
1260,2463,299.34,735377,0
1260,1020,611.77,735489,0
1261,2071,1106.34,735553,0
1261,1254,1867.71,735644,0
1261,2120,499.9,735885,0
1262,275,207.97,736208,0
1263,237,324.8,736319,0
1263,376,2752.02,736418,0
1263,2604,158.81,736633,0
1263,2529,1985.16,736720,0
1263,1907,824.79,736956,0
1264,1139,1792.63,737183,0
1264,1117,306.2,737374,0
1264,2066,1672.61,737718,0
1265,2275,712.07,738065,0
1265,252,242.93,738417,0
1265,2143,1096.05,738808,0
1265,2428,6627.6,738911,0
1265,1753,182.18,739221,0
1266,357,431.55,739314,0
1266,187,176.65,739480,0
1266,1366,407.75,739513,0
1266,2755,1234.03,739561,0
1267,1041,646.44,739764,0
1267,139,379.26,740141,0
1267,1857,3189.07,740143,0
1268,773,141.09,740529,0
1268,2106,734.83,740734,0
1268,433,431.19,740826,0
1269,2917,3268.41,741047,0
1269,1202,433.49,741160,0
1270,222,1874.81,741422,0
1270,2141,604.01,741650,0
1270,6,1094.72,741874,0
1270,457,465.95,742145,0
1271,2860,2834.32,742261,0
1271,1612,586.78,742378,0
1272,513,457.79,742596,0
1272,967,1021.02,742775,0
1272,1657,1554.6,743114,0
1272,567,7243.05,743382,0
1273,1602,1123.34,743533,0
1273,1098,929.64,743721,0
1274,247,872.97,743824,0
1274,2787,4188.33,744179,0
1274,959,3915.98,744477,0
1274,2772,454.78,744689,0
1274,1226,609.07,744767,0
1275,2969,1533.76,745146,0
1275,2961,6188.86,745397,0
1275,1054,132.54,745571,0
1275,1151,530.0,745732,0
1276,2937,764.69,745760,0
1277,479,1082.8,746001,0
1277,734,1237.01,746037,0
1277,2956,535.84,746169,0
1278,1409,1252.83,746530,0
1278,1211,713.0,746878,0
1278,1512,5461.12,747225,0
1279,2251,1260.76,747484,0
1279,2343,3723.34,747865,0
1279,2240,3715.92,748229,0
1279,2870,561.03,748232,0
1280,2787,910.63,748484,0
1280,2264,420.47,748565,0
1281,2893,480.93,748629,0
1281,2049,1583.2,748956,0
1281,2756,1410.38,749147,0
1281,586,2700.73,749390,0
1281,1617,1490.77,749679,0
1282,1752,283.68,749860,0
1282,983,912.26,750068,0
1282,2304,741.35,750125,0
1283,2122,159.5,750301,0
1283,1003,2719.68,750577,0
1283,1945,1759.39,750581,0
1283,2186,704.56,750588,0
1284,1932,1490.78,750718,0
1284,1723,690.59,751003,0
1284,1707,1280.68,751361,0
1285,2998,1388.54,751502,0
1285,576,2093.36,751544,0
1285,973,1274.03,751545,0
1285,148,302.83,751734,0
1286,2190,368.14,751892,0
1287,612,1871.16,752022,0
1287,2859,584.42,752070,0
1288,2139,2829.09,752248,0
1289,2089,893.73,752453,0
1289,1249,1296.9,752822,0
1289,608,646.84,753218,0
1290,545,1633.14,753256,0
1290,175,6596.64,753465,0
1291,2655,834.06,753479,0
1291,2937,186.83,753528,0
1291,2001,244.15,753713,0
1292,889,739.11,754011,0
1293,902,1226.3,754128,0
1293,1725,994.43,754262,0
1293,2773,1345.54,754562,0
1293,629,549.01,754588,0
1294,2155,1031.01,754856,0
1294,1382,354.05,754884,0
1294,746,777.07,754979,0
1295,574,1203.95,755241,0
1295,726,1312.97,755302,0
1295,1989,1300.0,755652,0
1295,1034,1528.21,755945,0
1295,760,3630.54,756273,0
1296,649,2577.6,756284,0
1296,285,321.72,756657,0
1297,1222,1955.81,757005,0
1298,1307,623.7,757237,0
1298,2793,5029.6,757277,0
1299,2341,289.72,757442,0
1299,2578,517.17,757580,0
1299,117,1284.22,757930,0
1299,2748,307.45,757999,0
1300,2440,431.3,758309,0
1300,2570,353.14,758472,0
1300,2530,2070.5,758543,0
1300,1741,447.54,758596,0
1301,2785,16064.65,758955,0
1301,1495,999.26,759074,0
1301,444,563.98,759252,0
1302,1660,2379.77,759304,0
1302,2415,1474.68,759420,0
1302,1691,937.0,759661,0
1302,2470,422.05,759717,0
1302,1283,2545.42,759825,0
1303,800,371.39,760177,0
1303,84,1499.58,760309,0
1304,1406,2783.43,760466,0
1304,1878,375.8,760760,0
1305,1798,1799.52,761103,0
1305,1512,608.19,761415,0
1305,2978,1288.37,761512,0
1306,578,1161.45,761590,0
1306,443,3263.34,761781,0
1306,2257,1033.24,762004,0
1306,1486,585.27,762075,0
1307,440,1859.98,762162,0
1307,1589,461.81,762376,0
1307,308,891.98,762755,0
1307,1813,2469.48,762787,0
1308,2600,5454.42,762935,0
1308,106,360.51,763242,0
1308,1377,835.32,763360,0
1308,796,976.69,763621,0
1309,1904,1732.85,763878,0
1310,2862,3220.98,764173,0
1310,2512,633.21,764379,0
1310,480,1314.53,764729,0
1310,2612,1061.89,764838,0
1310,1317,1657.15,765095,0
1311,1503,5873.88,765493,0
1311,2242,814.36,765699,0
1312,538,1862.63,766017,0
1312,2196,8352.89,766295,0
1312,666,3369.76,766579,0
1312,1421,751.89,766667,0
1312,1529,961.5,766766,0
1313,730,567.05,767105,0
1313,1891,2577.44,767419,0
1314,1695,331.9,767496,0
1314,2687,259.48,767561,0
1315,2183,1663.87,767775,0
1315,2644,329.79,768135,0
1315,270,851.28,768528,0
1315,795,5317.25,768838,0
1316,1189,2638.99,769054,0
1316,2518,3457.87,769314,0
1317,1366,11615.98,769556,0
1317,2062,9173.53,769923,0
1317,312,2364.45,770094,0
1318,2966,4568.66,770275,0
1318,2678,369.68,770352,0
1319,357,2941.9,770602,0
1319,52,917.51,770643,0
1320,1226,259.97,770740,0
1320,422,1911.68,770966,0
1320,2370,782.19,771347,0
1321,2667,1445.17,771598,0
1322,1663,495.53,771713,0
1322,799,1002.47,771796,0
1322,66,1015.88,772169,0
1322,938,5556.54,772527,0
1323,1507,1974.28,772750,0
1323,1901,501.91,772826,0
1324,2846,1199.89,772866,0
1324,2163,1905.36,773254,0
1325,1831,528.46,773493,0
1326,1091,451.56,773555,0
1326,1718,1612.76,773951,0
1327,1055,877.18,774282,0
1327,969,723.97,774421,0
1328,1337,374.5,774453,0
1329,1715,544.04,774558,0
1329,808,1243.46,774716,0
1329,1343,350.91,774768,0
1329,1425,821.8,774857,0
1329,1540,1943.29,775223,0
1330,793,2157.65,775552,0
1331,2533,5136.56,775859,0
1331,2724,823.09,775977,0
1331,375,657.68,776058,0
1331,2238,398.72,776342,0
1331,448,854.84,776367,0
1332,2486,14793.96,776687,0
1333,2596,690.99,776715,0
1334,479,349.72,777113,0
1334,2416,4234.61,777271,0
1334,356,754.07,777583,0
1334,1497,1127.47,777597,0
1334,447,4008.84,777896,0
1335,1362,483.34,777972,0
1335,2024,1123.71,778314,0
1335,1271,402.45,778668,0
1336,2014,514.44,779035,0
1336,1633,166.37,779349,0
1336,2517,756.99,779684,0
1337,670,1399.2,779987,0
1337,1495,479.02,780368,0
1337,1754,8671.2,780610,0
1338,2506,555.47,780958,0
1338,781,539.36,781234,0
1339,1192,446.55,781474,0
1339,1164,2972.93,781519,0
1339,612,674.87,781725,0
1339,473,354.75,781872,0
1340,2669,1170.82,781992,0
1340,733,7772.34,782133,0
1341,384,247.06,782391,0
1341,1956,3243.27,782786,0
1341,13,230.12,782906,0
1341,2457,528.28,782950,0
1341,2089,6231.36,783024,0
1342,1871,787.09,783054,0
1342,1355,443.28,783132,0
1342,1832,1221.49,783190,0
1342,111,771.72,783388,0
1343,77,889.89,783614,0
1343,2399,790.42,783722,0
1344,2824,350.8,783958,0
1344,2765,2254.81,783969,0
1345,13,527.23,784281,0
1346,176,1090.38,784285,0
1347,436,162.03,784292,0
1347,2215,3508.76,784581,0
1347,2664,8200.29,784893,0
1347,1657,4773.93,785264,0
1348,2852,2155.95,785514,0
1348,1282,3337.58,785693,0
1348,1220,1182.03,785836,0
1349,2584,4788.67,785975,0
1349,2483,1285.7,786279,0
1349,1656,637.45,786335,0
1349,872,499.15,786359,0
1350,644,1539.85,786721,0
1350,2343,255.0,786886,0
1350,1144,233.74,787087,0
1351,1255,485.24,787138,0
1351,1023,295.28,787537,0
1351,1444,4130.63,787558,0
1351,2572,2542.1,787755,0
1352,1767,1621.21,787829,0
1352,1126,1413.95,788161,0
1352,1629,632.09,788533,0
1352,2841,352.96,788875,0
1352,356,977.75,789123,0
1353,1687,275.81,789325,0
1354,380,1904.44,789372,0
1354,1391,168.94,789522,0
1354,2395,519.19,789606,0
1354,1035,2189.23,789729,0
1355,2466,876.96,789891,0
1355,21,338.46,789955,0
1355,550,1306.73,790016,0
1355,2557,217.78,790085,0
1356,1329,3516.44,790448,0
1356,1191,817.87,790629,0
1356,2328,1240.07,790806,0
1356,1072,1821.9,790830,0
1357,2072,2256.14,790913,0
1358,459,577.51,790949,0
1359,909,7985.69,791041,0
1359,1572,568.78,791157,0
1359,552,1641.15,791497,0
1359,2208,1043.4,791514,0
1360,168,7274.89,791714,0
1361,703,347.7,791778,0
1361,2944,467.5,792149,0
1362,1787,5160.1,792394,0
1362,549,1154.96,792425,0
1362,78,1742.31,792520,0
1362,324,580.61,792911,0
1363,1063,4522.08,793100,0
1364,923,995.23,793313,0
1364,29,1657.78,793447,0
1364,1227,907.24,793615,0
1364,1342,911.0,793623,0
1364,2929,705.25,793838,0
1365,2180,186.66,794136,0
1366,1169,540.2,794211,0
1366,1972,439.5,794355,0
1366,531,856.57,794600,0
1367,2635,745.78,794622,0
1367,1155,924.29,794764,0
1367,1661,478.6,794781,0
1367,2002,53.09,794853,0
1368,1369,106.5,795218,0
1368,2219,3604.9,795301,0
1368,2171,2033.05,795412,0
1368,1653,583.72,795507,0
1369,998,1944.21,795764,0
1369,938,2631.31,796132,0
1369,393,231.93,796335,0
1369,2903,838.44,796687,0
1370,1684,566.54,796688,0
1370,2283,3504.59,796787,0
1371,48,248.57,796968,0
1372,2692,492.84,797034,0
1372,2017,366.19,797301,0
1372,140,917.01,797381,0
1372,519,946.26,797683,0
1373,420,234.77,797804,0
1373,1280,1367.99,798076,0
1373,2962,2579.81,798165,0
1374,2930,337.89,798175,0
1374,1588,108.28,798177,0
1374,2447,234.9,798283,0
1374,1827,1586.13,798672,0
1374,2840,769.84,798751,0
1375,1741,5149.46,799013,0
1375,2853,911.63,799386,0
1375,1701,273.55,799489,0
1375,2602,764.56,799817,0
1375,2998,755.37,800023,0
1376,2679,2041.83,800027,0
1376,1402,596.02,800404,0
1376,2898,891.65,800631,0
1376,2686,1893.68,800758,0
1376,1964,2422.15,800948,0
1377,1787,624.32,801259,0
1378,889,3028.46,801641,0
1379,1282,448.54,801658,0
1379,2281,1337.24,801687,0
1380,658,1141.11,802050,0
1380,1978,528.09,802370,0
1380,2949,1172.11,802574,0
1380,1866,482.9,802742,0
1381,420,339.92,802894,0
1381,888,409.8,803238,0
1381,956,728.4,803285,0
1382,185,2575.28,803588,0
1383,2744,2794.94,803927,0
1384,2348,195.44,804035,0
1384,664,848.99,804330,0
1385,2208,556.96,804443,0
1385,2352,500.98,804477,0
1385,2194,4879.04,804720,0
1385,401,980.93,804788,0
1386,900,207.78,804998,0
1387,2511,610.07,805159,0
1387,722,579.42,805390,0
1388,1533,2168.06,805661,0
1388,81,892.3,805989,0
1388,1953,495.34,806072,0
1388,2632,861.44,806244,0
1389,1893,598.45,806507,0
1389,1352,3947.25,806892,0
1389,519,4437.55,807230,0
1389,1042,384.04,807521,0
1389,778,4447.05,807838,0
1390,2474,1550.97,807851,0
1390,317,1418.06,807907,0
1390,2318,7369.83,808269,0
1391,675,213.2,808456,0
1391,8,494.97,808644,0
1392,131,1992.31,808840,0
1393,1413,3119.68,809210,0
1393,1819,4268.99,809531,0
1394,2211,692.24,809787,0
1395,897,1306.38,810139,0
1395,2750,129.65,810248,0
1396,1156,1320.35,810644,0
1396,1800,441.61,810696,0
1396,2398,2179.85,810833,0
1397,1449,2609.3,810989,0
1398,1432,467.01,811320,0
1398,2703,304.85,811666,0
1398,1306,1657.93,811787,0
1398,2479,73.86,811845,0
1398,2879,2442.36,812156,0
1399,1194,1619.34,812237,0
1399,99,380.34,812355,0
1400,186,3277.74,812460,0
1400,2652,258.78,812674,0
1400,1244,1767.03,812864,0
1400,591,1802.5,812918,0
1400,379,309.68,812934,0
1401,427,822.22,813159,0
1401,840,430.33,813238,0
1401,163,364.39,813269,0
1402,2212,593.95,813609,0
1403,2027,525.91,813900,0
1403,1952,1117.49,814002,0
1404,158,1193.69,814261,0
1404,864,3821.46,814418,0
1404,1777,1944.07,814558,0
1405,2779,1267.67,814600,0
1405,444,5285.57,814809,0
1405,791,3010.78,814878,0
1405,1182,511.25,815189,0
1405,2591,481.05,815291,0
1406,786,402.54,815330,0
1406,1903,500.25,815577,0
1406,1296,539.43,815700,0
1406,896,4136.98,815711,0
1407,525,1220.43,815976,0
1408,1273,2702.63,816149,0
1408,2345,3537.95,816297,0
1409,2250,548.39,816349,0
1409,982,207.13,816689,0
1410,308,233.12,817033,0
1410,136,746.33,817367,0
1410,1248,776.27,817757,0
1411,2500,8147.47,818051,0
1411,302,215.96,818396,0
1412,2355,1348.99,818477,0
1412,1377,5319.87,818480,0
1412,302,3168.51,818663,0
1413,2707,994.8,819017,0
1414,2558,583.84,819056,0
1414,325,174.49,819450,0
1414,2932,305.34,819569,0
1414,1466,901.65,819939,0
1414,287,1612.38,820001,0
1415,182,1960.3,820336,0
1416,354,775.54,820622,0
1416,2588,293.28,820733,0
1416,1588,1111.46,821050,0
1416,1202,646.29,821431,0
1416,499,1375.95,821726,0
1417,430,959.51,822122,0
1418,992,383.61,822338,0
1418,187,2319.55,822358,0
1418,168,4039.3,822752,0
1418,338,1862.08,822822,0
1418,1124,646.08,822971,0
1419,1916,1898.89,823343,0
1419,1975,1218.7,823606,0
1419,668,1437.6,823842,0
1419,2114,1318.16,824105,0
1419,1567,13884.18,824503,0
1420,2471,62.78,824641,0
1420,1321,3192.93,824715,0
1421,2902,261.99,824884,0
1422,598,1710.26,825124,0
1423,2017,1195.65,825511,0
1424,2759,319.15,825903,0
1424,669,1084.79,826251,0
1424,895,3227.84,826411,0
1424,2664,930.54,826808,0
1425,1831,523.53,826927,0
1425,991,2317.79,827173,0
1425,2121,392.19,827212,0
1425,1836,2371.74,827569,0
1425,1657,875.46,827671,0
1426,1373,1307.75,827674,0
1426,2571,168.0,827877,0
1426,851,995.45,827934,0
1426,2825,299.88,827954,0
1426,298,802.84,828117,0
1427,690,1366.65,828483,0
1428,2273,783.99,828802,0
1428,2631,382.61,828836,0
1428,2281,3181.72,828989,0
1428,293,2787.05,829225,0
1429,2887,548.35,829447,0
1429,1197,672.38,829841,0
1429,1447,1607.72,830154,0
1429,1823,248.31,830364,0
1429,944,1098.06,830734,0
1430,2133,1069.13,830867,0
1431,1724,260.06,831063,0
1431,624,419.38,831394,0
1431,905,327.42,831420,0
1431,587,1320.42,831472,0
1431,480,10117.2,831484,0
1432,976,1288.82,831878,0
1433,973,1207.72,832004,0
1433,2171,4378.51,832061,0
1433,970,472.37,832106,0
1434,993,2429.91,832128,0
1434,570,567.53,832476,0
1434,480,15202.83,832716,0
1434,392,122.39,832925,0
1434,995,1605.63,833073,0
1435,1669,1896.84,833259,0
1436,476,479.18,833465,0
1436,2242,1838.89,833619,0
1436,604,761.84,833667,0
1437,651,150.07,833877,0
1437,757,406.25,834143,0
1437,1839,218.6,834442,0
1437,2760,186.5,834790,0
1438,2011,294.15,835152,0
1438,2320,569.15,835309,0
1438,2355,1040.97,835483,0
1439,2499,852.16,835633,0
1439,271,514.58,835782,0
1440,1902,504.47,836038,0
1441,1516,1093.56,836259,0
1441,1888,295.29,836533,0
1441,2710,2630.01,836710,0
1442,1728,6062.51,836923,0
1442,1577,119.2,837038,0
1442,2662,1728.17,837196,0
1442,1861,2692.36,837366,0
1443,1260,192.38,837451,0
1444,822,4894.98,837713,0
1444,1200,1658.87,837756,0
1444,2826,3456.35,837907,0
1445,2852,1416.64,838202,0
1445,2727,9558.35,838552,0
1445,1053,518.5,838782,0
1445,2705,966.95,839119,0
1446,696,634.75,839324,0
1446,1782,1201.47,839612,0
1447,2517,3262.12,839843,0
1447,1533,1389.87,839938,0
1448,2785,615.56,840209,0
1448,1884,919.95,840314,0
1449,746,705.59,840621,0
1449,1775,1577.8,840778,0
1450,372,783.24,840919,0
1450,1817,478.1,840965,0
1451,66,381.13,841113,0
1451,678,2819.77,841498,0
1451,1214,445.33,841869,0
1451,1779,1520.72,842146,0
1452,1546,1322.55,842150,0
1452,2264,144.63,842472,0
1452,2382,1857.86,842743,0
1452,2899,2387.37,842865,0
1453,285,774.59,842916,0
1454,1976,955.17,843081,0
1454,1998,5905.01,843451,0
1455,2969,318.2,843622,0
1456,2213,685.37,843913,0
1456,1002,1144.81,844062,0
1457,1525,313.95,844422,0
1458,140,5211.0,844720,0
1458,0,930.55,845101,0
1458,2159,1070.35,845185,0
1459,2494,103.04,845426,0
1459,734,6050.91,845534,0
1460,1710,2896.11,845650,0
1460,33,15159.61,845853,0
1460,556,653.66,845929,0
1461,1337,3035.4,846173,0
1461,1320,1267.48,846500,0
1461,553,213.58,846864,0
1461,2499,2113.28,847050,0
1461,432,1028.74,847407,0
1462,319,606.74,847791,0
1462,1574,689.38,847900,0
1463,973,2729.49,848237,0
1464,1248,711.33,848428,0
1465,1509,865.21,848568,0
1465,1709,1346.25,848846,0
1465,34,1587.71,849068,0
1466,1436,6876.66,849224,0
1466,644,1303.33,849413,0
1466,1885,162.55,849637,0
1466,2657,261.4,849861,0
1466,1257,984.0,850120,0
1467,2659,4313.02,850273,0
1467,161,1399.28,850543,0
1467,1235,163.2,850690,0
1467,276,608.64,850731,0
1467,2807,3411.51,850951,0
1468,4,1138.06,851253,0
1468,2859,500.13,851521,0
1469,2867,5788.7,851803,0
1469,1541,511.7,852178,0
1469,2328,1900.14,852399,0
1469,36,2906.01,852625,0
1469,2000,909.56,852930,0
1470,2554,1337.49,853243,0
1470,981,93.7,853550,0
1470,1463,218.93,853757,0
1471,174,295.89,854073,0
1471,44,664.27,854426,0
1472,2545,2566.29,854759,0
1472,1336,1060.57,855086,0
1472,643,869.8,855177,0
1472,555,1074.97,855551,0
1472,2714,524.5,855614,0
1473,2627,693.51,855840,0
1473,615,2131.07,856223,0
1473,1810,3128.96,856252,0
1474,714,1318.69,856580,0
1474,2402,921.5,856683,0
1475,509,3338.3,856788,0
1475,2655,241.5,856913,0
1475,2580,4359.41,857276,0
1476,802,646.21,857401,0
1477,1131,942.01,857800,0
1477,2320,310.01,857933,0
1477,800,3344.36,857934,0
1477,2929,7004.13,858333,0
1478,2199,747.61,858443,0
1478,733,160.01,858584,0
1479,1731,413.22,858855,0
1479,810,1498.17,859192,0
1479,2890,5093.15,859525,0
1480,1177,3639.99,859763,0
1480,2766,201.9,860078,0
1480,2933,1734.85,860307,0
1480,2878,1138.09,860473,0
1481,873,1034.2,860605,0
1481,1446,204.01,860828,0
1481,1100,983.02,861194,0
1481,775,197.94,861486,0
1482,2259,1036.77,861626,0
1483,719,410.47,861900,0
1483,1432,665.43,861968,0
1483,715,526.23,862306,0
1483,2651,1544.41,862511,0
1484,2587,512.08,862908,0
1484,1614,669.4,862966,0
1484,2242,2037.87,862985,0
1484,2167,2165.17,863178,0
1484,2949,644.16,863558,0
1485,1190,3875.04,863954,0
1486,722,1279.55,863997,0
1486,1128,3221.99,864155,0
1486,1060,1194.24,864456,0
1487,1309,1185.66,864550,0
1487,1795,314.49,864808,0
1487,867,444.49,864832,0
1488,102,972.11,864990,0
1488,2258,6988.07,865275,0
1488,1700,3792.24,865446,0
1489,774,1078.27,865787,0
1489,1498,1465.77,866070,0
1489,323,995.83,866093,0
1490,1037,3648.11,866292,0
1491,1483,702.18,866688,0
1491,892,1355.76,866950,0
1492,1141,838.86,867336,0
1492,126,2389.75,867373,0
1492,2379,1886.59,867611,0
1492,869,3488.69,868007,0
1493,962,979.68,868212,0
1494,1153,3286.99,868491,0
1494,518,586.63,868693,0
1495,335,7202.48,868719,0
1495,1358,1412.06,869055,0
1495,660,840.09,869328,0
1496,793,1621.69,869659,0
1496,1200,208.87,869792,0
1496,1426,1496.61,869954,0
1496,844,2276.1,870070,0
1496,423,1902.98,870164,0
1497,1945,1088.56,870553,0
1497,1630,1815.71,870692,0
1497,2165,2216.27,870894,0
1497,1707,836.94,870910,0
1497,613,637.22,871227,0
1498,2741,898.93,871404,0
1498,408,437.25,871583,0
1498,2508,352.0,871957,0
1498,1096,1643.02,872119,0
1498,817,461.76,872391,0
1499,1269,3216.7,872730,0
1499,2840,465.09,872987,0
1499,2215,419.36,873134,0
1499,443,1024.04,873231,0
1499,2935,885.47,873448,0
1500,488,9048.02,873665,0
1500,2511,4874.46,873888,0
1501,1469,641.55,874244,0
1501,2536,1319.82,874428,0
1502,1461,295.86,874591,0
1503,2436,633.65,874654,0
1503,956,2244.84,874979,0
1503,475,494.27,875274,0
1504,175,1591.64,875457,0
1504,454,1632.19,875814,0
1505,1571,288.85,875876,0
1505,2331,3061.32,876250,0
1506,1615,365.25,876325,0
1506,1881,2674.0,876678,0
1506,2747,1170.57,876734,0
1507,334,1302.43,876769,0
1507,704,539.54,876886,0
1507,146,1160.72,877015,0
1507,2865,591.53,877359,0
1507,668,1345.85,877653,0
1508,1606,4447.86,877746,0
1508,1282,810.25,878127,0
1509,2916,35.0,878455,0
1509,2245,2783.6,878823,0
1509,43,811.41,879062,0
1509,2292,2054.86,879143,0
1510,1336,1035.62,879525,0
1510,2834,480.37,879529,0
1510,1624,1485.93,879766,0
1511,947,1059.73,879930,0
1511,2817,666.42,879971,0
1511,709,4710.35,880266,0
1511,2096,7371.11,880489,0
1511,986,1886.38,880496,0
1512,2416,598.2,880885,0
1512,2847,5232.57,881101,0
1512,7,2445.7,881391,0
1512,2422,462.26,881422,0
1513,708,1480.64,881799,0
1513,2534,949.42,882119,0
1513,1859,335.53,882201,0
1513,2495,2347.83,882362,0
1513,2934,2951.77,882602,0
1514,2988,5176.95,882856,0
1515,1350,1616.28,883017,0
1515,2234,347.53,883240,0
1515,2094,355.32,883322,0
1515,540,984.27,883471,0
1515,570,785.78,883627,0
1516,1256,996.63,883980,0
1516,826,3576.86,884292,0
1516,2623,1730.99,884330,0
1517,2869,862.53,884478,0
1517,1970,689.37,884850,0
1517,2255,918.01,884938,0
1518,1268,388.59,885261,0
1518,1114,620.24,885439,0
1518,2025,84.7,885473,0
1518,2836,399.96,885870,0
1518,2406,1585.41,886118,0
1519,1734,1633.5,886419,0
1520,1008,3941.28,886491,0
1520,2907,1420.31,886671,0
1520,2200,11703.34,886764,0
1520,1160,313.0,887021,0
1520,1378,388.62,887035,0
1521,369,3985.95,887404,0
1521,1287,399.36,887575,0
1521,1236,1769.83,887811,0
1522,434,1209.73,887966,0
1522,1282,914.47,888323,0
1522,1158,10182.84,888713,0
1523,17,1416.38,889065,0
1523,277,2356.61,889103,0
1524,1573,415.69,889354,0
1524,435,1389.91,889418,0
1524,2326,2865.27,889569,0
1524,1567,983.16,889798,0
1525,2625,1778.91,890058,0
1525,34,1001.48,890420,0
1525,2327,2971.48,890754,0
1526,367,773.27,891000,0
1526,1599,245.88,891379,0
1526,1903,1885.77,891600,0
1526,506,189.69,891805,0
1526,641,1875.88,891846,0
1527,1923,668.65,892236,0
1527,2307,1780.15,892370,0
1528,2039,542.04,892757,0
1528,1263,1583.55,892845,0
1528,2072,1186.77,893149,0
1528,2025,388.62,893227,0
1529,2026,1209.25,893367,0
1529,377,2218.92,893662,0
1530,2359,1151.32,893930,0
1530,2644,4009.27,894082,0
1531,1045,1122.5,894085,0
1532,2819,758.2,894393,0
1533,2571,1555.35,894685,0
1533,1795,787.45,894911,0
1533,2223,427.97,895306,0
1533,2380,133.62,895392,0
1533,785,221.93,895584,0
1534,2443,3045.1,895744,0
1535,2067,1252.66,896070,0
1535,2415,3655.21,896129,0
1535,2151,7161.92,896500,0
1535,1469,127.54,896783,0
1535,1015,708.37,896831,0
1536,2482,194.94,896899,0
1537,1800,1620.48,896911,0
1537,2055,1396.36,897275,0
1537,1008,412.1,897436,0
1537,2109,4556.82,897735,0
1537,1995,1633.03,897783,0
1538,1716,1981.34,897930,0
1538,2715,3452.36,898326,0
1539,138,611.79,898379,0
1539,1199,1634.45,898725,0
1539,756,1942.96,899099,0
1539,2302,1496.24,899306,0
1540,1298,761.32,899319,0
1541,2391,1888.86,899508,0
1542,142,1504.89,899849,0
1542,2532,1112.76,899986,0
1542,2348,2296.15,900257,0
1542,2054,594.9,900589,0
1542,1408,2374.67,900714,0
1543,2651,1287.38,900810,0
1543,2294,64.65,901209,0
1543,2113,413.45,901230,0
1543,1481,43.6,901594,0
1543,122,471.75,901595,0
1544,2730,984.86,901863,0
1544,512,2538.25,902119,0
1544,2678,884.49,902370,0
1545,2867,1463.56,902643,0
1545,29,775.83,902896,0
1546,1822,783.32,903151,0
1547,983,4599.87,903399,0
1548,1725,1824.35,903432,0
1548,903,1133.91,903817,0
1549,2650,355.89,903926,0
1549,857,1437.67,903965,0
1549,1992,1545.63,904336,0
1549,2833,5384.69,904701,0
1550,1078,532.59,905029,0
1550,1799,786.93,905340,0
1551,2930,1135.77,905401,0
1551,2754,2497.32,905427,0
1552,113,503.3,905723,0
1552,868,821.72,905745,0
1552,1551,540.95,905963,0
1552,1506,2155.88,906208,0
1553,2517,1315.46,906486,0
1553,1319,283.16,906858,0
1553,1285,1844.06,907025,0
1553,94,868.99,907316,0
1554,1996,969.44,907348,0
1555,2953,2634.85,907739,0
1555,2878,88.93,907812,0
1556,1454,742.66,907902,0
1556,437,3985.36,908154,0
1557,2972,765.29,908265,0
1558,951,718.04,908451,0
1558,969,1876.71,908766,0
1559,421,1220.61,908818,0
1559,2192,670.79,908998,0
1560,2322,920.46,909030,0
1560,1822,390.0,909292,0
1560,2944,1681.12,909536,0
1561,1775,492.47,909883,0
1561,2225,356.94,910269,0
1561,2782,263.52,910624,0
1562,687,980.24,910760,0
1562,790,793.74,910891,0
1562,1261,1439.56,911066,0
1562,1593,628.89,911393,0
1563,1077,1965.36,911594,0
1563,1836,3170.56,911652,0
1564,180,1257.39,911986,0
1564,2943,262.08,912207,0
1564,1565,495.28,912462,0
1564,972,2118.25,912547,0
1564,2245,511.02,912822,0
1565,2828,1034.21,912949,0
1565,2734,1428.44,912992,0
1565,487,1639.53,913280,0
1565,1632,3673.56,913367,0
1565,1934,494.2,913425,0
1566,857,208.76,913569,0
1567,2007,186.37,913814,0
1567,1028,409.93,914163,0
1567,1951,2672.91,914560,0
1567,1794,5562.0,914887,0
1567,2960,889.37,914988,0
1568,1418,901.29,915050,0
1568,1995,5530.6,915057,0
1569,165,224.06,915063,0
1569,2837,755.01,915150,0
1570,584,2620.19,915497,0
1570,1617,543.86,915728,0
1570,951,1147.46,916072,0
1570,1189,4416.62,916326,0
1571,2160,141.65,916672,0
1571,1181,1462.38,916905,0
1571,1491,3345.48,917087,0
1572,907,700.2,917367,0
1572,1447,5070.98,917734,0
1572,2298,1504.34,917919,0
1572,2177,2288.03,917964,0
1572,254,639.83,918226,0
1573,50,2470.06,918471,0
1574,2403,3465.4,918604,0
1575,1936,9700.08,918728,0
1575,1589,531.62,919094,0
1575,2069,1755.08,919386,0
1576,1884,267.07,919598,0
1577,1000,9062.01,919620,0
1577,2290,481.03,919686,0
1577,1659,1740.25,919857,0
1577,101,2039.5,919902,0
1577,2633,67.55,920044,0
1578,652,1457.4,920313,0
1578,2288,138.24,920636,0
1578,2855,3454.19,920838,0
1578,411,471.9,921010,0
1579,434,1843.06,921385,0
1579,2551,1988.75,921536,0
1579,2319,433.87,921722,0
1579,1520,1257.01,921965,0
1580,431,4760.21,922075,0
1581,1002,943.73,922303,0
1581,2781,2188.64,922317,0
1581,2636,1136.27,922670,0
1581,1535,1511.08,922884,0
1582,2025,2523.86,923197,0
1582,675,1739.34,923228,0
1583,574,859.94,923229,0
1583,2121,3156.85,923349,0
1583,958,2171.2,923450,0
1583,2302,1050.7,923756,0
1584,1865,1464.63,923945,0
1584,1667,964.45,924290,0
1584,2530,4486.9,924459,0
1584,1731,957.63,924682,0
1584,2064,1042.12,925073,0
1585,1948,137.64,925401,0
1585,2370,4200.64,925419,0
1585,1354,519.3,925690,0
1585,1242,477.21,925963,0
1585,1987,4498.08,926206,0
1586,2385,1013.8,926454,0
1586,1730,996.64,926802,0
1586,16,384.51,926967,0
1586,1549,1245.28,927148,0
1586,786,512.4,927254,0
1587,1066,1148.6,927487,0
1587,2497,781.88,927584,0
1587,632,1301.78,927776,0
1588,254,3709.47,928039,0
1588,1322,1864.96,928388,0
1588,294,790.03,928625,0
1588,1125,3420.91,928784,0
1588,2541,4212.92,929182,0
1589,147,432.91,929348,0
1589,1164,2483.95,929603,0
1589,415,635.82,929619,0
1590,1321,137.9,929650,0
1590,2800,2899.26,929947,0
1590,2976,714.65,930120,0
1590,628,228.36,930461,0
1591,638,213.17,930585,0
1591,2335,2966.0,930860,0
1591,379,1744.48,931091,0
1591,1842,1116.89,931152,0
1592,1318,613.86,931434,0
1592,9,530.67,931655,0
1592,2074,3114.77,932044,0
1593,1253,9464.35,932413,0
1593,635,392.41,932682,0
1593,139,1198.37,932988,0
1594,1740,3481.02,933291,0
1594,2293,2554.99,933603,0
1595,1685,2681.01,933798,0
1596,1366,2231.51,934136,0
1596,2987,7482.3,934166,0
1596,1686,1915.92,934211,0
1596,2839,554.98,934455,0
1596,1371,884.7,934787,0
1597,2674,2424.13,935089,0
1597,271,1276.9,935346,0
1598,32,1544.21,935616,0
1598,308,1336.81,935720,0
1599,1841,1168.89,935959,0
1600,2808,806.18,936048,0
1601,745,522.78,936302,0
1602,1418,3570.74,936455,0
1602,2546,2057.82,936457,0
1602,2657,448.9,936726,0
1603,1372,309.61,936988,0
1603,2425,6508.28,937320,0
1603,1949,1514.67,937531,0
1603,1597,932.63,937542,0
1604,154,1589.07,937856,0
1604,2258,664.68,937928,0
1604,634,624.63,938028,0
1604,2337,6599.27,938034,0
1604,174,7745.75,938073,0
1605,2274,497.7,938256,0
1605,541,5600.0,938288,0
1605,1670,1610.8,938436,0
1606,2017,1032.06,938788,0
1606,2629,565.4,938811,0
1606,961,1401.84,938841,0
1606,1430,1528.59,939133,0
1607,1056,829.61,939294,0
1608,609,4233.65,939330,0
1608,2223,365.18,939419,0
1608,1788,590.21,939776,0
1608,2134,814.29,939957,0
1608,1488,2240.11,940246,0
1609,1924,163.26,940601,0
1609,2418,6330.19,940791,0
1609,2583,1761.71,940798,0
1609,2163,1687.96,940857,0
1610,2310,2000.42,941253,0
1610,630,2485.41,941299,0
1610,1039,2123.2,941392,0
1611,308,321.32,941513,0
1611,2581,6454.44,941861,0
1612,2705,848.33,941986,0
1613,989,485.08,942071,0
1613,1324,507.99,942385,0
1613,2374,898.68,942704,0
1613,1294,6934.78,942856,0
1614,94,1718.59,943235,0
1614,2150,708.24,943537,0
1614,1041,425.42,943709,0
1615,2017,1282.33,943944,0
1615,1398,445.15,944228,0
1615,762,438.2,944300,0
1615,1156,5022.37,944372,0
1616,2211,1610.23,944719,0
1617,2399,3250.73,944744,0
1617,2396,1769.84,944949,0
1617,1173,1400.74,945122,0
1617,2745,686.5,945160,0
1618,1977,4512.43,945244,0
1618,2866,890.46,945582,0
1619,1691,494.84,945727,0
1619,218,1162.86,946054,0
1619,2575,3116.35,946186,0
1620,1540,2997.99,946404,0
1620,2928,1074.75,946486,0
1621,2528,791.68,946667,0
1621,2436,1279.86,947038,0
1621,2518,1099.57,947108,0
1621,2483,190.58,947379,0
1622,2305,1916.19,947598,0
1622,2103,1353.82,947852,0
1622,1877,2593.85,947979,0
1622,270,1332.0,948139,0
1623,1584,4800.51,948394,0
1623,475,1592.65,948617,0
1623,355,12150.3,948846,0
1623,550,5725.46,949207,0
1624,114,126.56,949363,0
1624,659,1519.73,949637,0
1624,2485,1649.54,949808,0
1624,1981,343.24,950195,0
1625,2654,394.25,950535,0
1625,1393,5162.52,950899,0
1626,2621,311.16,951268,0
1626,2735,704.56,951397,0
1626,101,3511.13,951506,0
1626,1832,1473.43,951617,0
1626,1598,250.09,951936,0
1627,1492,463.51,951968,0
1627,1698,644.66,952136,0
1627,2522,504.03,952336,0
1628,1685,738.23,952359,0
1628,1846,3294.5,952607,0
1628,1501,2860.05,952985,0
1628,2197,1837.33,953174,0
1629,319,560.46,953554,0
1629,552,518.75,953750,0
1630,814,869.34,953990,0
1630,105,1760.86,954366,0
1630,1687,1033.88,954508,0
1630,2941,956.81,954827,0
1630,463,103.54,954875,0
1631,1420,374.15,954898,0
1631,1521,256.9,955158,0
1632,855,734.95,955438,0
1632,2002,333.55,955591,0
1633,805,240.07,955710,0
1633,2511,2183.57,955894,0
1633,2826,642.03,956264,0
1633,166,3858.27,956504,0
1633,2678,3424.47,956670,0
1634,2867,293.77,956997,0
1635,983,644.37,957328,0
1635,528,304.89,957628,0
1635,209,3243.34,957808,0
1635,724,13083.86,957869,0
1635,864,339.15,958254,0
1636,2516,4408.75,958566,0
1636,1873,726.56,958683,0
1637,2577,220.89,958984,0
1637,1179,10867.21,958999,0
1637,941,1171.0,959269,0
1637,1524,586.26,959625,0
1638,1628,2452.51,959825,0
1638,2319,1376.39,960096,0
1638,889,1085.93,960368,0
1639,986,1514.17,960513,0
1639,1625,908.77,960821,0
1639,945,983.15,960912,0
1640,1412,2356.42,960928,0
1640,1518,2510.1,961028,0
1641,1108,255.55,961348,0
1641,852,409.8,961539,0
1641,2196,589.04,961895,0
1641,271,513.7,962245,0
1642,902,1038.82,962293,0
1642,1744,750.95,962648,0
1643,481,595.41,962723,0
1643,589,1388.93,962835,0
1643,2006,1589.44,962958,0
1643,720,14063.65,963184,0
1643,2600,692.39,963289,0
1644,1094,1499.49,963348,0
1644,56,396.9,963390,0
1644,1316,1113.52,963411,0
1645,547,3338.94,963682,0
1646,2642,527.48,964003,0
1646,551,1361.66,964053,0
1646,828,497.08,964193,0
1646,2382,3017.84,964278,0
1646,480,1527.5,964341,0
1647,2828,1457.79,964652,0
1648,1590,3589.62,964861,0
1648,2721,5202.95,964905,0
1648,2175,193.34,964969,0
1648,275,1809.29,965361,0
1648,2168,669.0,965634,0
1649,710,932.25,965903,0
1649,666,518.24,966167,0
1650,310,220.4,966313,0
1650,864,392.17,966627,0
1650,911,1322.36,966844,0
1650,1793,372.49,966974,0
1651,2778,359.37,967264,0
1652,980,407.68,967662,0
1652,934,635.86,967772,0
1652,228,2462.38,968159,0
1653,2528,1043.81,968432,0
1653,1296,616.53,968440,0
1654,46,467.36,968688,0
1654,2858,965.4,968908,0
1655,173,731.0,969127,0
1655,627,874.78,969334,0
1655,218,586.43,969717,0
1656,1276,281.96,969998,0
1657,153,1543.06,970229,0
1657,485,239.58,970266,0
1658,2379,1159.41,970426,0
1659,2955,4326.63,970739,0
1659,923,548.16,970930,0
1659,2008,978.73,970939,0
1660,749,1667.82,971058,0
1660,2424,1089.86,971257,0
1660,2690,407.62,971279,0
1660,2188,571.11,971622,0
1661,989,6991.13,971763,0
1661,2859,1657.1,971807,0
1661,853,1648.46,971917,0
1661,2962,1764.04,972180,0
1662,2055,391.93,972412,0
1663,645,125.33,972674,0
1663,1736,1195.98,972862,0
1664,2561,1819.77,973002,0
1665,2779,986.66,973331,0
1665,922,1836.57,973727,0
1666,877,604.55,973881,0
1666,1772,370.19,973989,0
1667,1705,148.9,974057,0
1667,2682,591.66,974078,0
1667,2292,334.92,974456,0
1668,2388,18936.09,974652,0
1669,786,278.75,974824,0
1669,421,227.37,974874,0
1670,2959,3276.08,975138,0
1671,1627,961.61,975177,0
1671,44,466.52,975529,0
1671,668,1450.56,975539,0
1672,721,386.66,975860,0
1672,2372,1211.54,976050,0
1672,2833,1207.8,976190,0
1672,1990,442.51,976571,0
1673,938,716.51,976678,0
1673,2824,6258.68,976863,0
1673,2907,282.99,977069,0
1673,2548,3003.3,977218,0
1674,980,1074.92,977482,0
1674,999,5044.84,977782,0
1675,1483,2711.8,978051,0
1675,2074,1618.23,978141,0
1675,1839,695.48,978163,0
1675,1037,510.68,978402,0
1675,2329,2749.48,978754,0
1676,383,543.52,979009,0
1677,1644,1020.72,979271,0
1677,1205,863.7,979429,0
1678,957,2340.14,979474,0
1678,419,5397.45,979590,0
1678,2823,221.2,979676,0
1679,301,3839.04,979772,0
1679,2477,234.16,980130,0
1679,1637,2260.92,980230,0
1679,377,1605.56,980588,0
1679,157,2978.3,980967,0
1680,226,4438.05,981030,0
1680,440,316.89,981221,0
1680,909,453.79,981388,0
1680,2152,696.52,981767,0
1681,1676,358.46,981898,0
1681,2782,4384.93,982249,0
1681,2064,5180.62,982648,0
1681,1261,936.53,982748,0
1682,1202,2560.23,983048,0
1682,1706,4050.35,983321,0
1682,380,1055.02,983491,0
1683,1902,2288.72,983510,0
1683,2217,1263.73,983829,0
1684,2860,474.14,984190,0
1684,504,1415.68,984568,0
1684,856,710.08,984805,0
1685,2205,4125.67,985178,0
1685,231,1122.33,985426,0
1685,104,641.14,985517,0
1686,2404,423.93,985834,0
1686,1219,1047.71,986113,0
1686,645,2526.07,986450,0
1686,2259,613.62,986710,0
1686,1660,874.94,986959,0
1687,745,114.88,987320,0
1687,167,581.14,987525,0
1687,766,5558.34,987751,0
1687,605,4284.02,988073,0
1687,2025,296.91,988283,0
1688,2008,5247.8,988633,0
1688,8,1115.08,988743,0
1689,1524,531.37,988766,0
1689,925,4318.05,988999,0
1689,1313,212.5,989069,0
1690,2082,2898.23,989113,0
1690,1370,1097.01,989344,0
1691,1657,1172.63,989459,0
1692,1942,12513.12,989732,0
1692,9,754.64,989989,0
1692,1598,638.02,990249,0
1692,2390,212.92,990389,0
1693,834,483.44,990788,0
1693,1998,462.02,990799,0
1693,1127,1421.64,991173,0
1694,2561,470.22,991260,0
1694,1560,824.35,991520,0
1695,2093,1092.56,991764,0
1695,1530,346.47,992080,0
1695,453,3877.81,992162,0
1696,913,1926.53,992418,0
1696,2670,4633.59,992637,0
1696,612,528.08,992870,0
1696,1220,1405.01,993124,0
1696,989,1194.38,993295,0
1697,2261,923.06,993467,0
1697,2209,718.66,993658,0
1697,678,217.89,993822,0
1697,2147,1123.52,994013,0
1697,2764,939.08,994352,0
1698,974,339.81,994436,0
1698,1501,7212.43,994739,0
1698,771,343.47,995113,0
1698,2353,3490.89,995127,0
1699,676,839.38,995223,0
1699,598,607.49,995610,0
1699,2342,789.53,995708,0
1700,468,190.75,996099,0
1700,2397,3665.74,996185,0
1700,1248,743.8,996513,0
1700,544,981.21,996625,0
1701,397,810.92,996949,0
1701,506,119.74,997283,0
1701,715,919.58,997576,0
1702,1228,1766.18,997582,0
1703,1774,555.7,997684,0
1703,376,4561.76,998038,0
1703,659,535.67,998103,0
1703,842,835.86,998377,0
1703,2938,1024.54,998730,0
1704,1037,1920.79,999051,0
1704,50,3776.54,999172,0
1704,1680,1046.4,999563,0
1704,1858,3469.98,999604,0
1704,2924,3137.83,999833,0
1705,717,1439.92,1000223,0
1705,3,1909.05,1000483,0
1706,1811,94.87,1000814,0
1706,2128,370.51,1000841,0
1706,905,749.91,1001185,0
1706,2893,263.02,1001562,0
1707,826,348.26,1001826,0
1707,2838,14750.44,1001937,0
1707,999,948.13,1002104,0
1707,700,818.15,1002312,0
1708,2885,130.4,1002697,0
1708,2764,341.73,1002951,0
1708,2510,852.08,1003173,0
1708,2395,959.03,1003531,0
1709,1926,741.64,1003809,0
1709,1670,861.31,1003887,0
1709,539,2316.99,1004201,0
1709,231,929.43,1004424,0
1710,190,741.64,1004707,0
1710,1526,570.73,1004819,0
1711,1658,3654.4,1004822,0
1711,1385,3863.54,1004878,0
1711,1950,4336.05,1005166,0
1711,1531,1105.99,1005526,0
1711,1156,2994.27,1005796,0
1712,802,7763.03,1005842,0
1712,2540,938.97,1006074,0
1712,1372,884.91,1006171,0
1713,1484,1299.6,1006367,0
1713,1810,264.58,1006662,0
1713,43,500.0,1006854,0
1714,2138,1331.88,1007144,0
1715,2446,1122.69,1007431,0
1715,2707,1880.42,1007681,0
1715,385,375.65,1007968,0
1715,566,797.94,1008186,0
1715,1170,7887.97,1008581,0
1716,65,1400.34,1008598,0
1716,219,296.05,1008847,0
1716,2001,4906.59,1009239,0
1716,2418,1549.66,1009277,0
1716,2474,5382.19,1009409,0
1717,76,1847.06,1009717,0
1717,2082,893.65,1009802,0
1717,2398,271.99,1010044,0
1718,1845,237.57,1010368,0
1718,1510,362.31,1010413,0
1718,1302,4815.89,1010732,0
1719,1808,3986.85,1011083,0
1719,127,2639.2,1011452,0
1719,2433,612.57,1011665,0
1719,2973,1730.14,1011770,0
1719,82,587.76,1011804,0
1720,987,4031.9,1011851,0
1721,73,327.6,1012247,0
1722,779,6420.78,1012359,0
1722,1047,1364.89,1012719,0
1722,2825,396.41,1012768,0
1722,541,321.12,1013049,0
1723,1119,1182.09,1013098,0
1724,2749,7767.45,1013137,0
1724,2598,2369.44,1013407,0
1724,2913,2294.12,1013565,0
1725,696,4827.43,1013840,0
1725,1477,642.29,1014106,0
1726,1960,1854.33,1014202,0
1726,1060,1604.9,1014215,0
1726,2696,793.17,1014359,0
1726,2829,3153.97,1014688,0
1727,1842,2804.25,1014982,0
1727,1460,15938.74,1015363,0
1728,1024,1828.81,1015414,0
1728,2499,3612.58,1015486,0
1728,1039,273.26,1015601,0
1728,1889,958.03,1015797,0
1728,2918,472.22,1016100,0
1729,2049,1091.31,1016167,0
1729,1434,3023.72,1016514,0
1729,2843,1271.26,1016891,0
1729,2465,1374.08,1017114,0
1729,91,1774.46,1017371,0
1730,177,165.89,1017720,0
1730,970,1539.46,1017782,0
1731,5,299.06,1017895,0
1731,1300,514.44,1018142,0
1732,2587,1735.38,1018314,0
1732,234,439.42,1018466,0
1733,1650,218.18,1018813,0
1733,1906,585.36,1019195,0
1734,6,1449.2,1019482,0
1734,306,1439.57,1019644,0
1734,517,1107.11,1019942,0
1734,2704,392.29,1020222,0
1735,2087,1383.37,1020417,0
1735,627,1179.2,1020516,0
1736,1709,376.46,1020790,0
1737,618,2478.02,1021145,0
1737,1833,703.81,1021227,0
1737,676,7139.39,1021340,0
1738,2924,788.02,1021666,0
1738,1892,794.92,1021760,0
1738,1866,541.43,1021961,0
1738,1881,620.05,1022080,0
1739,2102,3327.6,1022278,0
1740,1095,345.18,1022629,0
1740,285,336.81,1022837,0
1740,1879,3155.72,1022851,0
1741,995,963.03,1023195,0
1741,2124,2419.08,1023257,0
1742,2815,3774.21,1023636,0
1742,1736,547.61,1023720,0
1743,323,685.81,1024093,0
1743,1176,385.46,1024324,0
1744,857,554.57,1024698,0
1744,1022,8599.91,1024732,0
1744,1342,441.34,1025059,0
1744,2244,4180.47,1025374,0
1744,1574,1762.58,1025700,0
1745,1056,1392.37,1025791,0
1745,2101,1378.21,1026076,0
1745,1319,2247.47,1026078,0
1745,1280,2626.92,1026222,0
1746,2218,274.93,1026607,0
1746,2765,691.01,1026705,0
1746,542,1115.52,1027104,0
1746,2236,591.59,1027256,0
1746,932,292.15,1027588,0
1747,326,2514.77,1027882,0
1747,907,368.33,1028089,0
1747,781,457.79,1028291,0
1747,1649,2725.47,1028487,0
1748,812,2842.67,1028814,0
1749,994,2703.18,1029123,0
1749,1392,536.24,1029384,0
1749,720,5658.13,1029776,0
1749,2727,1440.23,1030149,0
1750,930,505.53,1030352,0
1750,1352,327.61,1030533,0
1750,2684,400.07,1030681,0
1750,1551,2311.99,1030860,0
1750,2219,2745.68,1030926,0
1751,1461,1600.98,1031260,0
1751,844,320.21,1031432,0
1752,960,497.0,1031822,0
1753,2496,3532.93,1031863,0
1753,295,440.77,1031891,0
1753,222,557.8,1032171,0
1754,2584,1242.18,1032545,0
1755,937,1700.64,1032804,0
1755,2059,1095.09,1033176,0
1755,1001,780.34,1033565,0
1756,2846,882.06,1033696,0
1756,918,192.84,1034084,0
1756,1765,558.18,1034113,0
1756,1458,6836.62,1034236,0
1756,97,10785.87,1034378,0
1757,455,3924.82,1034656,0
1757,2129,1499.81,1034922,0
1758,2831,333.99,1035087,0
1758,2365,210.27,1035426,0
1758,506,842.28,1035797,0
1758,1590,1218.09,1036064,0
1758,1209,1323.62,1036444,0
1759,547,910.09,1036730,0
1759,1849,645.05,1036912,0
1759,563,624.87,1037239,0
1759,2395,2112.77,1037374,0
1759,2379,1647.66,1037744,0
1760,646,673.56,1038121,0
1760,2171,2504.93,1038503,0
1760,219,252.03,1038583,0
1760,2611,5045.86,1038943,0
1761,273,3383.51,1039023,0
1761,2950,3877.52,1039302,0
1762,1569,10241.21,1039453,0
1762,350,2312.69,1039483,0
1763,1924,274.31,1039556,0
1763,761,87.76,1039914,0
1763,251,514.97,1039971,0
1763,2660,463.34,1040121,0
1763,997,468.32,1040363,0
1764,776,4414.55,1040592,0
1764,2738,3060.69,1040755,0
1764,2800,3324.67,1041118,0
1765,2058,1863.86,1041491,0
1765,380,249.23,1041683,0
1765,2048,562.98,1041871,0
1765,304,1720.75,1042016,0
1766,1569,436.21,1042254,0
1767,525,171.27,1042320,0
1767,2842,5121.95,1042632,0
1767,467,391.78,1042762,0
1767,1347,1033.39,1042987,0
1768,1393,6966.88,1043275,0
1768,555,675.34,1043502,0
1768,1792,447.65,1043653,0
1768,741,1206.46,1043782,0
1768,890,1098.26,1044064,0
1769,1544,1742.49,1044347,0
1769,625,1309.65,1044659,0
1769,2788,1172.47,1044834,0
1769,1506,1926.1,1045146,0
1770,950,293.96,1045352,0
1770,1556,526.19,1045703,0
1771,484,1822.6,1045800,0
1771,2952,868.59,1046194,0
1771,1147,4622.7,1046535,0
1772,2951,302.8,1046712,0
1772,1275,62.6,1046910,0
1772,373,2747.27,1046949,0
1773,2641,1319.1,1046955,0
1773,2041,2398.8,1047118,0
1773,1678,2129.84,1047332,0
1774,107,334.64,1047614,0
1774,1166,3735.26,1047798,0
1774,2443,1746.68,1048009,0
1775,2059,214.15,1048257,0
1776,1180,1236.92,1048610,0
1776,2419,667.46,1048993,0
1776,2467,3046.44,1049392,0
1777,1125,2084.42,1049462,0
1777,1994,6314.7,1049719,0
1778,2974,1329.44,1049770,0
1778,142,384.1,1050021,0
1778,1343,3585.19,1050294,0
1778,627,232.21,1050485,0
1778,227,757.09,1050808,0
1779,2178,508.49,1050953,0
1779,2180,1281.0,1051153,0
1779,1410,1386.67,1051547,0
1779,2193,543.4,1051806,0
1779,2028,2086.83,1052127,0
1780,2460,4817.42,1052511,0
1781,1282,1095.94,1052844,0
1781,570,859.1,1053148,0
1781,1216,125.6,1053517,0
1781,2084,1400.33,1053901,0
1781,2109,2503.7,1054054,0
1782,2892,958.77,1054452,0
1782,2133,506.47,1054487,0
1782,1756,1532.49,1054622,0
1782,2695,716.58,1054713,0
1783,1829,371.24,1054770,0
1783,2879,561.25,1054944,0
1784,302,711.64,1055187,0
1784,435,1679.81,1055546,0
1784,286,3623.34,1055844,0
1784,621,4071.93,1055964,0
1785,1501,1005.77,1056092,0
1785,399,5997.75,1056240,0
1785,301,535.85,1056256,0
1785,707,686.66,1056495,0
1785,1020,2043.45,1056894,0
1786,60,2018.24,1057158,0
1787,154,1597.55,1057442,0
1787,2678,1210.56,1057533,0
1788,922,6401.66,1057902,0
1788,1565,379.51,1058045,0
1789,1872,1529.54,1058245,0
1789,2748,669.35,1058397,0
1789,1384,807.97,1058545,0
1789,953,994.7,1058933,0
1789,788,1376.09,1059193,0
1790,2450,1505.63,1059363,0
1791,151,263.05,1059503,0
1791,1048,206.29,1059869,0
1792,284,866.88,1060018,0
1792,1717,4693.93,1060394,0
1792,1378,782.69,1060731,0
1792,170,157.12,1061091,0
1792,257,4399.06,1061483,0
1793,838,169.41,1061824,0
1793,828,298.02,1062042,0
1794,832,227.44,1062060,0
1794,2840,2081.36,1062180,0
1794,2686,1626.3,1062396,0
1794,2754,2692.25,1062701,0
1795,461,1160.12,1063068,0
1796,1588,3310.85,1063260,0
1796,1133,521.1,1063545,0
1796,2845,11528.76,1063601,0
1796,1490,2444.29,1063946,0
1797,2134,8273.74,1064077,0
1797,1443,829.94,1064195,0
1797,1985,444.43,1064497,0
1797,2477,2666.36,1064780,0
1798,1259,1081.86,1064974,0
1798,2125,642.05,1065271,0
1798,78,468.54,1065632,0
1798,505,2534.59,1065888,0
1798,429,839.6,1065966,0
1799,377,137.9,1066183,0
1799,86,753.43,1066265,0
1799,1351,537.55,1066604,0
1799,223,2585.77,1066890,0
1799,313,1421.91,1066974,0
1800,1012,494.69,1066998,0
1800,1050,1208.92,1067077,0
1800,2283,3759.42,1067354,0
1800,763,4136.43,1067753,0
1800,1430,1131.86,1067864,0
1801,2343,4501.76,1068182,0
1801,1797,551.98,1068374,0
1801,565,2485.74,1068659,0
1801,642,2170.29,1068983,0
1801,2843,2455.33,1069330,0
1802,2910,168.54,1069708,0
1802,662,4008.67,1069928,0
1803,1398,4253.42,1069947,0
1803,1320,715.73,1070120,0
1803,1126,1135.19,1070164,0
1804,2162,431.9,1070353,0
1804,1434,5438.27,1070455,0
1805,826,2481.79,1070839,0
1805,515,2276.23,1070952,0
1805,2968,2351.32,1071191,0
1805,392,1627.72,1071238,0
1806,498,231.4,1071350,0
1806,2776,3814.26,1071595,0
1806,960,1740.9,1071630,0
1807,1990,3808.55,1071695,0
1807,274,3133.02,1071965,0
1807,1700,950.2,1072158,0
1808,2161,1455.68,1072526,0
1808,2508,1832.88,1072849,0
1808,268,2322.44,1072869,0
1808,224,2004.2,1072935,0
1808,591,945.42,1073240,0
1809,1044,168.46,1073633,0
1809,325,1607.92,1073785,0
1810,1488,5650.86,1073976,0
1810,2889,223.85,1074071,0
1810,483,260.96,1074408,0
1810,919,3979.28,1074464,0
1810,1468,1188.21,1074677,0
1811,2263,910.38,1074813,0
1811,43,1947.47,1075203,0
1811,38,716.38,1075222,0
1811,553,967.8,1075428,0
1812,162,1513.23,1075623,0
1812,1913,1828.65,1075683,0
1812,1877,3089.84,1075801,0
1813,2835,195.43,1075835,0
1814,119,4665.01,1075979,0
1814,987,2014.22,1075985,0
1815,91,13036.54,1076052,0
1815,2365,1180.01,1076371,0
1815,2941,1244.61,1076665,0
1816,2602,622.04,1076814,0
1816,1164,3043.68,1076970,0
1816,672,3707.2,1077308,0
1816,876,409.26,1077605,0
1817,2248,1100.26,1077650,0
1817,384,141.53,1077725,0
1818,77,5297.74,1077862,0
1818,1766,712.48,1078261,0
1818,836,4103.23,1078405,0
1818,829,1019.09,1078700,0
1818,609,304.41,1079052,0
1819,2337,1683.61,1079136,0
1820,1446,4815.33,1079139,0
1820,228,812.44,1079425,0
1820,2065,17092.08,1079642,0
1821,2148,766.74,1079773,0
1821,69,1185.3,1079781,0
1822,2942,1597.69,1080089,0
1822,1675,360.97,1080261,0
1822,249,13335.85,1080306,0
1822,420,772.04,1080574,0
1822,1200,326.39,1080818,0
1823,2784,1366.72,1080936,0
1823,867,2981.69,1081217,0
1823,2434,5018.94,1081413,0
1823,2506,863.8,1081430,0
1824,2638,493.35,1081605,0
1824,1550,3456.99,1081716,0
1824,624,891.08,1081814,0
1825,2001,3631.0,1082000,0
1826,1481,1233.09,1082381,0
1826,1561,3045.55,1082483,0
1826,1943,1308.04,1082631,0
1826,713,755.66,1082679,0
1827,2902,256.01,1082923,0
1827,129,549.67,1083265,0
1827,2657,1384.47,1083646,0
1827,2488,1023.34,1083960,0
1827,1158,754.52,1084250,0
1828,264,558.44,1084485,0
1828,2254,442.7,1084556,0
1828,1748,725.47,1084577,0
1828,2385,1056.49,1084951,0
1829,236,157.74,1085309,0
1829,2808,385.42,1085480,0
1829,302,3949.14,1085671,0
1830,1665,1430.01,1085855,0
1830,1136,6702.0,1086062,0
1830,1622,753.88,1086124,0
1830,492,907.99,1086189,0
1831,662,1479.34,1086347,0
1831,941,1797.72,1086566,0
1831,1117,471.5,1086739,0
1831,436,3078.57,1086930,0
1832,1837,1348.87,1087128,0
1832,1895,368.5,1087507,0
1832,311,5175.47,1087787,0
1832,2445,300.62,1088136,0
1832,2985,3315.71,1088463,0
1833,1168,252.5,1088840,0
1833,1936,1962.12,1088882,0
1833,1903,1421.02,1089044,0
1833,2659,344.2,1089266,0
1834,1546,565.28,1089363,0
1834,938,1145.75,1089563,0
1834,1027,759.44,1089939,0
1835,2552,2599.14,1090242,0
1835,2702,2200.01,1090548,0
1835,2234,10960.58,1090918,0
1836,381,1389.05,1091292,0
1837,1716,2400.38,1091665,0
1837,445,1292.8,1091810,0
1837,2075,884.49,1092007,0
1838,2759,1568.69,1092312,0
1838,2024,4211.66,1092328,0
1839,2579,1018.2,1092333,0
1840,1991,2122.79,1092540,0
1841,1029,104.33,1092703,0
1841,21,2196.48,1092961,0
1841,83,1960.35,1093262,0
1842,2419,3268.95,1093485,0
1842,2699,2215.13,1093545,0
1842,2084,531.05,1093741,0
1843,2715,2128.57,1093860,0
1843,1315,1994.17,1094110,0
1843,2502,862.59,1094192,0
1843,630,438.28,1094337,0
1844,2808,10107.44,1094357,0
1845,2222,2206.72,1094707,0
1845,1105,661.3,1094906,0
1845,2756,558.52,1095170,0
1846,2800,482.17,1095401,0
1846,2990,1457.65,1095686,0
1846,2059,916.67,1095963,0
1846,1080,1218.0,1096223,0
1847,1512,3288.3,1096463,0
1847,2066,9638.17,1096809,0
1848,1036,739.43,1097115,0
1848,1520,838.41,1097235,0
1848,405,1666.28,1097350,0
1848,1942,1053.78,1097416,0
1848,1205,538.39,1097725,0
1849,1141,1737.63,1097888,0
1850,1623,926.63,1097889,0
1850,533,883.66,1097987,0
1850,166,753.46,1098297,0
1850,159,621.79,1098623,0
1851,268,220.81,1098740,0
1851,1878,341.62,1098897,0
1851,1940,517.17,1099141,0
1851,2661,408.47,1099398,0
1852,2025,275.96,1099772,0
1852,1393,1750.09,1100040,0
1852,634,2620.68,1100047,0
1852,1303,3194.03,1100293,0
1853,2254,439.2,1100299,0
1853,114,195.03,1100657,0
1853,917,645.79,1100980,0
1853,857,2834.54,1101043,0
1853,1852,3331.21,1101311,0
1854,225,1394.16,1101618,0
1854,1628,217.52,1101673,0
1855,400,995.65,1102017,0
1855,405,4484.27,1102107,0
1855,1302,967.58,1102283,0
1855,1532,5237.86,1102546,0
1855,2672,415.01,1102835,0
1856,1322,1037.62,1103208,0
1856,1418,1446.05,1103381,0
1856,1118,1335.94,1103600,0
1857,971,1429.04,1103646,0
1858,2068,9601.95,1104037,0
1858,2453,2100.9,1104434,0
1858,864,840.85,1104808,0
1859,1404,720.36,1104870,0
1860,1591,862.51,1104974,0
1860,346,5005.38,1105203,0
1860,811,300.68,1105377,0
1860,1019,425.8,1105720,0
1860,306,235.68,1105858,0
1861,1413,2066.35,1105949,0
1861,1784,7156.41,1106101,0
1861,2536,6153.33,1106431,0
1861,2816,1578.81,1106599,0
1861,1859,1636.19,1106852,0
1862,494,7024.11,1106964,0
1863,45,1222.93,1107089,0
1863,519,19599.97,1107123,0
1863,2746,1384.57,1107416,0
1863,1409,1438.88,1107645,0
1864,555,1201.6,1107860,0
1865,2676,8286.58,1108117,0
1865,2904,1938.39,1108177,0
1865,825,561.7,1108512,0
1866,1992,511.08,1108707,0
1866,726,2081.62,1108945,0
1866,461,3006.05,1109172,0
1866,614,552.03,1109493,0
1866,681,537.89,1109621,0
1867,2052,1643.65,1109986,0
1868,539,1066.41,1110364,0
1869,1466,1438.93,1110397,0
1869,269,936.73,1110779,0
1869,602,426.56,1111158,0
1869,1696,353.31,1111477,0
1870,1915,602.45,1111603,0
1871,2615,2696.99,1111669,0
1872,1870,2768.9,1111872,0
1873,2317,103.77,1112178,0
1874,1073,698.49,1112454,0
1874,1862,959.93,1112504,0
1874,1576,1740.8,1112518,0
1874,1993,4386.6,1112624,0
1874,878,5245.43,1113018,0
1875,2766,1051.09,1113158,0
1875,1682,383.74,1113183,0
1875,139,1423.11,1113242,0
1875,1398,150.85,1113414,0
1876,1896,836.71,1113430,0
1876,2384,541.21,1113805,0
1876,2997,642.42,1113843,0
1877,1155,804.01,1113867,0
1878,836,226.83,1113982,0
1878,2857,3911.19,1114205,0
1878,2318,422.14,1114536,0
1879,2119,3164.25,1114875,0
1879,1208,1057.96,1115102,0
1879,1346,784.45,1115249,0
1879,2270,5492.8,1115368,0
1880,1087,1833.15,1115533,0
1880,49,777.64,1115645,0
1880,509,1433.48,1116020,0
1880,1944,1615.17,1116048,0
1881,639,775.29,1116303,0
1881,2474,888.57,1116677,0
1881,151,1098.52,1117044,0
1881,2,1487.29,1117239,0
1882,278,2233.33,1117293,0
1882,1678,8857.78,1117640,0
1882,1544,5376.16,1117757,0
1882,583,266.93,1117966,0
1882,2044,3678.83,1118062,0
1883,1951,10161.96,1118406,0
1883,722,259.25,1118705,0
1884,1749,3419.27,1118880,0
1884,2620,716.67,1118963,0
1884,2205,393.81,1119256,0
1885,2354,1585.06,1119330,0
1885,849,1432.0,1119348,0
1885,2651,2124.55,1119619,0
1886,810,204.39,1119854,0
1886,1567,1788.28,1119921,0
1887,1429,743.99,1120295,0
1887,2111,288.39,1120622,0
1887,2341,1720.13,1120664,0
1887,2904,438.73,1120771,0
1887,990,3495.91,1121034,0
1888,540,451.75,1121358,0
1888,2992,2836.34,1121636,0
1888,2671,3339.69,1121654,0
1888,1773,3775.76,1121803,0
1888,2623,6307.84,1122126,0
1889,1885,3746.99,1122330,0
1889,1994,632.53,1122513,0
1889,1788,95.11,1122900,0
1889,1119,727.46,1122904,0
1889,243,1741.69,1123158,0
1890,171,367.18,1123516,0
1891,690,307.43,1123576,0
1891,349,6830.84,1123778,0
1891,2294,1072.8,1123919,0
1891,1785,217.06,1124205,0
1892,1821,188.22,1124502,0
1892,1575,1562.17,1124805,0
1893,159,689.92,1125025,0
1893,941,2951.75,1125315,0
1893,1235,4125.44,1125703,0
1893,2515,1188.53,1125844,0
1894,2993,2096.35,1125907,0
1894,1541,454.66,1126111,0
1894,607,1349.46,1126209,0
1894,793,1588.28,1126228,0
1895,660,852.02,1126573,0
1895,1961,2106.81,1126702,0
1895,1637,242.52,1127051,0
1895,207,1663.46,1127335,0
1895,796,1257.56,1127651,0
1896,600,3482.57,1127779,0
1896,1514,878.13,1127953,0
1896,2836,778.21,1128115,0
1896,1606,910.39,1128211,0
1896,1226,104.26,1128526,0
1897,1208,454.58,1128744,0
1897,1202,837.31,1128900,0
1898,1045,237.76,1129253,0
1899,1805,971.67,1129457,0
1899,2256,1005.11,1129581,0
1899,1550,335.96,1129666,0
1899,2233,5030.45,1129908,0
1900,1966,3522.06,1130211,0
1901,245,1789.63,1130267,0
1901,2111,4594.14,1130553,0
1902,2601,483.6,1130831,0
1902,2983,8461.97,1131023,0
1902,525,5364.57,1131153,0
1902,19,2655.63,1131400,0
1903,772,2142.26,1131696,0
1903,355,1016.12,1131788,0
1903,954,1746.36,1131901,0
1903,1510,895.69,1131956,0
1904,1438,523.92,1132006,0
1904,2878,601.85,1132196,0
1904,1311,145.1,1132345,0
1905,84,2903.83,1132692,0
1905,172,635.43,1132695,0
1905,496,2873.32,1133076,0
1906,604,1145.78,1133288,0
1906,1904,639.26,1133505,0
1906,2033,405.58,1133902,0
1907,57,1468.3,1134206,0
1907,2831,810.94,1134217,0
1907,30,1405.59,1134231,0
1907,619,3332.42,1134439,0
1908,2637,1597.13,1134824,0
1909,2878,386.58,1135170,0
1909,1264,5688.41,1135490,0
1910,2206,1727.61,1135568,0
1911,1521,829.15,1135696,0
1912,349,272.05,1135704,0
1912,637,196.07,1135992,0
1912,2954,725.01,1136034,0
1912,1154,869.56,1136108,0
1913,2436,4548.66,1136237,0
1913,813,237.11,1136462,0
1913,178,914.47,1136473,0
1913,1518,2396.48,1136592,0
1913,2962,1106.15,1136844,0
1914,781,1439.78,1136884,0
1914,446,948.3,1136885,0
1914,1704,1928.02,1137077,0
1914,1055,1268.69,1137259,0
1915,1647,5265.56,1137576,0
1915,1924,14853.43,1137787,0
1915,3,1152.69,1137989,0
1915,810,530.57,1138367,0
1915,1448,4450.58,1138750,0
1916,1603,841.83,1139059,0
1917,2706,835.82,1139184,0
1917,48,1749.83,1139372,0
1917,61,302.22,1139719,0
1918,2360,2031.05,1140089,0
1918,1263,6996.67,1140095,0
1918,1852,2019.88,1140290,0
1919,1458,520.22,1140624,0
1919,2591,1517.37,1140684,0
1920,2222,1903.41,1140720,0
1921,2233,808.55,1140946,0
1921,957,493.4,1141175,0
1921,1636,1063.96,1141536,0
1921,2926,3590.83,1141885,0
1922,1021,1346.94,1141983,0
1922,639,305.98,1142060,0
1922,317,211.16,1142159,0
1922,1430,259.71,1142531,0
1922,2539,4114.71,1142823,0
1923,2867,1238.99,1143071,0
1924,1973,5720.01,1143246,0
1924,1602,856.95,1143411,0
1925,2241,2299.1,1143628,0
1926,2842,896.72,1143791,0
1926,1907,1594.91,1144146,0
1927,1445,821.89,1144286,0
1928,1477,3007.46,1144354,0
1928,947,2378.52,1144752,0
1928,2165,245.17,1144864,0
1929,1282,1073.22,1145255,0
1929,1484,7534.97,1145277,0
1929,1061,4507.65,1145628,0
1930,1941,3323.01,1145744,0
1930,2468,3605.36,1146027,0
1930,1230,940.05,1146158,0
1930,2401,623.73,1146431,0
1931,1690,412.47,1146540,0
1932,2746,1094.02,1146927,0
1932,1501,431.48,1147309,0
1932,1982,1099.34,1147669,0
1932,2203,956.36,1147887,0
1932,1733,7765.37,1147969,0
1933,2888,13412.28,1148220,0
1933,2880,822.68,1148493,0
1933,1036,478.95,1148755,0
1933,637,69.74,1149145,0
1934,1588,774.55,1149174,0
1934,1679,103.87,1149429,0
1934,1819,1631.12,1149799,0
1935,1072,645.32,1150068,0
1935,1631,138.95,1150368,0
1936,708,454.28,1150485,0
1936,2171,7141.1,1150798,0
1936,889,3335.73,1151134,0
1936,217,499.46,1151316,0
1936,2335,260.42,1151684,0
1937,2480,253.68,1151943,0
1937,1852,2610.77,1152237,0
1937,1023,556.08,1152274,0
1938,1768,6496.77,1152556,0
1938,635,745.04,1152663,0
1938,1260,1147.23,1152786,0
1939,2500,3381.97,1152971,0
1939,2479,2659.28,1153249,0
1940,2518,2987.74,1153395,0
1940,2001,1000.72,1153472,0
1940,2826,5119.64,1153547,0
1940,1208,1257.25,1153608,0
1940,2389,5164.96,1153912,0
1941,566,1503.78,1154242,0
1941,1738,619.73,1154364,0
1941,1610,542.16,1154441,0
1941,283,473.94,1154753,0
1942,481,938.62,1154934,0
1943,2695,938.65,1155079,0
1944,336,1442.02,1155358,0
1944,2029,1342.86,1155360,0
1944,179,610.01,1155634,0
1945,275,4719.3,1155734,0
1945,1598,1300.3,1156127,0
1945,151,3232.65,1156396,0
1945,2636,291.58,1156596,0
1945,1849,715.91,1156831,0
1946,54,9864.45,1156930,0
1946,1764,3516.03,1157094,0
1946,1588,2052.22,1157438,0
1946,2458,1378.85,1157600,0
1947,506,672.61,1157821,0
1947,1984,1558.84,1158047,0
1947,2993,3641.89,1158131,0
1948,225,3515.76,1158495,0
1948,1740,1980.7,1158826,0
1948,331,835.27,1159204,0
1949,2960,253.62,1159561,0
1949,1633,1232.1,1159589,0
1949,1965,1870.66,1159789,0
1949,1423,665.95,1159840,0
1950,95,239.48,1159957,0
1950,1236,622.02,1160097,0
1950,1214,1597.6,1160319,0
1950,105,1522.14,1160417,0
1951,612,138.85,1160712,0
1952,1150,1824.81,1161038,0
1953,2912,6029.27,1161294,0
1954,2676,729.06,1161610,0
1954,2512,605.92,1161819,0
1954,210,1638.57,1161891,0
1955,2997,2788.49,1162080,0
1955,545,3023.07,1162138,0
1956,2614,9256.05,1162251,0
1957,1508,529.31,1162456,0
1957,2662,504.29,1162826,0
1957,2113,1683.54,1163145,0
1957,110,801.81,1163368,0
1957,759,3831.32,1163404,0
1958,605,150.3,1163735,0
1959,1156,5724.66,1163758,0
1959,131,2989.51,1163994,0
1959,1476,277.09,1164049,0
1960,2340,4196.6,1164435,0
1960,637,837.33,1164620,0
1961,1992,3213.0,1164799,0
1961,1316,872.03,1164957,0
1962,2548,1272.37,1165031,0
1962,1582,844.56,1165402,0
1962,1450,759.8,1165480,0
1962,951,372.43,1165837,0
1962,2126,2063.81,1166021,0
1963,735,1694.54,1166341,0
1963,1692,1022.96,1166479,0
1964,384,3046.62,1166870,0
1965,2752,4241.47,1167113,0
1965,235,897.08,1167304,0
1965,1465,3623.16,1167441,0
1965,1802,820.2,1167522,0
1966,2464,894.3,1167725,0
1967,667,385.68,1168013,0
1967,415,503.55,1168104,0
1967,895,928.25,1168494,0
1968,1863,10824.17,1168514,0
1968,1111,267.99,1168739,0
1969,546,1257.29,1168958,0
1969,1085,91.66,1169235,0
1969,2050,471.2,1169487,0
1969,2104,7012.25,1169883,0
1969,116,844.01,1170040,0
1970,96,1701.02,1170351,0
1971,2798,25790.36,1170743,0
1971,1403,899.77,1170929,0
1972,538,1799.73,1171152,0
1972,265,1734.26,1171506,0
1973,1904,1639.03,1171727,0
1974,1583,493.79,1171864,0
1974,951,1126.15,1172061,0
1974,1208,738.02,1172225,0
1974,1621,3974.85,1172417,0
1975,120,1762.32,1172790,0
1975,1336,954.49,1172980,0
1975,728,705.47,1173112,0
1975,2947,588.29,1173497,0
1975,94,2188.93,1173607,0
1976,1599,1226.89,1173702,0
1976,2120,557.93,1173934,0
1976,1270,133.12,1174118,0
1976,2720,2315.68,1174246,0
1976,1954,1188.23,1174568,0
1977,485,4558.94,1174765,0
1977,2923,890.79,1175053,0
1978,1467,3844.98,1175386,0
1979,1621,817.61,1175474,0
1979,1290,292.69,1175849,0
1979,898,2383.04,1175899,0
1979,2617,2032.88,1176203,0
1979,137,1461.49,1176451,0
1980,2213,668.15,1176850,0
1980,1137,1937.91,1176897,0
1980,1646,1592.51,1176982,0
1981,2629,172.3,1177365,0
1981,2581,6783.43,1177597,0
1981,1788,17980.01,1177949,0
1981,1519,280.22,1178128,0
1982,1993,473.62,1178283,0
1982,589,90.96,1178641,0
1982,1683,423.97,1178646,0
1982,2677,762.53,1178846,0
1983,183,1165.54,1179237,0
1983,2051,778.09,1179569,0
1983,953,4269.18,1179748,0
1983,446,7540.19,1179945,0
1984,224,768.16,1180148,0
1985,2249,3276.56,1180516,0
1985,1299,286.98,1180908,0
1985,1595,132.09,1181119,0
1985,2929,918.46,1181380,0
1986,2148,1367.58,1181679,0
1986,678,4391.51,1181773,0
1987,1251,1257.26,1182099,0
1987,2133,1334.08,1182413,0
1987,2647,6732.85,1182778,0
1987,249,1979.24,1182779,0
1988,166,943.81,1183053,0
1989,2737,814.34,1183312,0
1990,1811,520.16,1183353,0
1990,1877,1358.96,1183602,0
1991,1446,1142.58,1183817,0
1991,456,990.98,1183917,0
1991,1489,717.4,1184109,0
1991,1780,2017.65,1184368,0
1991,1536,1123.27,1184708,0
1992,1324,231.22,1184907,0
1992,1202,2708.24,1185284,0
1992,422,717.36,1185355,0
1992,2416,760.91,1185663,0
1993,1138,1024.06,1185707,0
1993,2905,1400.17,1185958,0
1993,2818,1161.15,1186190,0
1993,1474,1065.01,1186560,0
1993,1495,6275.3,1186852,0
1994,2978,1623.11,1187039,0
1994,184,1132.91,1187135,0
1995,1780,5696.0,1187275,0
1995,276,610.63,1187584,0
1996,2752,1081.78,1187950,0
1996,2885,890.99,1188087,0
1996,1487,332.29,1188250,0
1996,2046,4459.1,1188417,0
1996,521,388.11,1188508,0
1997,343,1541.38,1188753,0
1997,1158,1807.17,1189060,0
1998,473,12247.52,1189151,0
1998,388,5653.03,1189441,0
1999,1024,1815.46,1189491,0
2000,2205,1118.89,1189877,0
2000,2641,378.81,1189970,0
2001,2970,380.15,1190238,0
2001,297,1558.82,1190404,0
2001,1853,1175.43,1190647,0
2002,1102,662.84,1191020,0
2002,2785,986.27,1191192,0
2003,929,439.65,1191498,0
2003,996,1076.47,1191603,0
2003,854,650.46,1191854,0
2003,2743,2719.54,1192208,0
2003,1650,3595.76,1192355,0
2004,312,864.01,1192659,0
2004,1525,631.03,1192781,0
2004,1360,1778.12,1192792,0
2004,2942,290.14,1193073,0
2004,1965,1119.9,1193418,0
2005,1934,899.06,1193754,0
2005,2017,246.64,1193992,0
2005,161,2833.8,1194194,0
2005,623,396.1,1194249,0
2005,850,7723.83,1194559,0
2006,2299,2220.89,1194864,0
2006,2596,1705.66,1194966,0
2007,1847,1429.65,1195014,0
2008,147,771.69,1195330,0
2008,2589,3802.22,1195357,0
2009,2754,1565.02,1195470,0
2009,1198,293.84,1195826,0
2009,1162,3505.47,1196203,0
2010,2790,4084.92,1196274,0
2010,922,1939.8,1196572,0
2010,2540,3272.25,1196681,0
2010,27,13173.63,1197065,0
2011,1,897.68,1197412,0
2011,1368,2979.63,1197696,0
2011,1274,2754.38,1198066,0
2011,936,1317.66,1198284,0
2011,2500,2713.01,1198643,0
2012,1605,796.02,1198880,0
2012,2807,1343.59,1199251,0
2012,292,211.73,1199509,0
2013,1588,2116.17,1199557,0
2014,2506,1788.43,1199892,0
2014,238,226.65,1200220,0
2015,1189,2126.61,1200580,0
2015,2523,406.02,1200786,0
2015,2601,1322.17,1201144,0
2015,2595,1652.21,1201430,0
2015,22,224.6,1201446,0
2016,1357,548.39,1201769,0
2016,1339,322.75,1202125,0
2017,2551,9815.4,1202482,0
2017,2965,2069.37,1202724,0
2018,484,1603.47,1203078,0
2018,2332,259.21,1203432,0
2018,237,1036.63,1203733,0
2018,2875,393.78,1204095,0
2019,350,267.17,1204146,0
2019,1225,834.46,1204211,0
2020,205,1172.89,1204274,0
2020,155,2872.61,1204673,0
2020,1256,4550.85,1204934,0
2020,1150,3405.65,1205203,0
2021,2500,2095.25,1205580,0
2021,1919,3708.27,1205621,0
2021,1575,507.39,1205714,0
2022,291,273.89,1206000,0
2022,410,179.35,1206277,0
2022,832,1267.26,1206278,0
2023,2258,1901.2,1206482,0
2023,1508,976.24,1206801,0
2024,1609,4017.85,1206944,0
2024,1410,1533.7,1207089,0
2024,1685,2322.0,1207211,0
2024,698,605.0,1207386,0
2024,245,967.97,1207514,0
2025,554,584.57,1207896,0
2025,249,8566.04,1208235,0
2025,1486,402.53,1208631,0
2025,944,1359.29,1208918,0
2025,2870,1434.43,1209179,0
2026,2908,614.96,1209300,0
2026,1485,5479.7,1209486,0
2027,1056,610.98,1209795,0
2027,377,1220.11,1210027,0
2027,2220,367.25,1210414,0
2027,1200,492.85,1210420,0
2027,2356,727.18,1210737,0
2028,2253,1739.61,1210798,0
2028,1809,1446.63,1210950,0
2029,116,204.04,1211250,0
2030,676,1263.74,1211583,0
2030,108,821.12,1211789,0
2030,2888,2226.23,1211934,0
2030,1212,1483.44,1212025,0
2030,2540,541.68,1212357,0
2031,290,696.27,1212538,0
2031,1176,3598.75,1212565,0
2031,300,328.75,1212751,0
2031,1527,2097.58,1213080,0
2031,672,749.28,1213469,0
2032,2117,364.67,1213475,0
2033,2506,2112.11,1213669,0
2034,683,741.36,1213682,0
2035,614,1165.91,1213736,0
2035,2297,2742.65,1214086,0
2035,1753,1849.1,1214266,0
2036,1521,566.17,1214535,0
2036,708,1252.65,1214770,0
2037,2794,488.56,1214776,0
2037,552,696.92,1214840,0
2037,1387,1662.68,1214975,0
2037,2384,6385.44,1215163,0
2037,287,126.55,1215419,0
2038,1935,1561.85,1215613,0
2038,1952,562.0,1215790,0
2038,1923,211.93,1216116,0
2039,535,553.75,1216397,0
2039,1915,1935.07,1216426,0
2039,2829,1338.89,1216541,0
2040,2067,607.1,1216763,0
2040,490,635.51,1216959,0
2040,1632,3310.49,1217047,0
2040,549,1854.15,1217342,0
2041,1363,3375.49,1217651,0
2041,1817,560.5,1217802,0
2041,2280,1904.4,1217909,0
2041,2186,474.6,1218181,0
2042,449,1347.24,1218549,0
2042,2970,820.5,1218644,0
2043,967,2938.48,1218842,0
2043,771,230.21,1218948,0
2044,2823,659.62,1219006,0
2044,993,227.82,1219191,0
2044,1090,343.32,1219589,0
2045,2569,82.51,1219935,0
2046,1053,842.52,1219978,0
2047,1442,924.59,1220352,0
2047,2933,474.91,1220359,0
2048,2827,4362.44,1220559,0
2048,2195,734.72,1220602,0
2048,1927,765.09,1220845,0
2048,586,829.63,1221160,0
2048,284,1383.04,1221259,0
2049,969,7043.73,1221317,0
2050,127,1843.87,1221594,0
2050,2105,400.69,1221903,0
2051,19,626.76,1222256,0
2051,2620,3990.36,1222499,0
2052,1140,1543.74,1222661,0
2052,1725,1531.84,1222691,0
2052,1062,359.68,1222824,0
2053,2924,3692.34,1222875,0
2053,2340,2176.43,1223152,0
2053,763,387.21,1223177,0
2053,106,330.28,1223324,0
2053,1045,350.58,1223593,0
2054,2039,6490.6,1223855,0
2054,2200,1692.1,1224040,0
2054,1252,2157.03,1224350,0
2055,955,184.81,1224675,0
2055,1223,244.34,1224722,0
2055,2720,6284.06,1224890,0
2055,1347,2280.86,1225132,0
2056,1569,5674.73,1225280,0
2056,437,1611.68,1225489,0
2056,1780,4010.61,1225550,0
2057,774,708.17,1225559,0
2057,2893,459.52,1225839,0
2057,673,438.34,1226021,0
2057,1167,1582.64,1226277,0
2058,358,1786.26,1226309,0
2059,1824,368.79,1226510,0
2060,2853,5977.08,1226633,0
2060,1844,236.66,1226663,0
2061,1218,2208.81,1226756,0
2062,2346,2032.37,1226857,0
2062,2758,371.51,1227048,0
2063,1981,201.12,1227187,0
2063,2709,7133.43,1227357,0
2064,1624,7372.36,1227464,0
2064,159,1518.03,1227713,0
2064,624,1377.92,1227943,0
2064,2507,1096.7,1227950,0
2064,2166,1273.68,1228089,0
2065,2378,608.34,1228101,0
2065,307,950.75,1228136,0
2065,476,3327.72,1228403,0
2065,1096,928.21,1228647,0
2066,1070,2563.66,1228864,0
2066,2678,2953.81,1229252,0
2066,1556,240.09,1229496,0
2066,1204,641.1,1229511,0
2066,1528,1367.82,1229598,0
2067,2991,256.48,1229993,0
2068,2399,2795.08,1230218,0
2069,182,383.79,1230602,0
2070,1260,337.08,1230774,0
2071,411,1291.08,1231042,0
2071,1563,1250.35,1231379,0
2072,2786,1467.35,1231610,0
2072,2895,2006.82,1231764,0
2072,920,355.96,1231942,0
2072,1479,522.06,1232254,0
2072,2242,950.19,1232381,0
2073,1723,829.26,1232723,0
2074,2290,975.83,1232897,0
2074,1195,1526.15,1232993,0
2074,1324,2488.83,1233280,0
2074,852,61.79,1233568,0
2075,1106,4791.44,1233961,0
2075,1909,7277.69,1234279,0
2075,868,268.36,1234537,0
2076,1688,1491.19,1234598,0
2076,2516,980.14,1234714,0
2077,251,1312.24,1235080,0
2078,2087,5510.56,1235317,0
2079,807,164.18,1235634,0
2079,1707,157.1,1235947,0
2079,1665,1380.42,1236213,0
2079,2726,1060.54,1236324,0
2080,2255,2373.48,1236708,0
2080,1203,1185.09,1236739,0
2081,2465,845.22,1237125,0
2081,1620,1636.74,1237401,0
2081,1720,3590.8,1237560,0
2081,687,2348.44,1237854,0
2081,1193,2153.77,1237906,0
2082,1204,1270.0,1238026,0
2083,1900,2867.82,1238039,0
2083,201,2235.38,1238106,0
2084,1636,2214.82,1238453,0
2085,202,4890.34,1238821,0
2085,508,4983.25,1239108,0
2085,918,6977.3,1239500,0
2085,2419,1982.54,1239716,0
2086,1924,1103.59,1240035,0
2087,470,393.72,1240100,0
2087,605,2520.64,1240387,0
2087,970,1067.82,1240722,0
2087,1959,4912.21,1240816,0
2087,2114,1064.48,1240943,0
2088,2175,993.07,1241007,0
2088,1231,5713.73,1241248,0
2088,2197,1061.12,1241601,0
2089,971,1224.27,1241796,0
2089,2433,9346.78,1241955,0
2090,2413,1368.75,1242159,0
2090,36,6327.24,1242400,0
2090,2038,2230.14,1242764,0
2091,673,384.94,1243163,0
2091,1173,1257.05,1243561,0
2092,186,366.16,1243623,0
2092,889,573.68,1243626,0
2092,458,455.93,1244001,0
2093,698,1552.57,1244030,0
2093,1449,374.58,1244327,0
2093,2426,455.68,1244387,0
2094,1394,1001.18,1244494,0
2094,784,513.47,1244690,0
2094,2764,1375.48,1244904,0
2095,1920,778.99,1245178,0
2095,327,870.35,1245247,0
2095,2929,489.63,1245468,0
2095,2814,1003.5,1245597,0
2096,1575,348.89,1245672,0
2096,2912,905.16,1245961,0
2096,872,857.39,1246196,0
2097,994,795.72,1246551,0
2098,935,300.13,1246873,0
2098,550,2145.2,1246892,0
2099,402,429.38,1247210,0
2099,100,2542.35,1247512,0
2099,2643,745.19,1247909,0
2099,339,661.59,1248219,0
2100,360,779.52,1248353,0
2100,2071,984.2,1248367,0
2100,1824,1809.52,1248443,0
2100,881,2253.13,1248576,0
2101,692,243.16,1248604,0
2101,508,780.46,1248660,0
2101,1796,8145.88,1248891,0
2101,2746,640.43,1248918,0
2101,2645,391.21,1249184,0
2102,1502,1436.79,1249523,0
2103,126,886.17,1249635,0
2103,1653,4711.12,1249938,0
2103,1795,1106.28,1249948,0
2103,841,693.5,1250163,0
2103,2638,1390.92,1250489,0
2104,51,198.84,1250852,0
2104,2499,279.82,1250886,0
2104,2955,1133.29,1250940,0
2104,2007,667.65,1250959,0
2104,2807,332.19,1251045,0
2105,2215,810.83,1251157,0
2105,1413,142.92,1251492,0
2105,1461,512.11,1251659,0
2105,1521,1404.27,1252017,0
2106,311,1294.94,1252108,0
2106,2003,856.63,1252288,0
2106,806,1954.19,1252485,0
2106,1338,906.38,1252818,0
2106,1436,4131.98,1253033,0
2107,1503,2644.1,1253135,0
2107,2673,2654.4,1253199,0
2107,1409,1722.23,1253356,0
2108,2256,994.13,1253446,0
2108,2518,619.37,1253516,0
2108,924,1543.42,1253872,0
2108,864,421.44,1254061,0
2108,286,4419.02,1254063,0
2109,500,2593.48,1254343,0
2109,2073,1275.58,1254648,0
2110,1336,774.17,1254876,0
2110,2841,200.12,1255015,0
2110,2578,332.21,1255350,0
2110,798,4454.61,1255485,0
2111,327,218.19,1255489,0
2111,2758,2608.48,1255746,0
2112,1442,790.01,1255965,0
2112,779,406.74,1255972,0
2112,890,2110.95,1256356,0
2113,1580,3453.48,1256709,0
2113,1232,8384.59,1256898,0
2113,49,2367.25,1257088,0
2114,711,617.01,1257177,0
2114,2780,960.27,1257345,0
2115,818,2142.93,1257626,0
2115,1990,380.49,1257649,0
2115,886,1919.27,1257812,0
2115,957,1044.17,1258090,0
2115,42,400.23,1258302,0
2116,2131,191.08,1258414,0
2116,217,1708.58,1258740,0
2116,1727,307.75,1258882,0
2116,1470,194.85,1258893,0
2116,2761,475.94,1258977,0
2117,2856,1289.25,1258983,0
2117,446,1605.27,1259200,0
2118,40,469.03,1259389,0
2118,2320,966.65,1259691,0
2119,111,1546.74,1259913,0
2119,2708,123.82,1260276,0
2120,289,285.86,1260561,0
2121,824,7399.5,1260771,0
2121,1897,2242.04,1261099,0
2121,1013,765.94,1261334,0
2121,309,374.46,1261721,0
2122,2458,1663.76,1262043,0
2122,2631,401.26,1262275,0
2122,1936,357.06,1262565,0
2123,1552,407.11,1262882,0
2124,30,297.69,1263049,0
2124,2734,616.7,1263203,0
2124,2057,2668.3,1263381,0
2125,2693,3646.18,1263435,0
2126,364,4849.17,1263554,0
2127,1925,3040.72,1263850,0
2128,453,2642.06,1263946,0
2128,1486,8679.96,1264046,0
2128,1891,2576.42,1264102,0
2128,1669,4839.78,1264211,0
2129,380,1740.29,1264254,0
2129,654,1681.54,1264419,0
2129,419,222.97,1264422,0
2129,775,2691.13,1264530,0
2130,946,2334.93,1264747,0
2131,42,9149.68,1264841,0
2131,212,323.69,1264996,0
2132,1546,438.51,1265172,0
2132,1048,486.54,1265485,0
2132,2790,2224.31,1265631,0
2132,2144,82.33,1265947,0
2133,2704,820.79,1266069,0
2134,2682,1068.86,1266351,0
2134,1814,764.62,1266744,0
2134,2968,940.75,1267084,0
2134,2695,322.2,1267374,0
2135,2521,927.73,1267462,0
2136,1581,3165.88,1267776,0
2137,2958,1397.01,1268093,0
2137,1944,854.48,1268185,0
2138,2188,1618.11,1268194,0
2138,2041,1668.38,1268511,0
2139,1310,2717.46,1268873,0
2140,586,1080.38,1268929,0
2140,1054,3952.75,1269076,0
2140,566,3396.09,1269125,0
2140,2080,1047.35,1269365,0
2141,2320,2699.42,1269750,0
2142,1088,1139.28,1270096,0
2143,883,3774.71,1270257,0
2143,2986,1288.43,1270486,0
2143,1156,2103.82,1270868,0
2144,1616,954.0,1271224,0
2144,1744,2392.45,1271512,0
2144,476,1376.21,1271527,0
2144,639,589.38,1271541,0
2145,32,1982.74,1271678,0
2145,485,510.24,1271700,0
2145,1678,507.91,1272007,0
2146,1451,1847.17,1272328,0
2146,333,2718.06,1272539,0
2146,2911,411.1,1272831,0
2147,1343,159.0,1272865,0
2148,16,901.99,1273087,0
2148,1819,2002.51,1273433,0
2149,1250,609.01,1273471,0
2149,1430,2297.05,1273472,0
2150,81,652.37,1273647,0
2150,1424,113.14,1273858,0
2150,2444,1906.74,1274249,0
2150,213,982.69,1274414,0
2150,1030,4749.16,1274694,0
2151,1218,218.29,1274699,0
2151,299,4231.86,1275038,0
2151,1966,647.07,1275151,0
2152,2531,603.51,1275509,0
2152,2309,1840.14,1275547,0
2152,1561,5572.89,1275721,0
2152,2760,491.15,1275977,0
2153,2233,5961.96,1276077,0
2153,1853,283.93,1276420,0
2153,1479,516.22,1276658,0
2153,1725,376.12,1276864,0
2154,2661,1469.97,1277092,0
2154,1524,1636.34,1277424,0
2154,279,1016.77,1277823,0
2155,1020,3379.93,1277924,0
2155,113,612.32,1278061,0
2155,2471,316.76,1278183,0
2155,2960,1698.13,1278359,0
2156,2523,1876.39,1278590,0
2156,713,363.96,1278926,0
2157,2310,765.59,1279170,0
2157,1268,1095.4,1279508,0
2157,2704,4390.89,1279723,0
2158,996,3474.61,1280078,0
2159,1335,4344.91,1280402,0
2159,1378,3508.06,1280494,0
2160,2097,1272.76,1280714,0
2160,1696,1329.25,1281058,0
2161,1482,221.58,1281431,0
2161,2920,1265.04,1281552,0
2161,2128,2349.51,1281554,0
2162,2459,514.36,1281732,0
2162,2198,2781.49,1281817,0
2162,218,4368.32,1281820,0
2163,1445,4580.8,1281996,0
2163,1795,2723.39,1282331,0
2163,1185,391.85,1282354,0
2163,1043,1870.5,1282381,0
2163,1114,4794.08,1282575,0
2164,1459,1933.11,1282885,0
2165,152,139.52,1283051,0
2165,224,644.56,1283347,0
2166,2025,501.27,1283395,0
2167,1304,952.35,1283614,0
2167,615,534.99,1283808,0
2167,648,456.84,1283950,0
2167,1591,761.55,1284221,0
2167,2498,565.31,1284588,0
2168,2513,3645.09,1284672,0
2168,944,850.16,1284981,0
2169,332,1177.35,1285315,0
2170,840,3615.72,1285475,0
2170,787,5858.05,1285687,0
2170,2090,1669.74,1285879,0
2170,1896,3552.01,1286225,0
2170,1742,1376.35,1286554,0
2171,2829,2522.64,1286868,0
2171,1534,1139.99,1286970,0
2171,666,413.45,1287247,0
2171,2110,2979.38,1287286,0
2172,2217,2914.43,1287431,0
2173,394,2317.94,1287649,0
2173,2138,170.39,1287966,0
2173,1913,321.39,1288084,0
2173,2954,2210.85,1288297,0
2174,319,505.1,1288367,0
2174,2094,1299.34,1288705,0
2174,846,616.74,1288789,0
2174,2314,1187.22,1289077,0
2174,2389,598.84,1289448,0
2175,692,6120.29,1289538,0
2175,2758,3091.28,1289558,0
2175,247,112.76,1289640,0
2175,2091,1142.44,1289753,0
2175,940,2170.72,1290025,0
2176,1689,1330.52,1290070,0
2176,2292,2461.36,1290403,0
2176,1929,3214.43,1290670,0
2176,1761,4890.64,1290725,0
2176,2350,192.25,1291076,0
2177,2243,2520.63,1291288,0
2177,1829,1055.74,1291588,0
2178,2360,1912.05,1291590,0
2178,439,1668.84,1291798,0
2179,2153,626.79,1292007,0
2179,262,1439.06,1292313,0
2179,722,258.41,1292592,0
2179,2275,519.84,1292860,0
2179,312,2042.06,1292953,0
2180,13,151.02,1293186,0
2180,826,604.71,1293485,0
2180,1037,5123.9,1293505,0
2180,916,400.68,1293810,0
2180,1806,1271.37,1294195,0
2181,580,9875.26,1294444,0
2181,1953,387.66,1294466,0
2181,1706,1836.34,1294748,0
2181,2036,3529.07,1294862,0
2181,103,1196.72,1294909,0
2182,1589,160.13,1294916,0
2183,1293,1163.07,1295088,0
2184,1701,1562.98,1295317,0
2185,2553,912.56,1295446,0
2185,13,2198.47,1295670,0
2186,1571,1534.04,1295897,0
2186,1536,1768.67,1296000,0
2187,1644,562.39,1296368,0
2188,87,8571.54,1296669,0
2188,2565,2609.02,1296760,0
2188,939,983.58,1297085,0
2188,1312,843.21,1297095,0
2188,1740,2582.66,1297152,0
2189,1932,557.97,1297453,0
2189,1084,247.08,1297764,0
2189,1373,631.49,1298105,0
2190,2487,1265.07,1298193,0
2190,1430,10056.26,1298208,0
2191,137,886.17,1298503,0
2191,1778,840.29,1298608,0
2191,746,1323.63,1298726,0
2192,1507,4169.58,1299118,0
2192,2156,2550.26,1299347,0
2192,1765,1130.14,1299413,0
2192,2731,3433.63,1299811,0
2192,1318,2460.26,1299847,0
2193,2349,1053.97,1299868,0
2194,1100,5346.55,1299932,0
2194,2288,375.28,1300208,0
2194,460,290.87,1300307,0
2195,1102,1018.37,1300318,0
2195,252,1085.17,1300683,0
2195,1740,332.96,1300715,0
2196,2509,1209.04,1301028,0
2196,177,1495.06,1301403,0
2196,397,256.1,1301778,0
2196,2182,9247.04,1301932,0
2196,1932,1731.24,1302192,0
2197,1185,1008.98,1302306,0
2197,1223,2229.5,1302480,0
2198,162,2356.73,1302773,0
2199,684,939.62,1303171,0
2199,2686,460.49,1303442,0
2199,1178,497.2,1303459,0
2199,1978,2009.58,1303728,0
2199,112,3653.97,1304067,0
2200,1830,205.2,1304155,0
2201,2957,3009.48,1304501,0
2202,2678,158.58,1304699,0
2202,2476,980.59,1305079,0
2202,2634,536.0,1305261,0
2203,2262,1397.63,1305639,0
2203,176,1977.24,1305879,0
2203,1451,3816.09,1305894,0
2204,1252,302.73,1305961,0
2205,2953,881.68,1306318,0
2206,251,1194.68,1306481,0
2206,910,2387.24,1306667,0
2206,1371,1787.11,1306668,0
2206,2051,1451.83,1306949,0
2207,267,3537.75,1307073,0
2208,1965,1655.74,1307380,0
2208,2086,589.27,1307478,0
2208,193,219.27,1307817,0
2209,1878,4190.42,1307818,0
2209,535,1165.18,1308025,0
2209,90,1692.37,1308041,0
2209,2597,2071.89,1308232,0
2209,1841,173.14,1308341,0
2210,2596,799.56,1308538,0
2210,1067,2017.44,1308837,0
2210,2436,1006.03,1309090,0
2210,1962,4050.62,1309191,0
2210,2444,712.32,1309327,0
2211,1776,1404.14,1309556,0
2211,799,30.42,1309813,0
2211,109,5088.86,1309956,0
2212,2726,500.79,1310018,0
2212,87,1394.43,1310214,0
2213,1300,1273.22,1310437,0
2214,761,2773.43,1310497,0
2215,1243,991.3,1310725,0
2215,2431,995.08,1310935,0
2215,338,392.07,1311306,0
2215,1841,2375.96,1311313,0
2215,163,162.32,1311351,0
2216,1374,2989.49,1311504,0
2217,2208,2478.57,1311890,0
2218,478,917.82,1311962,0
2218,2043,534.2,1312273,0
2218,2897,2984.03,1312537,0
2219,902,1086.64,1312815,0
2219,2581,24547.83,1313135,0
2220,2810,258.52,1313532,0
2220,2365,431.1,1313845,0
2220,1903,1784.85,1314193,0
2221,418,1555.71,1314517,0
2221,2717,469.25,1314640,0
2221,1996,5366.9,1314766,0
2221,1639,406.36,1314790,0
2221,1350,2573.13,1315011,0
2222,2746,1562.76,1315383,0
2222,1940,500.04,1315472,0
2222,218,3788.15,1315714,0
2222,1999,1454.05,1315749,0
2222,352,409.09,1315882,0
2223,715,1603.64,1316153,0
2223,1258,2752.17,1316544,0
2223,2554,463.21,1316761,0
2223,1027,1358.48,1317147,0
2223,2355,1999.49,1317471,0
2224,428,984.84,1317741,0
2224,1018,370.15,1317812,0
2224,2316,5031.4,1318036,0
2224,1812,2632.9,1318388,0
2224,567,704.62,1318730,0
2225,868,586.13,1318877,0
2226,103,525.61,1319171,0
2226,2585,1738.11,1319522,0
2226,1220,400.12,1319872,0
2227,2135,5179.54,1319952,0
2227,1702,573.02,1319977,0
2227,1543,3148.23,1320048,0
2228,699,1033.87,1320054,0
2228,1329,507.36,1320268,0
2229,854,638.89,1320291,0
2230,1406,523.05,1320529,0
2230,707,7878.07,1320875,0
2230,433,660.85,1321215,0
2230,20,2800.56,1321557,0
2231,2224,872.33,1321575,0
2231,599,715.49,1321662,0
2231,2598,2223.05,1321904,0
2231,334,764.78,1322014,0
2231,315,239.99,1322250,0
2232,470,2747.72,1322347,0
2233,1346,807.08,1322560,0
2233,114,1969.67,1322675,0
2233,1062,183.96,1322806,0
2234,2494,846.06,1322999,0
2234,1707,307.09,1323133,0
2234,746,3141.83,1323531,0
2235,203,6669.97,1323792,0
2235,1700,1820.39,1323868,0
2235,2103,692.08,1323872,0
2235,1966,2015.12,1324068,0
2236,1122,4640.33,1324456,0
2236,825,1259.19,1324740,0
2236,973,171.19,1325001,0
2236,1872,260.16,1325329,0
2237,151,1591.61,1325445,0
2237,141,802.23,1325578,0
2237,5,2358.73,1325781,0
2238,543,3692.47,1326064,0
2238,1189,68.73,1326377,0
2238,740,1022.47,1326653,0
2238,1410,397.31,1326677,0
2238,498,837.66,1326774,0
2239,107,1092.68,1327011,0
2239,2031,404.66,1327137,0
2240,843,1035.32,1327402,0
2240,60,356.19,1327672,0
2240,10,886.28,1327795,0
2240,1237,481.21,1327934,0
2240,2756,1989.98,1328223,0
2241,1420,737.3,1328597,0
2241,1368,342.41,1328840,0
2241,2816,1168.55,1328857,0
2241,2692,240.68,1329047,0
2241,1441,579.99,1329407,0
2242,2072,1435.45,1329605,0
2242,1840,1210.33,1329670,0
2242,2177,363.2,1329787,0
2242,1838,597.54,1329872,0
2242,502,4453.11,1329915,0
2243,2519,939.08,1330093,0
2243,1271,641.59,1330128,0
2243,2344,1076.09,1330409,0
2244,2308,1222.38,1330636,0
2244,839,4782.37,1330665,0
2244,1194,347.99,1330983,0
2245,1648,2470.52,1331228,0
2245,1993,2165.26,1331566,0
2245,1908,618.94,1331698,0
2245,191,121.98,1331881,0
2246,501,4157.47,1332125,0
2247,1910,241.63,1332316,0
2247,373,7038.37,1332681,0
2248,2938,675.08,1332860,0
2248,908,1021.61,1332987,0
2249,711,2609.13,1333379,0
2249,2743,234.37,1333389,0
2249,1717,4563.36,1333398,0
2250,943,1180.8,1333780,0
2250,1797,500.4,1334164,0
2251,2702,621.2,1334315,0
2251,1019,9021.07,1334600,0
2251,2353,234.02,1334683,0
2251,2861,1010.29,1334864,0
2252,1114,1776.08,1334877,0
2252,1470,8987.2,1334945,0
2252,46,554.97,1335306,0
2252,828,1337.42,1335415,0
2253,776,3271.43,1335517,0
2254,1650,2099.05,1335852,0
2254,1651,4560.71,1336080,0
2255,1277,1835.74,1336170,0
2255,1272,551.12,1336175,0
2255,2684,2878.87,1336411,0
2255,1158,1059.53,1336616,0
2256,31,1719.61,1336958,0
2257,882,552.36,1336997,0
2257,1285,2657.76,1337168,0
2258,2278,1495.56,1337308,0
2258,790,1626.4,1337643,0
2258,204,4910.94,1337940,0
2258,887,1340.81,1338092,0
2259,2806,4354.38,1338164,0
2259,234,1965.17,1338323,0
2259,2977,3286.31,1338563,0
2259,14,804.75,1338730,0
2260,2048,873.23,1339011,0
2260,1854,1736.04,1339260,0
2260,738,2980.98,1339310,0
2260,2775,1391.59,1339585,0
2261,2183,1139.57,1339700,0
2261,1890,1524.26,1340045,0
2261,2664,2123.19,1340422,0
2261,255,478.0,1340681,0
2261,264,2793.15,1340706,0
2262,2935,8598.14,1341000,0
2262,1747,4762.02,1341260,0
2262,471,1191.85,1341573,0
2262,863,402.74,1341695,0
2262,523,984.57,1342039,0
2263,1156,296.99,1342437,0
2263,2228,661.0,1342491,0
2263,1508,8180.53,1342873,0
2263,873,1701.55,1342960,0
2263,1427,6136.45,1343214,0
2264,1907,949.52,1343418,0
2264,1909,2405.72,1343757,0
2264,2153,4047.79,1343993,0
2265,2248,1026.63,1344016,0
2265,2104,1091.81,1344253,0
2265,2125,1984.8,1344641,0
2265,2706,11644.83,1344990,0
2266,1326,858.23,1345223,0
2266,935,331.09,1345229,0
2266,2762,8093.59,1345270,0
2266,641,771.54,1345389,0
2266,364,999.29,1345644,0
2267,2281,1536.46,1345726,0
2267,1928,2828.31,1345921,0
2267,349,324.06,1346271,0
2268,2276,1315.66,1346387,0
2268,1942,1943.58,1346637,0
2269,2488,1954.42,1346970,0
2269,2888,1582.5,1347215,0
2269,1070,540.03,1347239,0
2269,1416,3530.51,1347365,0
2270,2852,1242.28,1347449,0
2270,2090,222.18,1347647,0
2271,2707,459.74,1347667,0
2271,2941,75.36,1347797,0
2271,2880,6410.25,1348124,0
2271,626,479.21,1348156,0
2272,900,1595.58,1348527,0
2273,2811,846.08,1348616,0
2273,220,280.05,1348864,0
2273,2088,2782.8,1349244,0
2273,42,2011.31,1349496,0
2273,2617,100.77,1349596,0
2274,275,3721.21,1349884,0
2274,397,420.5,1350057,0
2274,223,406.4,1350097,0
2275,2987,613.57,1350356,0
2275,1131,475.34,1350617,0
2275,1149,451.77,1350631,0
2275,1153,1222.38,1350765,0
2275,2059,256.18,1350882,0
2276,1453,2706.51,1351171,0
2276,347,464.09,1351319,0
2276,296,2078.5,1351404,0
2277,2082,4216.09,1351766,0
2277,1978,1501.36,1351856,0
2277,111,703.65,1352037,0
2277,2601,1704.01,1352039,0
2278,2515,570.94,1352326,0
2278,319,385.83,1352470,0
2278,663,550.14,1352856,0
2278,2416,2776.14,1353140,0
2278,2702,494.86,1353521,0
2279,2024,1920.55,1353778,0
2279,1535,1506.52,1354081,0
2279,2057,372.97,1354341,0
2280,1607,534.04,1354387,0
2280,1305,293.76,1354469,0
2280,535,712.79,1354521,0
2281,2540,176.66,1354578,0
2281,2480,739.01,1354589,0
2281,720,8446.76,1354687,0
2282,1912,2007.25,1354765,0
2282,1438,229.62,1354794,0
2282,1244,4065.03,1355074,0
2283,1511,49.27,1355083,0
2283,2179,316.08,1355264,0
2284,2143,1016.67,1355509,0
2284,767,7524.15,1355604,0
2285,52,366.44,1355945,0
2285,1030,251.68,1355993,0
2286,2978,761.33,1356270,0
2287,529,240.99,1356402,0
2287,992,472.04,1356564,0
2287,2251,869.76,1356629,0
2287,2903,1017.95,1356762,0
2287,1509,292.31,1357009,0
2288,2977,1609.53,1357067,0
2288,322,1125.0,1357144,0
2288,2508,763.08,1357261,0
2288,2377,578.41,1357548,0
2288,1085,4298.36,1357579,0
2289,112,1559.59,1357625,0
2289,1811,11417.28,1357892,0
2290,436,710.22,1358167,0
2290,2464,2105.42,1358348,0
2290,133,478.41,1358632,0
2291,127,8567.36,1359029,0
2291,2337,435.99,1359279,0
2291,1056,160.06,1359340,0
2292,691,1792.82,1359624,0
2292,1617,5336.9,1359651,0
2293,692,2327.9,1360049,0
2293,2039,1895.27,1360115,0
2293,478,3929.96,1360208,0
2293,111,4304.08,1360510,0
2293,1902,530.25,1360514,0
2294,1,2422.86,1360584,0
2295,2541,794.91,1360962,0
2296,94,3815.36,1361104,0
2297,2154,2162.27,1361360,0
2297,2799,897.67,1361635,0
2297,2932,1176.43,1361988,0
2297,944,228.99,1362351,0
2297,810,318.94,1362687,0
2298,148,553.26,1362837,0
2298,938,437.13,1362981,0
2298,2055,3988.63,1363041,0
2299,2882,1159.09,1363389,0
2299,1401,3956.67,1363768,0
2299,1002,467.67,1363931,0
2300,1672,5023.03,1363972,0
2301,1870,1250.24,1364236,0
2301,769,3448.73,1364258,0
2301,2044,8398.91,1364646,0
2301,2493,993.03,1364754,0
2301,541,1391.37,1364825,0
2302,2963,3206.14,1364845,0
2302,2535,152.03,1364941,0
2302,205,12864.4,1365101,0
2302,1063,8358.74,1365418,0
2302,2208,4090.58,1365709,0
2303,372,309.9,1365869,0
2303,2281,1574.16,1365891,0
2303,1170,1215.81,1366061,0
2303,263,1382.53,1366261,0
2304,105,917.93,1366499,0
2304,531,683.73,1366771,0
2304,1464,1423.92,1366805,0
2305,2222,578.93,1367074,0
2305,1626,477.68,1367211,0
2305,2423,1248.82,1367508,0
2306,1781,2124.83,1367877,0
2306,2643,4379.3,1367921,0
2306,2247,727.48,1367945,0
2306,2375,289.01,1368139,0
2307,2049,160.14,1368382,0
2307,44,3308.58,1368543,0
2307,2112,645.46,1368941,0
2307,1981,2441.47,1369230,0
2308,422,731.39,1369237,0
2309,2359,882.85,1369335,0
2309,2874,2629.44,1369495,0
2309,1853,941.72,1369771,0
2309,1748,679.25,1369819,0
2309,441,2236.54,1370120,0
2310,2163,895.87,1370435,0
2310,2958,4584.29,1370590,0
2310,2181,1007.1,1370858,0
2310,2476,837.39,1371189,0
2310,777,662.85,1371248,0
2311,642,2233.87,1371294,0
2311,1219,776.51,1371350,0
2312,2583,3015.59,1371748,0
2312,678,1698.05,1372074,0
2312,737,586.51,1372397,0
2312,1845,738.47,1372717,0
2313,2178,2247.4,1372932,0
2313,2157,542.9,1373266,0
2313,159,4308.73,1373459,0
2313,580,3642.63,1373567,0
2314,1943,6220.61,1373570,0
2315,1349,404.6,1373636,0
2315,1334,814.33,1373682,0
2315,1399,2229.43,1374043,0
2315,2250,9967.47,1374320,0
2316,228,243.19,1374371,0
2316,2324,405.15,1374372,0
2316,229,716.49,1374433,0
2316,1160,443.56,1374484,0
2316,267,673.42,1374716,0
2317,461,400.21,1375050,0
2318,1608,448.23,1375326,0
2319,1033,3621.76,1375579,0
2320,2497,1153.09,1375780,0
2320,2381,394.78,1375932,0
2320,2924,2537.46,1375962,0
2320,2294,4672.82,1376063,0
2320,2391,2738.42,1376220,0
2321,266,287.6,1376601,0
2321,1510,1799.23,1376642,0
2321,430,3373.54,1376726,0
2321,1041,789.42,1376967,0
2321,2827,790.54,1377053,0
2322,797,2098.72,1377429,0
2322,1441,7793.89,1377784,0
2322,1707,848.8,1377869,0
2322,1919,886.19,1377933,0
2323,2598,817.89,1378007,0
2323,2325,2089.04,1378052,0
2323,2339,1668.18,1378208,0
2323,1792,833.71,1378531,0
2324,1968,4410.24,1378573,0
2324,1239,1047.89,1378824,0
2324,673,1664.46,1379213,0
2325,2229,872.1,1379530,0
2325,1812,7627.85,1379643,0
2325,185,1492.25,1379986,0
2326,457,8133.98,1380332,0
2326,2945,189.95,1380528,0
2326,729,4755.67,1380551,0
2326,1818,621.44,1380577,0
2327,1643,4168.71,1380800,0
2327,550,765.25,1381162,0
2327,2909,1884.49,1381408,0
2327,844,473.97,1381738,0
2327,347,713.18,1381885,0
2328,1213,545.77,1382069,0
2328,2023,1667.43,1382331,0
2328,1972,1925.6,1382684,0
2328,810,598.55,1383016,0
2328,754,4351.51,1383200,0
2329,2193,18436.94,1383497,0
2329,404,2647.13,1383871,0
2329,2576,1529.64,1384215,0
2330,846,1680.85,1384431,0
2330,1578,1505.42,1384657,0
2331,2825,6901.8,1385046,0
2331,2990,415.54,1385220,0
2331,310,162.86,1385235,0
2331,1801,1917.49,1385241,0
2332,2077,5400.23,1385247,0
2332,732,464.89,1385301,0
2332,2838,2379.96,1385677,0
2332,1749,1936.18,1385701,0
2332,2123,2348.43,1386063,0
2333,2793,5930.0,1386403,0
2334,1590,1510.62,1386728,0
2334,869,532.28,1386808,0
2335,168,773.87,1387059,0
2335,2178,1235.99,1387094,0
2335,1533,239.69,1387296,0
2335,110,1426.56,1387329,0
2335,1850,1498.47,1387480,0
2336,2641,764.84,1387708,0
2337,1638,900.0,1387873,0
2337,2311,2031.99,1387936,0
2337,54,8988.31,1388274,0
2338,1992,459.74,1388545,0
2338,2443,1581.03,1388690,0
2339,2080,1538.01,1388788,0
2340,2333,276.72,1389015,0
2340,2585,749.47,1389189,0
2340,1697,8004.5,1389218,0
2340,333,2919.77,1389326,0
2341,2773,13437.31,1389347,0
2341,2861,292.11,1389662,0
2342,1518,412.08,1389992,0
2342,2737,2352.96,1390000,0
2343,1000,5106.76,1390130,0
2343,503,1043.97,1390332,0
2343,1483,525.03,1390653,0
2343,2027,417.88,1390873,0
2344,1746,1865.05,1391103,0
2344,1714,3550.99,1391251,0
2345,43,601.9,1391353,0
2345,2827,853.36,1391572,0
2346,643,2328.62,1391603,0
2346,2186,305.59,1391836,0
2346,1571,16011.65,1392146,0
2346,781,1736.39,1392207,0
2347,918,826.87,1392284,0
2347,2521,3546.16,1392639,0
2347,1112,38421.13,1392757,0
2348,849,3401.87,1393059,0
2348,454,463.5,1393333,0
2348,591,882.46,1393567,0
2349,2635,7490.54,1393883,0
2349,2459,1025.38,1394086,0
2349,612,3384.4,1394242,0
2350,1767,473.57,1394327,0
2351,2001,2489.32,1394506,0
2351,967,1054.52,1394780,0
2352,1547,6613.18,1394802,0
2352,888,1145.59,1395094,0
2352,2716,4425.22,1395410,0
2353,1482,223.01,1395444,0
2353,1443,1214.93,1395650,0
2353,1285,379.95,1396027,0
2353,1812,1431.49,1396094,0
2353,490,678.32,1396362,0
2354,1988,1737.26,1396693,0
2354,991,7008.35,1396904,0
2354,1969,1265.69,1397236,0
2354,1963,318.91,1397310,0
2355,1958,290.64,1397507,0
2355,1847,166.33,1397816,0
2355,964,1993.37,1398131,0
2356,81,2223.37,1398438,0
2356,909,937.46,1398589,0
2356,2467,573.0,1398631,0
2357,2164,3421.58,1398675,0
2358,886,2186.93,1398822,0
2358,2638,620.17,1398968,0
2358,464,20390.07,1399284,0
2358,473,518.21,1399458,0
2358,1777,494.99,1399693,0
2359,2224,1687.12,1399948,0
2359,1698,1087.11,1400347,0
2359,2342,6461.46,1400707,0
2360,2649,1019.54,1401048,0
2360,1819,3204.06,1401075,0
2361,379,283.48,1401243,0
2361,2619,7560.05,1401336,0
2361,1869,1742.39,1401694,0
2361,1233,9850.18,1402044,0
2362,1045,2032.61,1402277,0
2362,7,3826.33,1402288,0
2362,694,214.69,1402575,0
2362,1834,2949.14,1402873,0
2363,1604,504.89,1403139,0
2363,1017,386.47,1403254,0
2363,2008,513.54,1403347,0
2364,2468,671.2,1403410,0
2365,2533,298.99,1403416,0
2366,2360,1296.16,1403739,0
2366,2518,703.54,1403765,0
2366,940,2616.02,1403775,0
2366,1599,57.22,1404028,0
2367,1913,6712.03,1404158,0
2367,2270,2144.4,1404481,0
2367,435,303.54,1404613,0
2367,1529,2310.96,1405004,0
2367,2502,1893.09,1405101,0
2368,2971,4316.56,1405198,0
2368,2537,4942.89,1405205,0
2368,2893,1025.63,1405444,0
2368,2926,772.21,1405657,0
2368,2754,1286.31,1406020,0
2369,2699,937.2,1406320,0
2369,1374,729.89,1406600,0
2369,1789,3016.41,1406628,0
2369,901,3051.53,1406705,0
2370,426,285.09,1406913,0
2370,1865,946.44,1406996,0
2371,2587,3860.19,1407262,0
2371,1913,1421.91,1407328,0
2372,2803,1601.96,1407699,0
2372,2284,817.04,1408083,0
2372,1848,1702.93,1408327,0
2373,2517,1522.68,1408664,0
2374,902,710.81,1409041,0
2375,1530,1578.68,1409353,0
2375,1274,2417.67,1409663,0
2375,2608,398.66,1410054,0
2376,34,467.32,1410240,0
2376,2974,1736.66,1410367,0
2376,2680,2027.24,1410583,0
2376,399,1677.3,1410890,0
2377,2956,510.34,1411081,0
2377,1688,1379.51,1411268,0
2378,2513,732.11,1411445,0
2378,1104,3016.49,1411599,0
2378,2001,6528.67,1411793,0
2378,2468,1811.52,1412184,0
2378,802,682.26,1412243,0
2379,497,1227.01,1412626,0
2379,2993,1993.64,1412930,0
2380,2945,2030.81,1413203,0
2380,1510,760.95,1413562,0
2380,716,189.79,1413724,0
2380,116,94.78,1413760,0
2381,2690,9617.92,1413856,0
2381,437,3080.39,1414249,0
2381,750,434.71,1414331,0
2382,2672,427.53,1414652,0
2383,786,2859.99,1414868,0
2384,2780,2614.08,1415006,0
2384,2300,442.28,1415076,0
2384,2668,273.1,1415306,0
2384,2725,353.03,1415508,0
2384,236,820.92,1415756,0
2385,990,517.72,1415800,0
2385,780,839.13,1416027,0
2385,1437,1011.48,1416086,0
2385,483,6152.71,1416119,0
2386,1190,510.84,1416359,0
2386,972,549.22,1416757,0
2386,2133,420.15,1416783,0
2386,483,10558.6,1416864,0
2387,2896,584.73,1416930,0
2387,326,769.15,1417001,0
2387,127,294.86,1417264,0
2387,1889,352.41,1417663,0
2387,953,543.48,1417858,0
2388,2630,552.51,1418142,0
2388,1521,3374.39,1418480,0
2388,2886,625.12,1418590,0
2388,1202,204.84,1418793,0
2389,2783,6760.33,1418941,0
2389,2342,1372.09,1419250,0
2390,1810,662.58,1419568,0
2390,239,1208.34,1419844,0
2390,1720,1524.5,1420225,0
2391,223,2573.02,1420472,0
2391,267,4663.27,1420739,0
2391,1952,1844.77,1421135,0
2391,693,1034.47,1421250,0
2392,1654,1739.2,1421393,0
2392,1448,1505.69,1421474,0
2392,2469,226.18,1421843,0
2392,2045,1857.86,1421971,0
2392,1934,5593.07,1422333,0
2393,1491,841.92,1422383,0
2394,41,517.37,1422519,0
2394,605,5408.48,1422717,0
2394,2007,244.19,1422814,0
2394,339,1695.45,1422974,0
2394,829,1567.91,1423082,0
2395,2214,1196.97,1423401,0
2395,646,817.65,1423593,0
2395,2935,8954.09,1423722,0
2395,1421,332.31,1424114,0
2396,2023,7761.86,1424352,0
2396,778,2293.63,1424744,0
2397,525,1480.36,1424995,0
2397,1057,992.46,1425197,0
2397,1475,5256.54,1425398,0
2397,1855,514.49,1425656,0
2397,590,1504.84,1425751,0
2398,2409,373.68,1426027,0
2399,2062,480.21,1426029,0
2399,2438,167.99,1426394,0
2400,2448,1754.6,1426410,0
2400,1178,788.41,1426623,0
2400,1053,1034.71,1426861,0
2400,363,3119.87,1427064,0
2401,1890,450.49,1427426,0
2401,313,435.76,1427764,0
2402,355,1473.78,1428118,0
2402,1949,1539.99,1428331,0
2402,1220,792.14,1428518,0
2403,504,3788.36,1428672,0
2403,2928,877.56,1429051,0
2403,2306,1078.88,1429242,0
2403,2806,876.56,1429461,0
2403,1741,993.73,1429611,0
2404,1118,258.96,1429633,0
2405,2747,391.65,1430001,0
2405,2134,1534.8,1430109,0
2406,2373,4247.32,1430321,0
2406,268,1408.71,1430673,0
2407,871,2052.65,1430938,0
2408,227,3428.87,1431230,0
2409,1802,498.19,1431461,0
2410,196,765.56,1431839,0
2410,857,5038.24,1432143,0
2411,1807,284.46,1432461,0
2411,2963,8835.18,1432600,0
2412,2379,180.48,1432897,0
2412,1449,1051.79,1433078,0
2412,2972,1628.98,1433228,0
2413,2248,4110.17,1433314,0
2414,1295,885.56,1433666,0
2414,341,1262.0,1434026,0
2414,2537,1451.61,1434175,0
2415,2477,5782.52,1434518,0
2415,2727,591.24,1434829,0
2415,2867,4264.08,1434950,0
2415,1333,1440.96,1435043,0
2415,2341,2366.98,1435102,0
2416,1836,404.1,1435471,0
2416,2819,1186.31,1435676,0
2416,2262,2095.55,1436029,0
2417,1322,85.68,1436373,0
2418,872,123.56,1436640,0
2418,631,3050.05,1436842,0
2419,1231,1485.42,1437064,0
2419,124,139.75,1437331,0
2419,1843,698.04,1437725,0
2420,200,1402.76,1438013,0
2420,2,249.58,1438049,0
2421,2252,2233.99,1438327,0
2422,1606,2152.1,1438677,0
2422,1867,1205.56,1438780,0
2422,1626,339.44,1439091,0
2423,1618,1211.93,1439421,0
2424,1237,3896.85,1439634,0
2425,2418,510.74,1439840,0
2425,988,8139.48,1439983,0
2426,159,547.19,1440264,0
2426,2158,314.59,1440461,0
2426,1570,235.44,1440833,0
2426,831,985.15,1441123,0
2427,566,206.83,1441277,0
2427,485,370.79,1441604,0
2427,1906,1435.41,1441879,0
2427,2477,701.23,1442019,0
2427,2805,922.35,1442233,0
2428,1231,3806.56,1442350,0
2428,2832,796.29,1442400,0
2428,2411,792.25,1442539,0
2429,777,1207.29,1442855,0
2429,2281,3130.2,1443147,0
2429,2952,3151.83,1443192,0
2429,1306,336.93,1443573,0
2429,2774,1363.42,1443928,0
2430,2998,3158.92,1443996,0
2430,1251,705.25,1444291,0
2430,2483,2832.43,1444677,0
2430,315,843.26,1444973,0
2431,2022,657.67,1445208,0
2432,1871,2630.91,1445532,0
2432,1910,2057.1,1445717,0
2433,718,703.2,1446098,0
2433,730,4104.23,1446474,0
2433,2307,1124.45,1446867,0
2433,35,575.56,1447073,0
2433,2304,729.28,1447217,0
2434,1022,610.46,1447426,0
2434,1290,2728.63,1447668,0
2434,1592,5304.15,1447714,0
2434,1469,3148.49,1448048,0
2434,962,698.7,1448426,0
2435,2336,9078.76,1448707,0
2435,825,1282.87,1448951,0
2435,2399,1307.37,1448969,0
2435,1217,2300.92,1449359,0
2436,697,772.11,1449600,0
2437,792,2370.35,1449706,0
2438,754,1279.65,1449991,0
2438,727,5604.49,1450169,0
2438,2991,823.57,1450183,0
2439,1952,735.44,1450483,0
2439,706,377.89,1450555,0
2439,489,1551.66,1450887,0
2440,1622,440.02,1451110,0
2440,147,2491.47,1451118,0
2440,2659,394.05,1451210,0
2440,2071,1037.51,1451218,0
2441,304,280.13,1451259,0
2441,1619,1000.27,1451445,0
2441,962,619.05,1451780,0
2441,557,390.78,1452055,0
2442,87,7135.7,1452442,0
2442,1389,485.04,1452765,0
2442,689,1175.93,1453137,0
2443,490,974.97,1453138,0
2444,1764,193.11,1453414,0
2444,1266,618.48,1453441,0
2444,2792,2817.43,1453824,0
2444,1611,1239.55,1453926,0
2444,1624,1072.29,1454109,0
2445,691,462.17,1454273,0
2445,695,862.37,1454455,0
2445,2377,2389.89,1454522,0
2445,1212,2259.77,1454739,0
2446,1202,1445.48,1454944,0
2447,2782,343.75,1454957,0
2447,1144,129.56,1455121,0
2447,966,1275.77,1455432,0
2447,96,85.17,1455580,0
2448,2299,331.67,1455597,0
2448,2893,1106.88,1455675,0
2448,1252,1980.37,1456024,0
2449,2931,3826.74,1456340,0
2449,2530,959.84,1456563,0
2449,1241,2156.07,1456901,0
2449,1480,4604.91,1456965,0
2450,2088,105.2,1456988,0
2451,1514,372.21,1457360,0
2451,535,748.2,1457557,0
2451,595,509.33,1457833,0
2451,2778,2763.64,1457958,0
2451,1005,2100.53,1458093,0
2452,2351,494.11,1458429,0
2452,2847,997.38,1458515,0
2453,1436,563.33,1458741,0
2453,883,3435.82,1459058,0
2453,926,702.09,1459105,0
2453,258,1129.66,1459161,0
2453,2686,1892.63,1459454,0
2454,793,1148.46,1459530,0
2454,1221,1016.53,1459719,0
2455,169,751.97,1460069,0
2455,1897,358.77,1460166,0
2455,1115,730.88,1460445,0
2456,796,610.61,1460609,0
2457,2177,715.49,1460697,0
2457,1776,469.57,1461080,0
2457,1803,2099.56,1461082,0
2457,2893,585.69,1461433,0
2458,118,9955.53,1461632,0
2459,2632,1889.07,1462009,0
2459,734,3164.68,1462128,0
2459,1002,458.3,1462386,0
2459,1470,566.22,1462712,0
2460,2602,1435.25,1462864,0
2460,2545,2243.88,1463156,0
2460,1818,1122.81,1463535,0
2460,2349,1044.14,1463924,0
2461,1493,537.61,1464038,0
2461,1596,2474.85,1464420,0
2461,1659,2488.9,1464771,0
2462,2527,1650.61,1464951,0
2462,2060,232.45,1465118,0
2462,1479,6013.09,1465409,0
2463,241,793.59,1465424,0
2463,2795,982.23,1465527,0
2463,1832,414.38,1465805,0
2464,223,737.06,1466158,0
2465,1058,392.87,1466292,0
2465,607,1423.52,1466522,0
2465,612,1797.88,1466917,0
2465,2167,2017.42,1467172,0
2465,1915,473.14,1467496,0
2466,1437,688.46,1467892,0
2466,794,8388.99,1468182,0
2466,1922,1157.18,1468508,0
2466,2964,432.45,1468583,0
2466,1214,2681.3,1468778,0
2467,1199,2470.11,1469085,0
2467,2503,1842.54,1469226,0
2467,2634,2523.23,1469379,0
2467,513,3333.76,1469773,0
2468,1468,1965.69,1469796,0
2468,2626,3726.1,1470192,0
2469,1516,1383.22,1470211,0
2469,2752,500.58,1470544,0
2469,576,443.83,1470707,0
2470,2092,3442.3,1470759,0
2470,664,2069.46,1471022,0
2470,2310,541.74,1471167,0
2470,2335,3094.26,1471548,0
2470,2942,3243.82,1471618,0
2471,51,5564.6,1471747,0
2471,2324,357.08,1471827,0
2472,2874,192.81,1471871,0
2472,1210,1439.65,1471980,0
2472,2640,202.29,1472314,0
2472,1107,1051.66,1472396,0
2472,282,169.05,1472499,0
2473,117,1017.76,1472888,0
2474,104,3566.31,1473200,0
2475,2596,801.67,1473247,0
2476,2341,10015.7,1473287,0
2476,1547,197.73,1473659,0
2476,2334,5121.2,1474030,0
2476,1762,650.64,1474129,0
2477,2081,544.35,1474273,0
2477,2323,9760.05,1474326,0
2477,276,1802.28,1474406,0
2477,1819,88.72,1474773,0
2477,552,2662.28,1475120,0
2478,1938,2193.83,1475239,0
2478,1144,239.4,1475297,0
2478,476,1130.24,1475470,0
2478,1066,4467.34,1475869,0
2479,2329,1157.78,1476089,0
2479,773,3086.04,1476377,0
2479,2053,2418.08,1476558,0
2479,1379,2071.88,1476927,0
2479,1944,1746.67,1476946,0
2480,1575,3512.77,1477081,0
2480,503,1338.25,1477110,0
2480,2705,1620.41,1477217,0
2480,294,577.92,1477402,0
2480,2736,250.88,1477716,0
2481,314,11297.16,1478003,0
2482,2277,1201.33,1478215,0
2482,852,900.87,1478458,0
2482,1696,1771.34,1478682,0
2482,2638,1323.94,1478843,0
2483,2657,426.66,1479222,0
2483,855,168.4,1479579,0
2483,351,584.44,1479893,0
2483,422,373.4,1480093,0
2484,2290,165.79,1480350,0
2484,330,1437.5,1480527,0
2484,786,2488.1,1480663,0
2484,1756,1077.73,1480779,0
2484,104,713.57,1480802,0
2485,2174,1390.64,1481075,0
2486,2212,381.69,1481108,0
2487,1705,142.67,1481503,0
2487,2836,1637.61,1481784,0
2487,1829,1293.85,1482141,0
2487,295,1055.42,1482202,0
2487,144,1537.8,1482243,0
2488,2882,1508.25,1482511,0
2489,2466,223.09,1482878,0
2489,997,875.16,1483152,0
2489,2279,4719.29,1483490,0
2489,315,1013.46,1483717,0
2489,1583,1644.48,1483989,0
2490,2567,3226.32,1484101,0
2490,2278,5093.63,1484271,0
2491,256,4205.44,1484669,0
2491,1339,4862.94,1484833,0
2491,2811,132.62,1484980,0
2491,514,387.95,1485125,0
2492,1097,324.08,1485333,0
2492,2346,2658.88,1485475,0
2492,2851,854.92,1485738,0
2492,1247,2233.37,1485757,0
2492,1614,4152.07,1486111,0
2493,2596,736.67,1486254,0
2493,1192,3492.95,1486491,0
2493,802,2668.01,1486856,0
2493,202,2242.83,1487048,0
2494,591,475.66,1487234,0
2494,914,782.48,1487415,0
2495,902,1392.53,1487501,0
2495,62,430.6,1487560,0
2495,499,223.74,1487778,0
2495,1424,1713.68,1488146,0
2496,2534,408.88,1488362,0
2496,1258,1425.61,1488415,0
2496,2883,215.12,1488519,0
2496,2552,760.98,1488639,0
2497,370,1262.15,1488785,0
2497,2674,854.32,1488997,0
2498,849,285.74,1489346,0
2499,1389,3295.76,1489684,0
2499,1578,176.64,1489879,0
2499,262,803.44,1490228,0
2500,2944,1071.13,1490471,0
2500,513,73.61,1490802,0
2500,2612,3951.47,1490888,0
2500,2545,169.51,1491126,0
2500,1478,1699.28,1491409,0
2501,2075,3346.65,1491640,0
2502,455,133.94,1491967,0
2502,1451,2785.33,1492024,0
2502,613,2672.73,1492418,0
2502,1125,3174.8,1492740,0
2503,902,4165.75,1492830,0
2503,263,189.84,1493024,0
2503,1478,6544.48,1493084,0
2504,2817,382.1,1493144,0
2504,232,2223.04,1493250,0
2504,2194,178.57,1493593,0
2504,2299,4530.94,1493668,0
2504,1982,3085.34,1493767,0
2505,1265,1056.67,1494020,0
2505,1757,1005.81,1494233,0
2505,2590,2239.37,1494433,0
2506,314,723.66,1494773,0
2506,2078,675.85,1495149,0
2507,2712,2076.56,1495457,0
2507,1745,1504.88,1495545,0
2507,2443,2833.5,1495706,0
2507,946,1156.98,1495891,0
2508,854,377.9,1495896,0
2508,2213,1921.7,1496277,0
2508,822,833.46,1496550,0
2508,1232,528.86,1496583,0
2508,1969,959.83,1496915,0
2509,307,1383.9,1497164,0
2509,1755,1395.1,1497208,0
2509,2603,679.13,1497253,0
2510,2776,266.36,1497570,0
2510,2146,700.0,1497774,0
2510,122,2087.3,1497982,0
2511,1887,317.82,1498362,0
2511,890,1031.88,1498560,0
2512,108,865.61,1498890,0
2512,357,1889.86,1499084,0
2512,1972,932.13,1499153,0
2513,2811,1445.12,1499254,0
2513,360,1930.56,1499383,0
2514,1066,628.62,1499775,0
2514,2217,301.36,1499960,0
2514,1908,770.32,1500098,0
2515,1290,514.03,1500168,0
2515,2843,1201.16,1500343,0
2515,150,1776.77,1500605,0
2515,634,1469.19,1500816,0
2515,186,1975.32,1501174,0
2516,1373,147.66,1501391,0
2516,636,865.65,1501612,0
2516,1954,1801.42,1502008,0
2516,2550,2454.55,1502208,0
2516,2952,505.61,1502541,0
2517,435,268.04,1502546,0
2518,2193,108.79,1502609,0
2518,2261,2475.07,1502899,0
2518,309,6605.46,1502946,0
2519,885,1484.38,1503135,0
2519,1017,3067.18,1503338,0
2519,1958,3183.28,1503476,0
2519,1635,435.67,1503796,0
2519,2389,90.1,1503851,0
2520,1219,1667.69,1504072,0
2521,1223,873.56,1504301,0
2522,2021,975.85,1504326,0
2523,1359,2412.41,1504444,0
2523,514,357.39,1504550,0
2523,879,2683.06,1504759,0
2523,2155,3573.81,1504987,0
2524,1769,6185.47,1505030,0
2524,2663,2565.47,1505425,0
2525,2213,1842.97,1505680,0
2525,2347,165.97,1505731,0
2525,2033,823.35,1506075,0
2526,429,751.58,1506407,0
2526,1704,1317.85,1506432,0
2526,2391,2099.33,1506599,0
2526,2165,1876.95,1506716,0
2526,1089,106.56,1507063,0
2527,628,538.85,1507196,0
2527,2072,1596.06,1507395,0
2527,412,494.98,1507706,0
2527,2722,1979.54,1507847,0
2527,1701,2199.86,1508019,0
2528,2056,271.73,1508316,0
2528,2062,8360.57,1508656,0
2528,2848,310.32,1508986,0
2528,1542,228.06,1509221,0
2528,458,349.91,1509576,0
2529,2601,3383.07,1509616,0
2529,2639,679.31,1509812,0
2529,1380,354.02,1509897,0
2530,242,1120.21,1510217,0
2530,643,343.11,1510425,0
2530,1695,976.08,1510726,0
2530,2771,2014.49,1510875,0
2531,568,1479.29,1511132,0
2531,1362,1341.98,1511144,0
2531,464,4854.76,1511400,0
2532,404,1524.21,1511446,0
2532,2089,380.19,1511553,0
2532,382,1049.04,1511568,0
2532,2683,587.28,1511676,0
2533,1607,463.28,1512063,0
2533,2381,2764.14,1512267,0
2533,529,1348.35,1512426,0
2533,2765,1492.92,1512641,0
2534,587,2076.69,1513011,0
2534,326,1318.26,1513072,0
2534,737,672.53,1513435,0
2535,1466,532.93,1513513,0
2535,1242,186.53,1513687,0
2535,1592,234.88,1513903,0
2535,1899,1537.69,1514216,0
2536,2408,2874.97,1514344,0
2537,1639,1453.41,1514499,0
2537,2525,633.64,1514787,0
2537,540,3273.64,1515027,0
2537,336,863.66,1515118,0
2537,558,315.1,1515141,0
2538,1885,434.93,1515233,0
2538,2965,715.62,1515553,0
2539,2584,724.98,1515633,0
2539,167,403.66,1515814,0
2539,409,2087.32,1515881,0
2540,77,760.99,1516035,0
2540,679,2157.93,1516067,0
2540,1440,756.23,1516396,0
2540,968,907.6,1516452,0
2540,705,249.6,1516762,0
2541,1791,519.37,1516810,0
2542,58,1159.5,1517147,0
2542,2044,20289.34,1517282,0
2543,887,3820.53,1517423,0
2543,1259,2631.62,1517434,0
2543,1552,3217.8,1517719,0
2543,1444,432.33,1517986,0
2544,1419,1022.43,1518200,0
2545,174,2176.42,1518287,0
2545,1518,1315.22,1518404,0
2545,1432,4428.32,1518432,0
2546,1390,2704.98,1518745,0
2546,79,1739.53,1519001,0
2546,2848,11969.73,1519306,0
2546,2377,1766.65,1519428,0
2546,1283,505.37,1519593,0
2547,2608,5787.94,1519760,0
2547,388,5028.6,1519872,0
2547,1080,1930.46,1520229,0
2547,2201,608.83,1520577,0
2548,973,987.93,1520695,0
2548,693,208.44,1520867,0
2549,1169,1087.98,1521001,0
2550,2232,272.22,1521034,0
2550,526,4684.13,1521162,0
2551,741,484.75,1521338,0
2552,826,503.49,1521718,0
2553,2320,3881.69,1522100,0
2553,2131,203.67,1522398,0
2553,1018,1058.58,1522700,0
2553,1868,713.89,1523051,0
2553,1938,2925.03,1523306,0
2554,356,330.58,1523601,0
2554,1048,489.76,1523752,0
2554,2400,4117.98,1524089,0
2555,2060,951.24,1524166,0
2555,107,350.51,1524334,0
2555,2977,2861.95,1524404,0
2555,2445,411.99,1524448,0
2556,2409,496.17,1524733,0
2556,278,1813.88,1525061,0
2557,858,94.37,1525183,0
2557,266,537.49,1525518,0
2557,2355,536.67,1525581,0
2557,1627,644.7,1525831,0
2557,1728,2852.4,1526211,0
2558,699,5054.27,1526526,0
2558,178,2780.71,1526566,0
2558,2733,385.34,1526583,0
2559,2019,2926.3,1526757,0
2560,2794,4038.3,1526980,0
2560,1834,1304.48,1526999,0
2560,2643,292.67,1527344,0
2561,1394,1807.52,1527538,0
2561,572,671.11,1527903,0
2561,219,853.91,1527920,0
2561,249,4217.97,1527982,0
2561,1233,3927.03,1528222,0
2562,1371,2675.28,1528571,0
2562,68,4217.8,1528682,0
2562,308,1137.41,1529046,0
2562,2269,509.97,1529389,0
2562,382,1524.54,1529396,0
2563,2176,2184.14,1529542,0
2563,2273,283.67,1529662,0
2564,2162,8819.81,1529677,0
2564,799,1301.33,1529947,0
2564,701,341.05,1529955,0
2564,969,2179.57,1530006,0
2565,856,555.64,1530109,0
2566,2974,340.88,1530487,0
2566,201,1447.82,1530678,0
2566,2814,721.76,1530690,0
2566,733,352.41,1530865,0
2567,529,236.13,1531092,0
2567,386,1633.0,1531142,0
2567,337,4152.54,1531507,0
2567,413,1453.69,1531573,0
2567,2867,395.67,1531755,0
2568,2035,1103.44,1531781,0
2568,1044,4729.2,1532143,0
2568,635,1401.89,1532263,0
2568,1988,4880.51,1532300,0
2568,1145,913.08,1532578,0
2569,1566,668.61,1532743,0
2569,477,632.06,1532765,0
2569,1233,480.58,1533076,0
2569,2351,240.34,1533122,0
2569,323,984.67,1533197,0
2570,522,356.86,1533422,0
2570,1989,1968.38,1533560,0
2570,401,1256.9,1533638,0
2570,2692,500.5,1533656,0
2571,863,878.62,1533678,0
2572,2647,802.04,1533965,0
2573,2771,1433.33,1533977,0
2573,2428,415.33,1534320,0
2574,2481,1229.49,1534533,0
2574,1710,1459.35,1534589,0
2575,411,564.72,1534828,0
2575,347,1194.48,1535153,0
2575,1796,648.22,1535540,0
2575,1334,255.51,1535672,0
2576,1726,1375.13,1536040,0
2576,1416,707.67,1536364,0
2576,2079,246.81,1536474,0
2577,794,282.07,1536679,0
2577,2453,970.76,1536863,0
2577,123,671.0,1537173,0
2577,1284,1546.5,1537561,0
2578,523,4535.71,1537627,0
2578,1498,1495.74,1537747,0
2578,774,703.53,1537817,0
2578,2218,808.93,1538202,0
2579,2482,3389.53,1538228,0
2579,1964,887.93,1538563,0
2580,2225,3269.49,1538863,0
2580,1584,1543.48,1539093,0
2580,2359,481.01,1539443,0
2580,1902,2589.24,1539661,0
2580,1576,6238.86,1539741,0
2581,184,5764.81,1540030,0
2581,880,738.42,1540380,0
2582,2053,615.91,1540512,0
2582,1012,818.73,1540704,0
2582,2510,655.1,1540928,0
2583,334,3823.58,1541315,0
2584,1955,2019.49,1541465,0
2584,687,395.32,1541722,0
2585,1390,2772.58,1542044,0
2586,1896,990.54,1542152,0
2586,2051,720.65,1542296,0
2586,2582,4341.11,1542546,0
2586,244,90.42,1542572,0
2586,868,371.75,1542922,0
2587,1383,391.84,1543111,0
2587,325,1320.26,1543332,0
2588,1631,733.11,1543480,0
2589,708,235.27,1543570,0
2589,991,210.15,1543653,0
2590,2511,3136.49,1543941,0
2590,411,2631.43,1544085,0
2590,2708,1445.33,1544365,0
2590,2489,1802.39,1544599,0
2590,208,1293.04,1544735,0
2591,2313,3468.37,1544988,0
2591,2614,1187.61,1545233,0
2591,2207,1017.16,1545344,0
2591,941,475.56,1545443,0
2592,242,2290.61,1545718,0
2592,843,1178.81,1545957,0
2592,2067,410.37,1546296,0
2593,213,2117.22,1546486,0
2594,1914,284.98,1546726,0
2594,1230,1001.35,1546885,0
2594,2887,2508.25,1547073,0
2594,553,237.27,1547361,0
2594,829,2321.68,1547530,0
2595,2817,1479.14,1547861,0
2595,1907,1395.02,1547866,0
2595,2462,1810.77,1548161,0
2596,2424,937.73,1548226,0
2596,2887,1375.67,1548401,0
2596,2159,704.99,1548783,0
2597,1200,1219.92,1549061,0
2597,404,189.57,1549189,0
2597,509,364.04,1549362,0
2597,2274,3560.29,1549386,0
2598,692,826.02,1549402,0
2598,2256,2677.41,1549416,0
2598,1876,735.32,1549585,0
2598,2244,810.72,1549618,0
2598,2179,158.51,1549932,0
2599,1812,3653.68,1550050,0
2599,2654,1899.56,1550408,0
2599,2252,1725.78,1550530,0
2599,648,6775.38,1550643,0
2599,2729,1201.76,1550729,0
2600,2590,622.32,1550895,0
2601,2531,633.56,1551250,0
2601,2638,409.05,1551592,0
2601,1948,407.68,1551938,0
2601,829,237.41,1552029,0
2601,757,1067.72,1552091,0
2602,384,1088.76,1552130,0
2602,2899,962.33,1552293,0
2602,723,797.03,1552690,0
2603,2083,2059.35,1552709,0
2603,1928,1882.77,1553032,0
2603,1556,1006.21,1553148,0
2603,617,2885.48,1553367,0
2604,847,1709.94,1553477,0
2605,2905,399.78,1553758,0
2606,1916,1036.38,1554061,0
2606,1237,803.18,1554318,0
2606,1421,151.33,1554631,0
2606,1573,9825.27,1554722,0
2606,1499,1773.0,1554955,0
2607,76,229.24,1555264,0
2607,2304,645.91,1555650,0
2607,931,2716.8,1555956,0
2607,2081,2793.19,1556317,0
2608,1011,214.83,1556353,0
2608,2437,993.85,1556581,0
2608,2139,1773.07,1556883,0
2608,1600,391.05,1557232,0
2609,2290,2381.97,1557394,0
2609,1287,1782.5,1557763,0
2609,2506,1037.54,1557857,0
2609,2444,194.44,1558040,0
2610,2994,236.82,1558104,0
2610,1147,802.68,1558342,0
2611,2308,807.76,1558648,0
2612,1752,875.53,1558694,0
2612,2233,1057.37,1558995,0
2612,2300,1315.47,1559089,0
2612,2165,714.69,1559411,0
2613,2080,793.7,1559602,0
2614,2944,772.74,1559844,0
2614,760,749.23,1560243,0
2614,1566,639.55,1560535,0
2614,1493,2138.35,1560878,0
2615,1548,729.78,1561186,0
2615,627,2179.94,1561375,0
2615,1765,175.55,1561626,0
2615,2035,768.75,1561703,0
2615,2274,1226.89,1562093,0
2616,1287,314.82,1562429,0
2616,1453,2039.71,1562450,0
2616,545,3456.44,1562838,0
2617,1467,1359.97,1562979,0
2617,2773,6094.22,1563116,0
2617,284,3181.04,1563291,0
2617,776,1128.88,1563368,0
2617,1088,553.78,1563698,0
2618,2609,1288.21,1563865,0
2618,2842,497.88,1564075,0
2619,1412,748.04,1564187,0
2619,1079,926.06,1564445,0
2619,592,2266.23,1564734,0
2619,1632,521.61,1564741,0
2619,288,540.72,1564900,0
2620,747,1057.62,1565151,0
2620,2241,502.51,1565377,0
2620,2336,677.01,1565460,0
2620,1879,1247.9,1565714,0
2621,1918,411.98,1565751,0
2621,181,12359.57,1565801,0
2622,1003,5466.54,1565806,0
2622,1411,2557.25,1565950,0
2622,2108,1426.94,1565953,0
2622,132,956.49,1566324,0
2623,11,6247.73,1566491,0
2623,2677,328.58,1566641,0
2624,2365,3903.63,1566850,0
2625,2854,935.57,1567236,0
2625,873,6241.51,1567330,0
2626,429,382.83,1567421,0
2626,1356,893.42,1567760,0
2627,1342,1058.46,1567965,0
2627,2312,1243.24,1568362,0
2628,792,91.8,1568749,0
2629,2558,378.59,1569071,0
2630,2026,396.34,1569373,0
2630,2013,2502.36,1569673,0
2631,1014,465.15,1569839,0
2631,1004,372.71,1570059,0
2631,1560,933.59,1570347,0
2632,1205,642.7,1570695,0
2633,2911,650.42,1570854,0
2633,2424,2055.89,1570987,0
2634,2224,3205.3,1571256,0
2634,441,3606.36,1571429,0
2634,2535,4110.47,1571745,0
2634,1430,915.47,1572015,0
2635,1444,1072.7,1572201,0
2635,1733,4004.1,1572385,0
2635,420,618.69,1572429,0
2636,2652,75.41,1572438,0
2636,2044,976.07,1572553,0
2636,2122,864.8,1572629,0
2636,32,607.84,1572663,0
2637,567,7029.82,1572916,0
2637,686,619.72,1573119,0
2638,826,9210.29,1573226,0
2638,1510,720.45,1573319,0
2638,2630,1233.98,1573351,0
2639,1775,1418.13,1573696,0
2639,2331,998.16,1573889,0
2639,1999,3280.04,1573992,0
2639,1723,319.27,1574061,0
2640,711,1089.54,1574422,0
2640,2873,230.24,1574466,0
2640,1677,2368.35,1574624,0
2640,1509,4828.16,1574782,0
2640,1594,330.92,1574813,0
2641,1,747.99,1574816,0
2641,541,763.03,1575196,0
2642,469,1411.73,1575565,0
2642,2764,3662.82,1575877,0
2642,926,179.17,1576103,0
2643,2041,255.12,1576210,0
2643,631,2099.24,1576435,0
2643,2508,1092.33,1576706,0
2643,1415,667.75,1576917,0
2643,870,2704.97,1576957,0
2644,1265,626.88,1577283,0
2644,1535,3638.06,1577288,0
2644,1068,2144.64,1577555,0
2645,2897,1640.54,1577621,0
2645,262,1449.9,1577867,0
2645,1443,570.32,1577928,0
2645,758,1166.32,1578003,0
2645,43,142.41,1578222,0
2646,2677,1393.8,1578359,0
2647,1650,160.35,1578629,0
2647,1110,1425.51,1578870,0
2648,2940,3291.57,1579056,0
2648,324,2887.93,1579349,0
2648,1409,826.82,1579360,0
2648,2655,1984.73,1579451,0
2648,305,4436.16,1579822,0
2649,1049,562.77,1579939,0
2649,1101,1253.48,1580205,0
2649,2883,765.88,1580473,0
2649,622,1448.7,1580761,0
2649,1488,986.32,1581129,0
2650,545,328.45,1581410,0
2651,540,823.1,1581590,0
2651,939,3155.88,1581708,0
2651,1475,762.6,1581995,0
2651,95,2284.99,1582249,0
2652,2487,1196.29,1582543,0
2652,87,591.44,1582642,0
2652,558,2142.63,1582756,0
2653,168,1463.92,1582952,0
2653,453,1063.42,1583048,0
2654,2021,2171.64,1583347,0
2654,1634,6084.45,1583618,0
2655,1674,2040.81,1583997,0
2655,2006,374.31,1584130,0
2655,2083,990.57,1584513,0
2655,1337,2658.86,1584558,0
2655,2501,1164.98,1584813,0
2656,2835,267.47,1585192,0
2656,529,1411.3,1585454,0
2657,1372,1241.74,1585741,0
2657,1650,882.24,1585873,0
2658,1654,240.71,1586199,0
2658,2843,2953.58,1586385,0
2658,2427,857.68,1586432,0
2658,658,221.66,1586606,0
2659,120,257.5,1586751,0
2659,1381,383.35,1587035,0
2659,2873,2242.43,1587244,0
2660,194,682.01,1587396,0
2660,2438,1192.31,1587598,0
2660,760,3313.04,1587799,0
2660,2162,3527.2,1587934,0
2661,347,987.76,1588144,0
2661,327,2202.3,1588234,0
2661,655,1671.11,1588276,0
2662,2657,2671.11,1588435,0
2662,1414,1180.62,1588460,0
2662,1657,2360.58,1588674,0
2663,409,266.66,1588838,0
2663,867,1702.8,1588865,0
2664,2792,1399.42,1589211,0
2664,511,2654.19,1589584,0
2665,2360,1470.97,1589830,0
2666,1096,1008.42,1590114,0
2666,1502,1727.99,1590409,0
2666,727,803.05,1590430,0
2667,1488,710.13,1590790,0
2667,2074,477.51,1591064,0
2667,1586,1065.36,1591257,0
2667,1613,2324.62,1591270,0
2667,1872,678.79,1591418,0
2668,1522,268.0,1591657,0
2668,966,2581.43,1591677,0
2668,1225,4874.71,1592006,0
2668,1261,1214.09,1592055,0
2669,1784,290.93,1592135,0
2669,2183,1811.82,1592171,0
2669,2434,681.73,1592380,0
2670,1364,3448.87,1592609,0
2670,1216,1064.43,1592827,0
2671,1591,503.56,1592944,0
2671,1470,721.26,1592956,0
2672,824,1327.81,1593220,0
2672,2750,1937.51,1593259,0
2672,1253,824.3,1593514,0
2672,377,1366.52,1593784,0
2672,1938,5440.06,1593872,0
2673,174,902.27,1594009,0
2673,126,1328.08,1594217,0
2673,2685,974.4,1594536,0
2673,28,1020.98,1594794,0
2673,12,3769.29,1594797,0
2674,1339,1959.04,1594912,0
2674,275,195.19,1595017,0
2674,2174,381.24,1595033,0
2675,1811,1707.39,1595122,0
2675,1831,409.93,1595314,0
2675,745,1880.06,1595603,0
2675,2414,4596.84,1595778,0
2675,1093,349.08,1595843,0
2676,1942,1626.3,1596088,0
2677,402,548.8,1596268,0
2677,854,633.95,1596636,0
2677,1419,1327.19,1596934,0
2677,2119,1354.84,1597006,0
2678,2094,3861.87,1597047,0
2678,380,951.66,1597288,0
2678,2428,448.57,1597315,0
2678,2747,4620.45,1597489,0
2678,319,14027.59,1597685,0
2679,1746,1053.08,1597870,0
2679,2162,66.9,1598192,0
2679,2492,13461.42,1598380,0
2679,502,57.77,1598688,0
2680,1757,540.04,1598889,0
2680,1220,3650.41,1598940,0
2680,829,1211.92,1598978,0
2681,2570,874.22,1599058,0
2681,1281,1856.56,1599163,0
2681,2721,2068.18,1599415,0
2682,1320,832.7,1599710,0
2682,2824,10254.63,1599776,0
2683,2547,6850.0,1599934,0
2683,1399,2984.24,1600018,0
2684,2316,836.05,1600356,0
2684,1043,792.38,1600508,0
2684,1115,4075.26,1600727,0
2685,399,683.94,1600751,0
2685,2203,1233.57,1601112,0
2685,702,3655.69,1601453,0
2685,1630,1395.46,1601499,0
2686,2978,1425.86,1601803,0
2686,2836,1843.44,1602030,0
2686,462,924.71,1602235,0
2686,1090,492.07,1602557,0
2687,2795,717.96,1602580,0
2688,1073,3496.7,1602928,0
2689,421,1100.17,1603306,0
2689,1316,92.01,1603682,0
2690,133,2407.95,1604065,0
2691,19,2396.77,1604444,0
2691,294,1188.37,1604610,0
2691,512,620.54,1604813,0
2691,2179,1054.34,1605133,0
2692,1217,1944.09,1605142,0
2692,1724,804.35,1605189,0
2692,2075,1114.42,1605372,0
2692,2059,6015.85,1605665,0
2693,2300,2447.05,1605763,0
2693,1350,1019.65,1605812,0
2694,2280,954.12,1606095,0
2695,1529,1056.63,1606258,0
2695,672,1808.7,1606379,0
2695,2194,1332.89,1606723,0
2696,1973,951.88,1606909,0
2696,778,1935.58,1607065,0
2696,1431,1220.06,1607150,0
2697,818,911.78,1607294,0
2697,2119,1098.07,1607597,0
2698,519,870.93,1607801,0
2698,1728,928.26,1607877,0
2698,2299,7134.58,1607889,0
2698,1016,723.29,1607999,0
2699,487,1722.45,1608278,0
2699,687,1118.18,1608544,0
2699,392,822.84,1608856,0
2699,444,7067.52,1608906,0
2699,1848,16180.7,1609023,0
2700,2342,131.68,1609259,0
2700,219,1568.11,1609443,0
2700,1378,959.78,1609679,0
2700,936,3225.84,1609891,0
2700,966,453.15,1610054,0
2701,194,666.69,1610382,0
2701,2515,195.83,1610727,0
2701,495,2259.84,1610938,0
2702,1305,529.75,1611027,0
2703,2668,962.98,1611423,0
2703,712,56.09,1611784,0
2704,1284,1871.5,1611888,0
2704,512,1578.24,1612179,0
2704,2313,2957.0,1612249,0
2704,1880,404.44,1612643,0
2704,879,957.19,1613023,0
2705,2317,1182.82,1613220,0
2705,93,2282.22,1613475,0
2705,940,1395.17,1613622,0
2705,289,3260.09,1613915,0
2706,805,2175.15,1613926,0
2707,2597,4015.39,1614052,0
2707,207,1483.22,1614439,0
2707,1087,500.63,1614687,0
2707,759,4276.04,1614774,0
2708,2611,9271.7,1615123,0
2708,1030,1604.72,1615323,0
2709,1730,825.56,1615349,0
2709,1278,506.59,1615709,0
2709,368,592.04,1615887,0
2709,1029,1206.7,1616177,0
2710,2400,3879.74,1616522,0
2710,2533,168.96,1616527,0
2710,2275,544.21,1616622,0
2710,2823,1987.5,1616835,0
2710,247,1032.38,1617091,0
2711,562,1851.64,1617113,0
2711,520,296.06,1617176,0
2712,217,1781.3,1617337,0
2712,1067,2908.64,1617475,0
2712,2400,973.39,1617586,0
2713,754,278.29,1617774,0
2713,207,5746.62,1617989,0
2714,758,2882.68,1618204,0
2714,1559,540.64,1618275,0
2714,1634,2162.76,1618477,0
2714,316,3128.13,1618521,0
2714,540,2328.87,1618604,0
2715,2563,127.7,1619000,0
2716,1726,642.27,1619051,0
2716,1135,1159.19,1619448,0
2717,117,989.94,1619682,0
2717,122,1241.75,1619928,0
2718,462,603.45,1620295,0
2718,335,738.65,1620436,0
2718,507,3807.09,1620548,0
2718,652,119.06,1620594,0
2718,2487,981.27,1620617,0
2719,2117,2819.47,1620741,0
2719,2481,1245.88,1621030,0
2719,2139,860.47,1621208,0
2720,1243,1697.45,1621592,0
2721,111,815.06,1621740,0
2721,2070,713.59,1622070,0
2721,1014,976.24,1622455,0
2721,713,1244.63,1622688,0
2722,1125,2071.24,1623023,0
2723,1432,1910.86,1623408,0
2723,2353,1843.26,1623431,0
2723,2109,4856.97,1623449,0
2723,668,3780.34,1623560,0
2723,2767,2442.02,1623742,0
2724,1611,903.22,1623767,0
2725,1078,613.42,1624099,0
2725,2163,1192.09,1624295,0
2725,2973,1478.48,1624672,0
2725,1036,1822.81,1624883,0
2725,948,517.04,1625012,0
2726,2725,1514.49,1625378,0
2726,2510,668.09,1625593,0
2726,1257,580.8,1625837,0
2726,433,907.11,1625990,0
2726,2031,8610.02,1626299,0
2727,1451,946.34,1626589,0
2727,2817,13377.71,1626724,0
2727,2129,320.88,1627085,0
2727,2045,900.4,1627482,0
2727,51,1189.8,1627768,0
2728,480,6178.44,1627833,0
2728,2325,1299.15,1627874,0
2728,2771,1772.04,1628159,0
2728,510,312.98,1628359,0
2728,136,403.93,1628638,0
2729,735,502.76,1628648,0
2730,1988,896.39,1628874,0
2730,2326,1155.44,1629152,0
2730,2945,351.25,1629259,0
2730,302,845.62,1629401,0
2731,989,627.02,1629556,0
2731,2007,701.98,1629612,0
2731,1724,1635.68,1629968,0
2731,2855,12108.95,1630137,0
2732,2093,431.13,1630216,0
2732,2954,315.95,1630342,0
2732,470,600.48,1630450,0
2732,1807,801.91,1630516,0
2732,176,334.78,1630813,0
2733,2707,5508.83,1630998,0
2733,1388,1037.18,1631202,0
2733,2688,564.38,1631436,0
2733,2176,696.63,1631505,0
2733,855,4317.66,1631561,0
2734,603,507.73,1631606,0
2734,1562,329.94,1631958,0
2734,320,1486.21,1632274,0
2734,259,1891.92,1632457,0
2735,178,941.29,1632702,0
2735,2861,1569.63,1632823,0
2735,616,305.57,1633075,0
2735,2193,1461.29,1633117,0
2736,2937,240.98,1633507,0
2736,957,453.12,1633653,0
2736,712,1188.58,1633971,0
2737,2834,602.39,1634281,0
2737,2064,1571.2,1634469,0
2738,2532,592.0,1634753,0
2738,91,2164.6,1635113,0
2738,18,1099.59,1635161,0
2739,1076,6389.74,1635250,0
2739,656,3927.49,1635472,0
2739,70,839.68,1635707,0
2739,1443,717.99,1636098,0
2740,2621,268.66,1636204,0
2740,1144,1459.54,1636479,0
2740,920,1837.21,1636573,0
2741,2119,1024.17,1636574,0
2741,2645,292.62,1636743,0
2741,2368,1873.75,1637126,0
2741,1827,1351.41,1637223,0
2742,2569,5150.53,1637465,0
2742,622,2701.0,1637672,0
2742,2075,1750.45,1638026,0
2742,800,2300.78,1638034,0
2742,1380,5871.27,1638283,0
2743,212,1776.86,1638617,0
2743,2010,402.32,1638768,0
2743,181,1823.69,1638923,0
2743,1892,1073.1,1638931,0
2743,914,11813.55,1639223,0
2744,1442,16655.96,1639294,0
2745,115,141.58,1639387,0
2745,2530,308.92,1639576,0
2745,2597,2704.67,1639620,0
2745,2291,1246.45,1639821,0
2746,1407,446.3,1640128,0
2746,1007,413.82,1640207,0
2746,756,231.63,1640242,0
2746,1133,3708.9,1640403,0
2747,1969,1643.39,1640771,0
2748,2391,392.45,1640984,0
2748,2449,255.44,1641092,0
2748,915,351.93,1641268,0
2749,1956,664.28,1641441,0
2749,1059,1019.75,1641680,0
2750,1248,488.73,1641954,0
2751,2290,538.01,1642308,0
2751,1272,3178.34,1642615,0
2751,2827,1404.74,1642911,0
2751,2785,1049.52,1643264,0
2752,2221,619.8,1643327,0
2752,760,817.84,1643538,0
2752,118,784.55,1643705,0
2753,2400,4989.85,1644041,0
2753,39,1233.69,1644108,0
2754,1941,1256.68,1644501,0
2754,2151,1572.86,1644808,0
2754,2980,2372.72,1645186,0
2755,2563,3158.09,1645577,0
2755,2801,1032.63,1645638,0
2755,63,1437.42,1645838,0
2756,762,505.09,1645898,0
2756,1809,1293.64,1646004,0
2757,1738,459.72,1646015,0
2757,1773,521.45,1646301,0
2757,1978,174.95,1646403,0
2757,2581,2771.19,1646637,0
2758,2319,910.48,1646641,0
2758,2242,630.66,1646905,0
2758,2051,376.44,1647149,0
2758,2062,3989.78,1647269,0
2759,2107,1782.01,1647522,0
2759,424,1739.81,1647799,0
2759,270,582.75,1647884,0
2759,172,2303.36,1647968,0
2760,2076,1593.99,1648251,0
2760,46,214.6,1648339,0
2760,1623,2321.94,1648552,0
2761,2900,914.17,1648608,0
2761,1336,5769.91,1648839,0
2761,1765,455.59,1649065,0
2761,1639,1543.98,1649276,0
2761,1242,587.16,1649423,0
2762,2927,683.57,1649708,0
2762,1724,648.73,1649792,0
2762,751,2107.0,1650115,0
2762,601,1483.56,1650396,0
2763,1050,624.09,1650742,0
2763,1598,2213.68,1650855,0
2764,2790,2270.72,1650965,0
2764,512,754.85,1651179,0
2764,2692,1769.49,1651268,0
2765,2873,783.47,1651507,0
2765,1165,952.16,1651870,0
2765,2014,390.4,1651898,0
2766,619,2292.65,1652277,0
2766,400,815.85,1652439,0
2767,293,4263.55,1652674,0
2767,904,158.24,1653012,0
2767,964,1464.49,1653071,0
2767,2838,1351.28,1653282,0
2768,247,524.52,1653329,0
2768,1328,1694.1,1653405,0
2768,995,418.66,1653775,0
2768,347,130.76,1654040,0
2769,797,2079.2,1654366,0
2769,184,923.78,1654599,0
2769,1122,9033.58,1654847,0
2769,2188,802.72,1655178,0
2769,1670,956.35,1655190,0
2770,2760,125.54,1655264,0
2770,2421,736.08,1655487,0
2770,1489,941.9,1655517,0
2771,438,1448.32,1655740,0
2772,797,2671.32,1655891,0
2773,95,2916.57,1656054,0
2774,1979,1314.16,1656112,0
2774,586,464.07,1656174,0
2774,1640,2244.8,1656176,0
2774,1789,1113.03,1656258,0
2774,1446,822.72,1656397,0
2775,472,1439.93,1656540,0
2775,1154,844.78,1656778,0
2775,1639,2914.43,1656930,0
2775,1209,2509.08,1657064,0
2775,1678,1153.94,1657179,0
2776,2393,1133.59,1657563,0
2777,649,3280.08,1657721,0
2777,2391,634.31,1657927,0
2778,2202,834.67,1658303,0
2779,2389,413.88,1658485,0
2779,900,971.51,1658664,0
2779,2376,1664.45,1659029,0
2780,1894,2160.23,1659352,0
2781,139,1739.01,1659420,0
2781,2801,7670.52,1659563,0
2782,2143,222.83,1659781,0
2783,1263,555.5,1660098,0
2783,852,1222.48,1660099,0
2784,1447,921.97,1660242,0
2784,2042,1376.88,1660286,0
2785,1740,1833.03,1660443,0
2785,2083,1006.02,1660617,0
2785,1311,1589.3,1660906,0
2785,109,6921.05,1661094,0
2785,850,436.5,1661364,0
2786,1488,320.49,1661757,0
2786,1187,405.62,1662038,0
2786,83,886.91,1662069,0
2786,1754,2195.08,1662275,0
2786,287,1159.0,1662484,0
2787,2285,570.78,1662635,0
2787,2979,2945.53,1662981,0
2788,1860,152.0,1663107,0
2788,2449,619.56,1663160,0
2788,2234,4375.66,1663544,0
2788,571,223.7,1663725,0
2789,306,152.7,1664052,0
2789,1861,3272.83,1664224,0
2789,459,1003.54,1664281,0
2789,2143,1215.8,1664671,0
2789,1072,500.68,1664866,0
2790,1846,580.73,1664892,0
2791,666,1239.42,1665266,0
2792,2151,1775.44,1665614,0
2792,2275,3087.62,1665708,0
2792,690,4637.1,1666005,0
2792,2998,401.27,1666274,0
2792,709,1417.32,1666671,0
2793,1554,398.04,1666816,0
2793,1313,1793.05,1667018,0
2793,792,194.43,1667099,0
2793,2761,1280.02,1667331,0
2794,2707,174.37,1667494,0
2795,213,1941.88,1667749,0
2795,1002,1701.1,1667762,0
2795,2501,443.58,1667956,0
2796,2240,2068.29,1668272,0
2796,923,885.07,1668607,0
2796,2571,3396.13,1668612,0
2797,318,1313.44,1668911,0
2797,643,3831.55,1669232,0
2797,1364,13172.43,1669246,0
2798,1170,1806.98,1669620,0
2798,521,433.19,1669785,0
2798,2894,420.55,1670118,0
2799,591,762.92,1670316,0
2799,2120,4063.8,1670539,0
2800,1286,946.51,1670766,0
2800,2239,7139.94,1670956,0
2800,2076,193.84,1671329,0
2801,1682,3597.39,1671515,0
2801,460,1061.81,1671868,0
2801,1812,1476.31,1672016,0
2802,2116,389.65,1672329,0
2802,1834,643.42,1672417,0
2802,1790,21619.44,1672508,0
2802,770,1080.9,1672663,0
2802,975,703.06,1672944,0
2803,2488,931.89,1673147,0
2803,1668,1534.62,1673289,0
2803,2902,2706.47,1673515,0
2804,556,1636.0,1673590,0
2804,996,2029.26,1673956,0
2804,2317,942.86,1674077,0
2805,2502,4635.68,1674152,0
2805,2015,199.74,1674285,0
2805,847,460.44,1674373,0
2806,2823,976.98,1674476,0
2806,2971,468.75,1674721,0
2806,167,943.61,1674819,0
2806,2425,289.46,1674875,0
2807,1224,5893.23,1675013,0
2807,2670,2027.3,1675071,0
2808,9,1074.69,1675373,0
2808,1335,1236.1,1675534,0
2808,1517,1815.98,1675618,0
2809,2427,2487.21,1675976,0
2810,1080,891.36,1676119,0
2810,1328,1725.15,1676271,0
2811,1726,1042.18,1676372,0
2811,185,298.0,1676406,0
2811,2920,302.37,1676589,0
2811,581,259.1,1676697,0
2811,2959,6565.64,1676794,0
2812,72,2990.24,1676904,0
2813,1599,326.68,1677185,0
2813,298,3529.97,1677491,0
2813,2174,951.03,1677572,0
2813,914,7389.72,1677821,0
2813,50,1701.33,1678061,0
2814,639,331.55,1678392,0
2814,2511,1296.28,1678585,0
2814,2429,110.08,1678933,0
2814,212,2196.01,1679293,0
2814,2284,532.67,1679587,0
2815,1884,1320.36,1679720,0
2815,1309,390.4,1679958,0
2816,2342,1084.07,1680051,0
2817,2040,1370.95,1680372,0
2817,576,1129.64,1680532,0
2817,1559,2098.43,1680729,0
2817,1804,736.53,1680855,0
2818,2992,1304.06,1680973,0
2818,1636,4904.74,1681188,0
2819,1068,1471.45,1681193,0
2819,2866,840.71,1681330,0
2820,460,4677.52,1681710,0
2820,833,1045.31,1681984,0
2820,351,412.97,1682005,0
2820,2460,3658.55,1682078,0
2821,2796,937.09,1682342,0
2821,2897,1366.54,1682425,0
2821,684,7577.61,1682524,0
2822,2644,1079.9,1682532,0
2822,2664,530.92,1682632,0
2823,454,1104.75,1682983,0
2823,1275,6237.25,1683258,0
2823,2633,9025.56,1683590,0
2823,676,706.99,1683731,0
2823,231,747.39,1684009,0
2824,981,508.7,1684175,0
2824,1638,540.26,1684312,0
2825,2530,141.23,1684652,0
2825,2900,168.04,1684741,0
2825,1804,965.12,1685093,0
2825,973,2503.26,1685202,0
2826,866,1657.04,1685550,0
2826,184,2502.56,1685839,0
2826,50,1512.95,1686020,0
2826,959,1057.55,1686177,0
2827,324,705.53,1686227,0
2827,1244,131.4,1686489,0
2827,1185,958.09,1686822,0
2827,1678,647.92,1687215,0
2828,2615,853.2,1687567,0
2828,2607,1216.07,1687938,0
2828,201,816.82,1687950,0
2828,848,368.22,1688044,0
2828,1151,891.14,1688223,0
2829,2010,1191.89,1688571,0
2829,1971,943.17,1688765,0
2829,1477,2259.66,1689132,0
2830,195,3464.4,1689173,0
2830,234,9371.4,1689487,0
2830,1553,585.11,1689688,0
2830,1439,1084.81,1689912,0
2831,1396,1034.81,1690046,0
2831,864,1144.05,1690268,0
2831,469,1240.26,1690487,0
2831,986,577.38,1690508,0
2832,2516,5996.87,1690567,0
2832,2515,567.5,1690690,0
2832,2403,313.21,1691078,0
2833,1240,316.47,1691338,0
2833,1290,530.0,1691635,0
2833,74,2290.58,1691870,0
2833,125,2455.47,1691877,0
2834,1693,1213.43,1691899,0
2834,2541,4418.74,1692177,0
2835,658,261.35,1692501,0
2835,587,4665.61,1692732,0
2835,1910,6312.55,1692947,0
2836,758,148.77,1693108,0
2836,1506,1424.23,1693191,0
2836,403,5116.31,1693355,0
2836,1587,835.17,1693692,0
2836,1325,773.98,1693891,0
2837,1217,2205.09,1694113,0
2837,2276,395.6,1694387,0
2837,1111,3428.02,1694447,0
2837,2208,1189.08,1694651,0
2837,1249,4020.91,1694936,0
2838,2961,3649.73,1695015,0
2838,2064,1623.3,1695138,0
2838,2360,2678.6,1695189,0
2839,1298,2852.21,1695354,0
2840,133,464.31,1695562,0
2840,2670,10240.53,1695598,0
2840,1938,449.49,1695997,0
2841,377,1523.83,1696324,0
2841,2891,459.32,1696417,0
2841,1664,636.06,1696684,0
2842,1700,434.91,1696867,0
2842,83,875.07,1697227,0
2842,564,479.68,1697496,0
2842,1033,12518.14,1697790,0
2843,1566,1756.65,1698041,0
2843,1953,367.01,1698067,0
2843,2973,1061.66,1698204,0
2844,1641,741.76,1698482,0
2844,1862,685.65,1698575,0
2845,2549,621.61,1698809,0
2845,2288,5852.87,1698876,0
2845,455,2940.58,1699239,0
2845,167,1733.16,1699379,0
2846,191,2623.87,1699582,0
2846,365,1447.25,1699784,0
2846,1732,517.28,1700151,0
2846,1864,1416.88,1700407,0
2847,1861,2737.67,1700471,0
2847,1002,1549.16,1700495,0
2847,2205,8525.22,1700659,0
2848,256,380.26,1701039,0
2848,2918,76.44,1701400,0
2848,970,1440.1,1701457,0
2848,1678,882.21,1701793,0
2849,1361,4383.5,1702158,0
2849,29,414.85,1702219,0
2850,2868,766.37,1702360,0
2850,1077,1053.09,1702458,0
2851,2254,2571.99,1702762,0
2851,2507,1638.53,1702813,0
2851,2543,1275.54,1703053,0
2851,375,703.35,1703086,0
2852,2004,1311.98,1703236,0
2852,865,2652.82,1703251,0
2852,738,1403.39,1703512,0
2852,1439,811.24,1703555,0
2853,1601,1107.88,1703577,0
2853,2958,458.23,1703866,0
2853,903,933.57,1703899,0
2853,893,195.16,1703954,0
2853,1366,2588.71,1704035,0
2854,1122,3072.15,1704156,0
2855,2511,966.56,1704200,0
2855,722,1191.0,1704354,0
2856,1893,4286.48,1704580,0
2856,2375,10460.27,1704696,0
2856,1980,581.05,1705050,0
2857,222,4321.1,1705310,0
2857,1451,397.23,1705558,0
2857,1866,1924.79,1705926,0
2857,2837,2444.18,1706306,0
2857,1184,965.66,1706365,0
2858,205,432.72,1706410,0
2858,415,534.45,1706696,0
2858,2207,1440.48,1707079,0
2858,1046,1885.8,1707171,0
2859,1600,397.15,1707498,0
2860,717,881.06,1707821,0
2860,2461,1946.53,1707830,0
2860,2899,888.56,1708163,0
2861,2180,1357.93,1708403,0
2861,2979,3961.07,1708735,0
2861,522,1283.58,1708816,0
2861,57,382.03,1708835,0
2862,571,1877.22,1709161,0
2862,222,1410.71,1709441,0
2862,276,3378.66,1709820,0
2862,101,1419.72,1710011,0
2862,1623,1507.98,1710121,0
2863,1837,2179.45,1710443,0
2863,1688,607.46,1710794,0
2863,2924,872.52,1710936,0
2864,934,617.9,1710958,0
2865,2142,19900.68,1711182,0
2865,2531,2810.28,1711556,0
2866,1408,5008.03,1711828,0
2866,1997,165.01,1712027,0
2866,287,973.06,1712105,0
2866,1376,17812.76,1712215,0
2867,1552,992.9,1712366,0
2867,2480,838.98,1712559,0
2867,1676,518.87,1712619,0
2867,2840,412.55,1712782,0
2868,2657,467.86,1713112,0
2868,2106,2916.29,1713190,0
2868,1523,932.72,1713454,0
2868,1028,5670.87,1713520,0
2869,2852,2994.73,1713655,0
2870,2268,1081.55,1713949,0
2870,2764,783.27,1714159,0
2870,1312,1275.49,1714330,0
2871,248,373.03,1714703,0
2871,852,2302.79,1714878,0
2871,1175,2816.1,1715078,0
2872,931,642.12,1715412,0
2873,1477,215.85,1715588,0
2873,120,3285.63,1715654,0
2874,2003,1477.56,1716017,0
2874,864,2278.3,1716154,0
2874,1301,1550.29,1716527,0
2874,428,79.33,1716878,0
2875,1839,408.05,1717093,0
2875,361,212.93,1717414,0
2875,225,2295.7,1717750,0
2875,307,718.74,1718084,0
2875,752,711.48,1718322,0
2876,602,1146.47,1718375,0
2876,1133,702.25,1718379,0
2877,2873,5396.72,1718485,0
2877,1336,630.64,1718635,0
2878,893,1040.59,1718841,0
2878,423,249.7,1719124,0
2878,2379,1152.79,1719276,0
2879,849,3126.39,1719475,0
2879,175,3201.09,1719740,0
2879,1538,352.43,1720100,0
2879,2041,485.61,1720417,0
2879,536,211.48,1720682,0
2880,42,163.09,1721033,0
2880,677,934.3,1721081,0
2880,1204,1941.67,1721449,0
2880,1480,1751.93,1721551,0
2880,919,782.55,1721893,0
2881,119,1645.22,1722195,0
2882,854,950.41,1722235,0
2882,2941,3944.71,1722314,0
2882,1651,799.71,1722552,0
2882,2926,105.95,1722645,0
2883,424,1398.1,1722666,0
2883,325,826.03,1722911,0
2883,2425,256.57,1723270,0
2883,1821,723.18,1723610,0
2884,1427,457.82,1723800,0
2884,236,1648.45,1723934,0
2884,1198,829.52,1724109,0
2884,2716,930.63,1724210,0
2884,2519,3840.86,1724522,0
2885,2171,2753.14,1724919,0
2885,568,391.09,1725111,0
2885,1,249.88,1725299,0
2885,489,1254.36,1725379,0
2885,1691,2414.2,1725730,0
2886,2948,234.63,1725886,0
2886,938,2832.45,1726164,0
2887,701,3173.65,1726322,0
2887,1997,831.13,1726523,0
2887,2226,4286.35,1726668,0
2887,131,4601.88,1727007,0
2888,772,511.78,1727156,0
2888,2180,397.6,1727221,0
2888,2500,7800.64,1727339,0
2888,2850,3494.51,1727660,0
2889,1330,1212.53,1727895,0
2889,1616,177.98,1728181,0
2889,453,4959.14,1728558,0
2889,2488,1333.66,1728594,0
2889,2201,866.99,1728942,0
2890,2662,1557.25,1729341,0
2891,1259,3041.47,1729677,0
2891,87,1436.18,1730034,0
2891,782,1456.18,1730203,0
2891,189,1415.31,1730383,0
2891,2173,500.64,1730618,0
2892,1208,1699.79,1730855,0
2892,2128,490.02,1731207,0
2892,125,636.0,1731426,0
2892,2799,5008.61,1731641,0
2892,1835,3870.4,1731705,0
2893,1439,1149.18,1732079,0
2894,2425,489.06,1732423,0
2894,575,1076.62,1732593,0
2895,2473,271.14,1732809,0
2895,332,1021.5,1732894,0
2895,1130,1308.86,1733099,0
2895,2807,1861.69,1733315,0
2895,2852,508.68,1733359,0
2896,19,637.03,1733757,0
2896,1630,243.65,1733773,0
2897,2972,376.06,1733940,0
2897,447,2412.34,1734222,0
2897,118,162.01,1734414,0
2897,1503,2248.15,1734766,0
2898,1116,116.87,1735104,0
2898,909,1636.42,1735249,0
2898,2051,1060.95,1735341,0
2898,384,813.78,1735730,0
2898,182,456.93,1735906,0
2899,2654,668.13,1735968,0
2899,164,588.52,1736103,0
2899,495,856.24,1736348,0
2899,430,1966.58,1736708,0
2899,328,4714.69,1736805,0
2900,1270,1617.61,1736827,0
2900,1867,1031.64,1736969,0
2900,1002,1310.7,1737323,0
2900,1329,266.38,1737637,0
2901,2473,1133.37,1737779,0
2901,517,21711.41,1737871,0
2902,593,331.2,1738160,0
2903,1088,10635.76,1738443,0
2903,957,1057.0,1738733,0
2904,654,167.1,1739095,0
2904,632,523.57,1739340,0
2904,102,1591.39,1739446,0
2904,2485,1045.82,1739637,0
2904,1766,5268.3,1739830,0
2905,1003,6388.16,1740059,0
2905,2760,1147.57,1740162,0
2906,388,635.45,1740330,0
2906,2907,1698.29,1740407,0
2907,465,513.83,1740653,0
2907,106,2733.04,1740710,0
2908,639,2701.88,1740849,0
2909,2176,370.92,1740948,0
2909,1055,871.73,1741017,0
2909,22,4292.29,1741230,0
2909,2497,1170.36,1741351,0
2910,406,484.33,1741719,0
2910,2359,3496.1,1741983,0
2910,255,662.77,1742181,0
2911,2754,1188.43,1742259,0
2911,699,12321.95,1742494,0
2911,1078,1639.41,1742746,0
2911,2870,2703.94,1742851,0
2912,1158,6108.25,1742861,0
2912,1595,3618.19,1742924,0
2912,2112,1426.34,1743122,0
2913,1363,2577.27,1743418,0
2913,2035,354.13,1743711,0
2914,795,433.94,1743862,0
2914,1380,843.36,1743988,0
2914,2216,1175.16,1744321,0
2914,260,831.55,1744447,0
2914,944,1747.86,1744727,0
2915,130,609.94,1744758,0
2915,2325,716.98,1745114,0
2915,1151,249.1,1745350,0
2915,678,382.93,1745361,0
2916,2245,227.98,1745676,0
2916,1662,739.98,1745702,0
2916,509,671.97,1746007,0
2917,1623,2529.14,1746224,0
2917,1550,687.69,1746301,0
2917,243,438.63,1746542,0
2917,1817,521.92,1746903,0
2917,795,3123.78,1747166,0
2918,51,710.71,1747495,0
2918,269,491.43,1747732,0
2918,1049,10782.46,1747889,0
2919,26,155.53,1747933,0
2919,1493,704.44,1748087,0
2919,1719,3233.82,1748098,0
2919,569,2367.75,1748353,0
2920,2117,4638.76,1748647,0
2920,2841,474.53,1748704,0
2920,2293,1314.23,1748915,0
2921,936,157.8,1749173,0
2921,12,2505.49,1749199,0
2922,2246,392.52,1749454,0
2922,316,1190.13,1749615,0
2922,2829,1454.83,1749899,0
2923,733,535.62,1749910,0
2923,872,1241.3,1750255,0
2923,483,919.42,1750525,0
2923,1056,2733.71,1750754,0
2924,2364,207.0,1750863,0
2924,2705,496.67,1751135,0
2924,1100,1005.03,1751497,0
2924,93,1568.29,1751819,0
2925,1800,966.52,1751954,0
2925,740,1127.27,1752160,0
2925,2598,5739.66,1752364,0
2925,1335,966.51,1752677,0
2925,413,2478.22,1752934,0
2926,409,307.62,1753327,0
2926,816,869.9,1753484,0
2926,131,488.32,1753796,0
2927,2498,539.21,1753955,0
2928,481,599.42,1754094,0
2928,2862,1070.8,1754313,0
2928,929,680.48,1754630,0
2928,281,398.13,1754971,0
2928,1918,961.26,1755089,0
2929,459,2224.34,1755438,0
2929,860,513.43,1755462,0
2930,2111,552.62,1755777,0
2930,358,2295.78,1756045,0
2930,906,3845.09,1756362,0
2930,467,2248.72,1756713,0
2931,1348,1346.87,1756827,0
2931,2528,2060.77,1757217,0
2931,1834,1800.88,1757231,0
2932,236,469.86,1757585,0
2932,1427,7854.86,1757778,0
2933,2475,793.33,1757916,0
2933,6,123.13,1758177,0
2933,625,5065.78,1758551,0
2934,2136,191.95,1758679,0
2934,1416,1084.37,1758892,0
2934,1065,1188.5,1758896,0
2934,324,279.36,1758961,0
2934,499,3164.7,1759074,0
2935,130,435.03,1759339,0
2935,440,1398.67,1759360,0
2935,1756,8203.47,1759509,0
2936,1914,459.95,1759887,0
2936,1217,832.42,1760141,0
2936,1044,1384.5,1760271,0
2937,1607,300.12,1760535,0
2937,1654,3671.33,1760582,0
2937,1023,995.53,1760854,0
2938,49,966.08,1761093,0
2938,2478,1652.28,1761346,0
2939,464,1336.74,1761453,0
2939,1740,1150.89,1761706,0
2939,620,642.45,1761883,0
2939,2915,5064.52,1762081,0
2940,625,1222.84,1762412,0
2940,1845,4196.47,1762429,0
2940,2212,181.06,1762475,0
2940,1265,1573.38,1762664,0
2941,1336,1452.79,1762845,0
2941,1446,4091.97,1763197,0
2941,2534,295.91,1763413,0
2941,2978,785.36,1763773,0
2942,2604,1573.77,1764004,0
2942,1068,431.73,1764095,0
2943,1828,868.57,1764418,0
2944,2463,1605.41,1764565,0
2944,1903,2511.65,1764858,0
2944,1701,1927.07,1765246,0
2944,411,2937.86,1765370,0
2944,2710,8454.26,1765413,0
2945,649,374.44,1765729,0
2945,2259,1249.9,1765864,0
2945,1789,390.77,1766010,0
2946,1738,927.45,1766169,0
2946,1241,1322.89,1766250,0
2947,2908,1276.12,1766627,0
2948,1256,2110.57,1766819,0
2948,392,813.43,1766881,0
2949,210,316.48,1766980,0
2950,124,1858.03,1767255,0
2950,1948,435.15,1767560,0
2951,259,6060.56,1767925,0
2951,825,1312.08,1768065,0
2951,2693,201.71,1768273,0
2951,247,4766.53,1768438,0
2952,1770,5322.15,1768592,0
2952,2945,2408.39,1768761,0
2952,851,186.06,1768860,0
2952,111,1839.48,1768874,0
2952,1477,291.14,1769057,0
2953,2695,924.78,1769109,0
2953,541,1469.51,1769212,0
2953,1938,1870.29,1769537,0
2953,633,718.37,1769752,0
2953,2067,2116.87,1769886,0
2954,584,5654.36,1770158,0
2954,2056,1192.11,1770216,0
2954,267,604.33,1770345,0
2954,1470,902.28,1770711,0
2954,419,4061.47,1770824,0
2955,1183,135.56,1771065,0
2955,2560,440.82,1771080,0
2955,956,1851.73,1771145,0
2955,2438,571.8,1771398,0
2955,778,7043.57,1771520,0
2956,2951,6447.36,1771794,0
2956,2576,810.84,1772140,0
2956,745,455.65,1772223,0
2957,2606,961.6,1772320,0
2957,1499,150.75,1772417,0
2957,1669,588.55,1772456,0
2958,1098,1750.28,1772466,0
2958,2868,2945.79,1772526,0
2958,547,1723.56,1772785,0
2958,2612,203.59,1773149,0
2959,2891,281.36,1773247,0
2959,1202,1327.85,1773373,0
2959,1742,1332.68,1773562,0
2959,2898,571.13,1773579,0
2960,1009,551.34,1773663,0
2961,241,2797.36,1773929,0
2962,1223,4825.6,1774316,0
2962,2332,1970.54,1774605,0
2962,2626,9047.44,1774885,0
2963,2348,1336.98,1775051,0
2963,65,11505.88,1775420,0
2964,2055,3200.33,1775795,0
2964,1023,2389.84,1775846,0
2964,2588,4527.78,1776019,0
2964,2609,1492.54,1776043,0
2964,2764,1270.57,1776369,0
2965,1800,1777.82,1776670,0
2965,2294,1252.4,1776917,0
2965,2404,822.95,1777245,0
2966,522,4523.31,1777265,0
2967,1331,1284.07,1777508,0
2967,1711,642.19,1777812,0
2967,1078,4615.79,1777924,0
2967,1917,607.61,1778222,0
2967,1482,373.49,1778406,0
2968,42,784.22,1778579,0
2968,2585,1607.81,1778810,0
2968,957,353.96,1779184,0
2968,478,689.31,1779444,0
2969,2324,1028.7,1779555,0
2969,183,978.71,1779584,0
2969,2062,1608.34,1779867,0
2969,999,1684.95,1779892,0
2969,2177,3255.72,1780272,0
2970,316,767.41,1780399,0
2970,2383,706.22,1780540,0
2970,2320,148.12,1780939,0
2970,2570,185.21,1780952,0
2971,1863,344.43,1781244,0
2971,173,202.16,1781573,0
2971,701,4099.55,1781782,0
2971,1450,5070.32,1782094,0
2972,2231,182.37,1782437,0
2972,1378,3766.83,1782691,0
2972,2976,2418.22,1782959,0
2973,1000,1203.31,1783143,0
2973,2917,539.3,1783326,0
2973,524,1036.57,1783632,0
2974,2907,625.39,1784009,0
2974,2357,7308.9,1784056,0
2975,250,4011.17,1784205,0
2976,2918,3764.49,1784394,0
2976,515,3256.4,1784465,0
2977,219,113.55,1784735,0
2977,1052,170.96,1785096,0
2977,1631,1989.61,1785436,0
2978,2584,501.42,1785810,0
2978,1418,5143.59,1785864,0
2979,1299,1979.9,1786053,0
2980,1332,1565.07,1786210,0
2980,1861,1193.04,1786259,0
2981,885,613.53,1786582,0
2981,1256,1321.46,1786762,0
2981,437,3173.73,1787141,0
2981,1119,2104.66,1787243,0
2981,2192,1298.19,1787593,0
2982,2504,970.69,1787928,0
2982,2506,1928.27,1788149,0
2983,1992,2310.87,1788497,0
2984,1514,1299.28,1788599,0
2984,1059,6022.54,1788692,0
2984,1007,2502.85,1788706,0
2984,1742,696.63,1788839,0
2985,858,6145.06,1789121,0
2985,2343,94.38,1789216,0
2986,328,2721.48,1789341,0
2987,288,61.05,1789546,0
2987,49,1043.38,1789764,0
2987,2329,4634.75,1790150,0
2987,1838,1005.54,1790307,0
2988,1812,539.83,1790467,0
2988,1615,650.84,1790648,0
2989,21,1507.66,1790982,0
2989,2229,168.97,1791207,0
2989,2038,908.73,1791563,0
2990,485,405.82,1791681,0
2990,2192,2392.76,1791768,0
2990,2796,768.73,1791853,0
2990,1339,1697.66,1792093,0
2991,467,899.07,1792470,0
2991,1391,2614.07,1792803,0
2991,2785,111.49,1792862,0
2992,387,1275.17,1792863,0
2992,1565,660.86,1792921,0
2993,73,985.89,1792979,0
2993,535,3228.7,1793101,0
2993,646,123.72,1793202,0
2994,2959,1816.23,1793218,0
2994,2963,728.87,1793285,0
2994,826,2106.37,1793513,0
2994,301,162.7,1793778,0
2995,1221,794.94,1793997,0
2995,15,772.86,1794168,0
2995,958,12051.45,1794329,0
2995,2626,293.8,1794641,0
2995,2210,1935.47,1794915,0
2996,584,2057.13,1795238,0
2997,791,717.39,1795539,0
2997,1892,576.05,1795676,0
2997,603,455.7,1795695,0
2997,2966,772.94,1795962,0
2997,559,1823.18,1796193,0
2998,1,678.37,1796254,0
2998,722,932.97,1796360,0
2998,1507,1588.13,1796440,0
2998,621,2299.62,1796568,0
2999,2593,1354.8,1796859,0
2999,2456,234.15,1796934,0
2999,732,681.87,1797113,0
3000,3001,254.6,385,1
3001,3002,1822.53,386,1
3002,3003,359.26,387,1
3003,3004,1290.82,388,1
3004,3005,1508.99,389,1
3005,3006,1183.07,390,1
3006,3007,582.92,391,1
3007,3000,888.59,392,1
3008,3009,363.97,118,1
3009,3010,838.21,119,1
3010,3011,1063.5,120,1
3011,3012,1076.48,121,1
3012,3013,1605.13,122,1
3013,3014,777.36,123,1
3014,3015,438.95,124,1
3015,3008,2840.68,125,1
3016,3017,203.9,224,1
3017,3018,1769.99,225,1
3018,3019,448.43,226,1
3019,3020,573.97,227,1
3020,3021,3546.48,228,1
3021,3016,123.57,229,1
3022,3023,349.04,387,1
3023,3024,715.92,388,1
3024,3025,309.58,389,1
3025,3026,943.66,390,1
3026,3027,492.51,391,1
3027,3028,2187.19,392,1
3028,3029,1068.29,393,1
3029,3030,874.15,394,1
3030,3031,6426.11,395,1
3031,3022,1608.87,396,1
3032,3033,1055.93,300,1
3033,3034,1452.46,301,1
3034,3035,1507.37,302,1
3035,3036,533.16,303,1
3036,3037,2353.47,304,1
3037,3038,1850.21,305,1
3038,3039,531.35,306,1
3039,3040,349.78,307,1
3040,3041,573.55,308,1
3041,3042,251.73,309,1
3042,3032,1350.2,310,1
3043,3044,631.32,12,1
3044,3045,5072.72,13,1
3045,3046,922.08,14,1
3046,3047,2713.15,15,1
3047,3048,2568.44,16,1
3048,3049,700.46,17,1
3049,3043,303.86,18,1
3050,3051,1348.31,179,1
3050,3052,480.04,179,1
3050,3053,2479.97,177,1
3050,3054,961.29,176,1
3050,3055,881.29,177,1
3050,3056,157.8,179,1
3050,3057,1275.26,178,1
3050,3058,3372.87,176,1
3050,3059,1688.65,178,1
3050,3060,737.81,178,1
3050,3061,1024.4,178,1
3050,3062,1181.2,179,1
3050,3063,4145.6,176,1
3064,3065,2878.19,134,1
3064,3066,3647.68,131,1
3064,3067,782.62,131,1
3064,3068,1811.25,135,1
3064,3069,15160.79,135,1
3064,3070,2226.66,132,1
3064,3071,3399.96,135,1
3064,3072,548.86,134,1
3073,3074,433.61,129,1
3073,3075,350.01,130,1
3073,3076,251.97,130,1
3073,3077,1281.21,133,1
3073,3078,686.3,131,1
3073,3079,2069.35,133,1
3073,3080,1000.02,129,1
3073,3081,1468.2,129,1
3073,3082,678.12,131,1
3073,3083,26965.83,133,1
3073,3084,915.54,133,1
3073,3085,764.0,133,1
3073,3086,1324.29,131,1
3087,3088,659.97,308,1
3087,3089,535.57,308,1
3087,3090,376.22,308,1
3087,3091,1249.49,310,1
3087,3092,266.24,312,1
3087,3093,616.52,310,1
3087,3094,1325.54,311,1
3087,3095,217.18,311,1
3087,3096,4875.58,312,1
3087,3097,364.08,309,1
3087,3098,5777.99,312,1
3099,3100,1436.08,384,1
3099,3101,671.35,381,1
3099,3102,346.61,381,1
3099,3103,275.26,382,1
3099,3104,563.4,384,1
3099,3105,3674.65,381,1
3099,3106,697.23,382,1
3099,3107,122.19,381,1
3099,3108,736.25,382,1
3109,3115,4847.35,420,1
3109,3117,1338.79,421,1
3109,3118,1439.36,425,1
3109,3119,2521.67,422,1
3109,3120,2451.24,420,1
3110,3115,12142.7,424,1
3110,3117,1881.81,423,1
3110,3118,2485.55,425,1
3110,3119,8653.7,422,1
3110,3120,631.62,421,1
3111,3116,1348.13,423,1
3111,3118,1129.16,425,1
3111,3119,2607.78,425,1
3111,3120,1257.15,420,1
3112,3115,710.82,420,1
3112,3116,2488.69,421,1
3112,3118,2339.46,424,1
3112,3120,480.8,422,1
3113,3115,1739.18,424,1
3113,3118,338.91,422,1
3114,3115,1211.73,422,1
3114,3116,1131.41,427,1
3114,3117,774.92,426,1
3114,3118,339.36,420,1
3114,3119,524.95,424,1
3114,3120,233.04,427,1
3121,3127,2460.25,444,1
3121,3128,2272.29,441,1
3121,3129,1812.46,441,1
3121,3131,829.06,446,1
3121,3132,305.39,440,1
3122,3127,2597.84,443,1
3122,3128,1231.12,441,1
3122,3129,2443.3,443,1
3122,3130,1310.35,447,1
3122,3131,3879.81,441,1
3122,3132,2661.24,442,1
3123,3127,1463.28,445,1
3123,3128,2578.96,445,1
3123,3130,1453.13,442,1
3124,3127,584.78,445,1
3124,3129,7263.21,440,1
3124,3130,490.81,442,1
3124,3131,1001.38,445,1
3124,3132,814.03,446,1
3125,3128,301.41,441,1
3125,3129,1444.21,445,1
3125,3130,213.81,442,1
3125,3131,592.84,446,1
3126,3128,1606.62,441,1
3126,3129,602.25,442,1
3126,3130,5220.78,442,1
3126,3131,532.54,442,1
3126,3132,3749.09,441,1
3133,3140,1663.24,127,1
3133,3141,1138.44,128,1
3133,3142,2096.86,125,1
3133,3143,3036.54,130,1
3133,3144,1619.04,126,1
3134,3139,1277.26,129,1
3134,3140,298.17,128,1
3134,3141,690.21,127,1
3134,3142,2137.96,129,1
3134,3143,2867.96,124,1
3135,3140,289.74,124,1
3135,3141,3103.77,126,1
3135,3142,698.93,130,1
3135,3143,1088.57,125,1
3135,3144,678.77,128,1
3136,3139,5173.07,127,1
3136,3140,4763.57,129,1
3136,3141,796.13,125,1
3136,3142,2038.07,124,1
3136,3144,1594.35,128,1
3137,3139,273.6,129,1
3137,3141,717.06,124,1
3137,3143,6367.47,126,1
3137,3144,1786.79,129,1
3138,3140,2774.12,125,1
3138,3142,7760.07,125,1
3138,3143,977.27,124,1
3138,3144,3609.22,125,1
3145,3151,944.35,138,1
3145,3152,1020.99,140,1
3145,3153,452.14,139,1
3145,3154,2280.34,135,1
3146,3151,554.19,139,1
3146,3152,480.56,133,1
3146,3153,3780.94,138,1
3146,3154,1886.83,133,1
3146,3155,1230.87,139,1
3146,3156,4282.21,134,1
3147,3151,3374.68,135,1
3147,3152,614.31,135,1
3147,3153,526.16,137,1
3147,3154,395.81,134,1
3147,3155,581.75,136,1
3147,3156,3953.73,140,1
3148,3151,1024.39,134,1
3148,3152,634.33,134,1
3148,3153,485.8,139,1
3148,3154,290.46,135,1
3148,3155,1386.56,137,1
3148,3156,2212.18,133,1
3149,3153,770.99,135,1
3149,3154,864.18,139,1
3149,3155,867.48,136,1
3150,3152,1109.69,137,1
3150,3153,302.31,139,1
3150,3154,455.34,136,1
3150,3155,777.57,138,1
3150,3156,4124.81,134,1
3157,3163,387.67,306,1
3157,3164,7933.24,306,1
3157,3165,172.94,310,1
3157,3166,4119.63,306,1
3157,3167,1787.96,309,1
3157,3168,2043.05,306,1
3158,3163,11759.52,309,1
3158,3164,2049.05,311,1
3158,3166,375.6,307,1
3158,3167,1492.46,312,1
3158,3168,1678.8,309,1
3159,3165,1282.15,310,1
3159,3166,1412.27,310,1
3159,3167,337.52,309,1
3159,3168,3391.55,306,1
3160,3163,267.98,308,1
3160,3164,246.2,310,1
3160,3165,3994.18,312,1
3160,3167,477.33,311,1
3160,3168,4542.84,308,1
3161,3163,3999.8,307,1
3161,3164,988.5,309,1
3161,3165,1131.47,310,1
3161,3167,2794.23,311,1
3161,3168,1245.03,309,1
3162,3164,5273.1,311,1
3162,3166,2477.9,313,1
3162,3168,362.77,311,1
3170,3169,883.67,308,1
3171,3169,1397.71,379,1
3172,3169,643.11,391,1
3173,3169,944.41,438,1
3174,3169,542.83,123,1
3175,3169,680.99,426,1
3176,3169,115.1,334,1
3177,3169,470.47,290,1
3178,3169,2697.04,450,1
3179,3169,1937.74,156,1
3180,3169,1045.08,174,1
3182,3181,177.44,121,1
3183,3181,860.15,259,1
3184,3181,6880.32,397,1
3185,3181,1213.55,289,1
3186,3181,2178.08,439,1
3187,3181,509.0,194,1
3188,3181,1072.56,210,1
3189,3181,802.47,460,1
3190,3181,2781.41,65,1
3191,3181,1904.1,14,1
3192,3181,1525.83,272,1
3193,3181,4041.05,27,1
3195,3194,322.07,341,1
3196,3194,537.57,431,1
3197,3194,2085.78,115,1
3198,3194,783.84,120,1
3199,3194,520.86,16,1
3200,3194,2613.72,102,1
3201,3194,675.77,94,1
3202,3194,858.14,145,1
3203,3194,782.47,137,1
3204,3194,2086.48,251,1
3205,3194,449.35,410,1
3207,3206,6009.42,407,1
3208,3206,12227.71,125,1
3209,3206,575.64,229,1
3210,3206,628.07,251,1
3211,3206,1479.17,185,1
3212,3206,1378.34,379,1
3213,3206,392.16,199,1
3214,3206,3449.75,267,1
3215,3206,643.04,188,1
3216,3206,943.29,123,1
3218,3217,1633.28,187,1
3219,3217,706.75,475,1
3220,3217,5255.43,240,1
3221,3217,37.13,495,1
3222,3217,2307.25,369,1
3223,3217,2289.72,405,1
3224,3217,2201.96,238,1
3225,3217,846.56,17,1
3226,3217,879.46,346,1
3227,3217,734.81,346,1
3228,3217,179.28,444,1
