node_id,out_degree,in_degree,total_out,total_in,mean_amount,std_amount,account_age_days,n_counterparties,device,label,ring_type
0,4,2,11854.09,2415.1,2378.1983333333333,1976.8187873316112,1167,6,62,0,none
1,2,6,3049.4700000000003,8090.5199999999995,1392.49875,902.1289758598476,675,8,458,0,none
2,5,4,3864.09,5182.4400000000005,1005.1700000000001,615.2063046924449,1292,9,303,0,none
3,5,5,15175.619999999999,7131.879999999999,2230.75,2331.163120208451,1055,10,60,0,none
4,5,2,7994.07,2340.96,1476.432857142857,1526.1256315699225,168,7,141,0,none
5,4,2,13166.31,2657.79,2637.35,1727.943931864303,1464,6,368,0,none
6,2,3,1184.49,2667.05,770.308,460.8824881637401,1148,5,515,0,none
7,1,3,2488.53,6940.34,2357.2174999999997,1122.0263150518128,1185,4,502,0,none
8,2,2,2414.59,1610.05,1006.1600000000001,750.2629074864357,218,4,359,0,none
9,1,3,690.54,2360.0,762.635,197.76734645790242,692,4,587,0,none
10,4,2,5055.39,8767.17,2303.76,2620.7771941480773,575,6,350,0,none
11,3,5,5707.39,8773.47,1810.1075,2212.764972561196,1392,8,127,0,none
12,5,7,6465.92,14331.000000000002,1733.0766666666666,969.2177390498426,976,12,547,0,none
13,4,6,2920.32,12873.949999999999,1579.427,2335.612557994369,1239,10,281,0,none
14,4,3,8095.94,7161.8,2179.6771428571424,1968.522076248461,681,7,381,0,none
15,1,2,351.31,2045.35,798.8866666666667,376.5201974514633,364,3,315,0,none
16,1,3,682.31,2219.0,725.3275,219.167263337274,845,4,64,0,none
17,1,1,3563.33,1416.38,2489.855,1073.475,123,2,621,0,none
18,3,4,3932.4900000000002,14845.09,2682.5114285714285,3352.7681603817146,1246,7,600,0,none
19,5,4,5555.669999999999,6316.19,1319.0955555555558,1244.3910934456712,958,9,193,0,none
20,3,2,1471.49,4950.45,1284.3880000000001,1000.0344625941647,1144,5,115,0,none
21,1,3,3782.58,4042.6000000000004,1956.295,1246.1610234937539,551,4,490,0,none
22,1,2,2800.01,4516.89,2438.9666666666667,1680.1368397511226,1456,3,47,0,none
23,1,2,352.92,1602.25,651.7233333333334,313.8614121267893,1342,3,311,0,none
24,2,1,8608.16,1950.64,3519.6,3377.5083967129767,1174,3,474,0,none
25,2,0,4288.81,0.0,1429.6033333333335,1298.25514370464,316,2,531,0,none
26,4,3,11616.449999999999,4878.2,2356.378571428571,1725.1065783260099,716,7,254,0,none
27,2,2,2011.8,18020.8,5008.15,4982.16891363089,94,4,348,0,none
28,4,2,6240.780000000001,2895.2799999999997,1522.676666666667,564.380412980071,256,6,382,0,none
29,5,3,37257.17,2848.46,5013.20375,7079.589647509482,1034,8,520,0,none
30,2,2,3507.65,1703.28,1302.7324999999998,810.8222091918487,1124,4,645,0,none
31,4,2,18261.920000000002,2225.0499999999997,3414.4950000000003,5581.073966495307,1452,6,256,0,none
32,1,5,1041.52,5507.99,1091.585,601.2132271706936,508,6,287,0,none
33,3,5,1622.2400000000002,42065.65,5460.986250000001,5936.730126228868,574,8,633,0,none
34,2,3,5095.54,3056.51,1630.4099999999999,860.1013628637033,720,5,53,0,none
35,5,4,4758.92,3046.66,867.2866666666666,693.6822773351564,308,9,556,0,none
36,1,5,532.06,16023.09,2759.191666666667,1775.4809565900414,220,6,324,0,none
37,3,2,4692.9,4202.3,1779.0400000000002,1522.5863018955608,729,5,480,0,none
38,2,4,3673.58,6858.900000000001,1755.4133333333332,1761.746288635859,363,6,231,0,none
39,1,1,807.38,1233.69,1020.5350000000001,213.15500000000003,1014,2,395,0,none
40,2,2,3282.57,1553.35,1208.98,492.65918041786256,672,4,658,0,none
41,1,1,1142.77,517.37,830.0699999999999,312.7,1254,2,112,0,none
42,1,5,2217.53,12508.529999999999,2454.3433333333332,3091.343492764199,1059,6,440,0,none
43,1,7,1748.18,4842.62,823.8500000000001,619.2978512396115,489,8,68,0,none
44,4,4,5557.039999999999,5772.12,1416.145,1526.9500246651821,1253,8,537,0,none
45,3,3,1256.02,1658.8200000000002,485.8066666666667,371.7874124938725,1213,6,304,0,none
46,3,4,7900.539999999999,2004.6200000000001,1415.0228571428572,1129.718817920311,599,7,589,0,none
47,1,4,3339.78,4592.710000000001,1586.498,1058.2369789116237,453,5,628,0,none
48,1,5,1419.76,4950.77,1061.7549999999999,756.741522885016,1033,6,167,0,none
49,5,4,4939.28,5154.35,1121.5144444444445,556.0865485817654,235,9,445,0,none
50,2,4,2003.59,9460.880000000001,1910.745,978.4876026254327,323,6,582,0,none
51,2,5,2299.58,10108.939999999999,1772.6457142857143,1690.6730707523993,40,7,563,0,none
52,1,3,801.88,3368.3799999999997,1042.5649999999998,635.6484319378126,1186,4,557,0,none
53,5,0,10167.33,0.0,1694.555,2269.2216116453524,1007,5,546,0,none
54,4,3,4763.990000000001,19969.03,3533.2885714285717,3840.6584371151353,1066,7,330,0,none
55,1,0,1908.27,0.0,954.135,954.135,1177,1,193,0,none
56,3,3,4209.12,8295.14,2084.0433333333335,1553.9991348417439,704,6,388,0,none
57,3,2,4017.45,1850.33,1173.556,651.2662575506274,866,4,353,0,none
58,5,1,7345.179999999999,1159.5,1417.4466666666667,1061.5401686490982,235,6,26,0,none
59,4,1,5100.349999999999,2136.8,1447.4299999999998,509.28403253979997,198,5,171,0,none
60,3,3,2057.26,4036.98,1015.7066666666666,623.4824657696655,1012,6,307,0,none
61,3,2,7050.49,1042.5,1618.598,2168.3383312241654,722,5,458,0,none
62,3,2,3329.73,2396.15,1145.176,614.5865023770046,860,5,598,0,none
63,1,1,73.42,1437.42,755.4200000000001,682.0000000000001,1154,2,55,0,none
64,2,1,1689.75,388.88,692.8766666666667,425.1733024178364,963,3,402,0,none
65,1,2,1360.36,12906.22,4755.526666666666,4773.248523017514,843,3,395,0,none
66,4,3,3168.46,1853.12,717.3685714285714,336.6671374105956,852,7,63,0,none
67,5,3,4890.62,4281.33,1146.4937499999999,641.7925926250921,476,8,556,0,none
68,2,3,890.9000000000001,6953.39,1568.858,1448.2088681595621,75,5,421,0,none
69,2,5,2350.93,6315.05,1237.9971428571425,702.6363490803615,671,7,243,0,none
70,3,4,2840.75,4626.01,1066.68,755.5526212552733,345,7,687,0,none
71,2,1,6146.969999999999,378.22,2175.063333333333,2585.9949716931433,630,3,193,0,none
72,4,1,3307.7300000000005,2990.24,1259.594,952.8994729267091,1284,5,694,0,none
73,2,2,2362.58,1313.49,919.0174999999999,354.7286985412232,373,4,24,0,none
74,4,2,10836.52,2462.54,2216.5099999999998,2351.83778632796,115,6,575,0,none
75,2,1,3076.71,3909.14,2328.616666666667,1147.3053254280464,443,3,598,0,none
76,1,5,1212.17,12301.13,2252.2166666666667,1841.087969115605,461,6,642,0,none
77,3,3,2713.22,6948.62,1610.3066666666664,1655.1970950379964,1003,6,304,0,none
78,2,2,865.73,2210.85,769.145,580.8433744349676,848,4,88,0,none
79,1,1,7637.82,1739.53,4688.675,2949.145,1182,2,353,0,none
80,4,2,3808.41,2751.46,1093.3116666666667,1054.8883595657041,1006,6,697,0,none
81,3,5,4940.320000000001,5694.98,1329.4125,1382.6465852012761,627,8,286,0,none
82,1,2,3279.75,1528.3,1602.6833333333334,1194.5788338527052,1226,3,292,0,none
83,4,3,10114.25,3722.33,1976.6542857142856,969.0136918516262,275,7,224,0,none
84,5,4,4466.26,12743.369999999999,1912.1811111111108,2306.708313638696,63,9,234,0,none
85,4,1,8963.56,1841.64,2161.04,1879.5609408582634,162,5,74,0,none
86,4,2,6594.11,4137.87,1788.6633333333332,1138.6793817352138,1091,6,540,0,none
87,2,6,2824.3,23692.56,3314.6075,2868.9527801348963,708,8,487,0,none
88,5,0,8545.07,0.0,1424.1783333333333,1777.7581103402554,267,5,501,0,none
89,4,2,5379.8,10848.66,2704.7433333333333,2288.697751980855,766,6,630,0,none
90,3,3,6546.98,2807.62,1559.0999999999997,1794.4605771837582,253,6,656,0,none
91,4,5,3899.7799999999997,18298.62,2466.4888888888886,3793.2575462477407,1053,9,348,0,none
92,4,0,10827.48,0.0,2165.496,2002.6704994741394,685,4,346,0,none
93,3,2,3222.17,3850.5099999999998,1414.5359999999998,566.678261929995,590,5,116,0,none
94,2,4,2203.05,8591.87,1799.1533333333334,1109.5204703033749,473,6,167,0,none
95,3,5,11206.82,7294.07,2312.61125,2424.318638140609,956,8,478,0,none
96,1,2,634.6,1786.19,806.93,670.8283572320618,561,3,425,0,none
97,5,1,8925.37,10785.87,3285.206666666667,3663.1284705684143,158,6,671,0,none
98,4,1,8519.91,34684.44,8640.87,13101.207448204153,203,5,239,0,none
99,3,2,4326.2699999999995,2160.83,1297.4199999999998,1285.2342729479324,1443,5,237,0,none
100,1,2,1522.75,3946.0299999999997,1822.926666666667,511.0263304588347,1365,3,256,0,none
101,5,3,11127.46,6970.35,2262.2262499999997,1143.1090378321037,1058,8,346,0,none
102,4,4,8472.88,5942.91,1801.97375,1662.9423080336965,420,8,320,0,none
103,5,3,12113.07,2355.8,1808.6087499999999,1242.9014986156133,1454,8,534,0,none
104,5,5,5540.5199999999995,15046.22,2058.674,1978.8989207041375,1174,10,184,0,none
105,2,5,3790.62,7739.4800000000005,1647.1571428571428,790.0524331734352,1083,7,182,0,none
106,5,5,5160.91,4284.62,944.5529999999999,709.6410940898222,690,9,552,0,none
107,4,6,3197.1299999999997,5875.750000000001,907.2879999999999,749.1032595950974,430,10,515,0,none
108,3,5,1293.92,10811.26,1513.1474999999998,2105.2676665673057,171,8,55,0,none
109,2,2,2909.39,12009.91,3729.825,2395.878462782493,1356,4,312,0,none
110,4,3,5768.129999999999,2813.3599999999997,1225.9271428571426,620.247469890948,699,6,89,0,none
111,1,6,1148.49,9980.73,1589.8885714285714,1176.0104118881718,327,7,492,0,none
112,4,3,8433.02,7519.88,2278.985714285714,1234.344713103818,479,7,505,0,none
113,1,2,18869.35,1115.6200000000001,6661.656666666666,8632.25747726257,881,3,566,0,none
114,4,8,1954.84,8408.17,863.5841666666666,594.4503529936756,289,12,382,0,none
115,3,4,4054.52,5171.049999999999,1317.9385714285713,1205.6622641333277,1289,7,324,0,none
116,4,5,2107.19,2674.7000000000003,531.3211111111111,322.1185236470315,1145,9,13,0,none
117,1,5,2343.46,11859.599999999999,2367.1766666666667,2717.4810229001087,1087,6,344,0,none
118,2,3,6297.18,10902.09,3439.8540000000003,3484.631997566458,665,5,464,0,none
119,5,2,7502.89,6310.2300000000005,1973.3028571428572,1448.4435685808633,952,7,216,0,none
120,4,4,9404.53,8447.54,2231.50875,2019.977067087876,888,8,98,0,none
121,5,2,5159.589999999999,3594.83,1250.6314285714284,905.9745223700684,985,7,66,0,none
122,3,5,3404.6099999999997,7160.08,1320.58625,585.1865752676129,154,8,440,0,none
123,3,2,2103.1,1101.21,640.862,149.11493974783343,641,5,530,0,none
124,5,2,6730.45,1997.78,1246.8899999999999,729.1515022662593,91,7,550,0,none
125,3,3,6959.13,5485.969999999999,2074.1833333333334,1313.7245229583798,756,6,125,0,none
126,5,4,12164.64,7955.3099999999995,2235.5499999999997,1920.159678093928,514,9,131,0,none
127,2,4,1296.2199999999998,13345.29,2440.2516666666666,2857.5828578679143,242,6,462,0,none
128,2,1,1076.6399999999999,923.14,666.5933333333332,239.11359676010807,182,3,474,0,none
129,1,4,325.49,7806.36,1626.3700000000001,1068.1225862980334,893,5,122,0,none
130,5,4,9130.08,3241.1099999999997,1374.5766666666668,1611.729613014127,280,9,555,0,none
131,2,6,2241.84,16078.220000000001,2290.0075,1575.8309199573887,1389,8,209,0,none
132,4,1,3916.0499999999997,956.49,974.508,346.6920062187762,884,5,692,0,none
133,2,5,430.88,9880.159999999998,1473.0057142857142,1431.469460368382,539,7,312,0,none
134,2,2,6795.88,7451.14,3561.755,2419.89419108047,898,4,428,0,none
135,5,2,14387.279999999999,3029.59,2488.1242857142856,4192.100562789348,63,7,206,0,none
136,5,4,4878.4,7019.660000000001,1322.006666666667,1617.4994494452094,1439,9,106,0,none
137,2,3,2930.66,12990.67,3184.266,3812.4808573662376,738,5,292,0,none
138,5,3,14276.369999999999,1541.22,1977.19875,1586.9036966403908,1180,8,326,0,none
139,4,6,6011.33,6573.639999999999,1258.4969999999998,949.4642183047238,151,10,45,0,none
140,1,3,11894.85,6450.610000000001,4586.365,4621.9038276910305,745,4,193,0,none
141,3,2,6390.42,1052.56,1488.596,1196.8539564307753,751,5,469,0,none
142,3,5,3025.41,4801.910000000001,978.415,502.72399206721775,1408,8,308,0,none
143,3,1,3141.91,734.36,969.0675,424.97379103745914,870,4,112,0,none
144,4,1,6305.59,1537.8,1568.678,688.2107676983846,726,5,379,0,none
145,3,1,6787.299999999999,1125.15,1978.1124999999997,974.7383151999054,422,4,565,0,none
146,5,2,8027.540000000001,6706.35,2104.841428571429,1685.830376651464,517,7,667,0,none
147,4,4,7591.57,4734.83,1540.8,1027.9683612227566,795,8,381,0,none
148,4,3,3754.99,3411.8999999999996,1023.8414285714285,755.8963946662186,675,7,594,0,none
149,5,1,6907.070000000001,1665.89,1428.8266666666668,565.3475145037393,61,6,199,0,none
150,3,2,2524.23,2790.46,1062.938,485.36450498156535,1244,5,254,0,none
151,4,6,6107.070000000001,9979.720000000001,1608.6789999999999,885.699003075537,1347,10,6,0,none
152,3,1,5838.76,139.52,1494.5700000000002,984.4631018733003,236,4,379,0,none
153,3,1,2727.17,1543.06,1067.5575,537.4448319304503,844,4,211,0,none
154,2,3,1817.4299999999998,3838.1099999999997,1131.108,389.3194405831797,189,5,220,0,none
155,3,3,1416.96,9076.64,1748.9333333333334,2053.518046829771,1018,6,466,0,none
156,2,5,4245.49,26844.59,4441.4400000000005,6905.288159473972,443,7,83,0,none
157,4,4,5913.28,6024.63,1492.23875,888.2634935569162,999,8,170,0,none
158,3,1,4926.84,1193.69,1530.1325000000002,296.9415922681597,1098,4,511,0,none
159,1,7,771.49,11554.609999999999,1540.7624999999998,1326.3676172421995,1159,8,657,0,none
160,1,0,97.65,0.0,48.825,48.825,188,1,224,0,none
161,4,5,6452.96,7697.95,1572.3233333333333,940.4342451465942,1376,9,430,0,none
162,1,2,526.59,3869.96,1465.5166666666667,747.9128855391887,368,3,682,0,none
163,1,5,2281.62,4219.69,1083.5516666666665,800.0802173619148,84,6,165,0,none
164,5,3,3746.2599999999998,8099.24,1480.6875,1359.9147019183777,845,8,98,0,none
165,4,2,42168.12,1047.89,7202.668333333334,12365.241253912001,575,6,382,0,none
166,1,3,1205.1,5555.539999999999,1690.1599999999999,1261.9854781454499,1249,4,216,0,none
167,4,5,4271.58,4118.9800000000005,932.2844444444444,519.291009210552,1218,9,322,0,none
168,5,4,3720.74,13551.980000000001,1919.1911111111112,2192.192049841358,496,9,674,0,none
169,3,3,2830.26,5157.19,1331.2416666666666,934.8226458249833,1430,6,141,0,none
170,3,1,2518.2599999999998,157.12,668.8449999999999,460.9754872279002,457,4,444,0,none
171,1,2,1635.21,1173.57,936.2599999999999,525.7532265870241,787,3,435,0,none
172,5,3,7512.790000000001,5083.1900000000005,1574.4975,1148.612929316813,406,8,633,0,none
173,2,3,6283.860000000001,1640.24,1584.8200000000002,1511.970772521744,1405,5,693,0,none
174,4,4,5139.67,11120.330000000002,2032.5,2235.295031254264,271,8,126,0,none
175,3,4,13563.189999999999,15018.06,4083.0357142857138,1876.669748112766,96,7,373,0,none
176,3,4,11777.84,6462.36,2605.7428571428572,2362.996641426271,669,7,209,0,none
177,4,3,5517.139999999999,1981.51,1071.2357142857143,599.9565618765874,1488,7,678,0,none
178,1,7,357.39,9156.470000000001,1189.2325,851.6699827801554,1340,8,106,0,none
179,2,1,2436.88,610.01,1015.6300000000001,312.18331067926533,1130,3,63,0,none
180,3,1,1724.77,1257.39,745.54,386.55999805980963,1339,4,591,0,none
181,5,6,6044.160000000001,18014.17,2187.1209090909088,3347.0058407925094,1343,11,156,0,none
182,3,3,7612.469999999999,2801.02,1735.5816666666667,2395.519752367021,792,6,81,0,none
183,4,3,6012.290000000001,3690.52,1386.1157142857144,1331.9720359232895,494,7,328,0,none
184,3,5,2919.29,11768.64,1835.99125,1593.3375146405542,1164,8,15,0,none
185,2,6,2903.51,12700.470000000001,1950.4975000000002,1609.6939632562924,1002,8,234,0,none
186,4,5,6019.170000000001,8920.53,1659.9666666666667,1037.2229642013654,579,9,287,0,none
187,1,4,1534.94,7010.5199999999995,1709.0919999999999,1317.1635111314008,168,5,620,0,none
188,4,2,4332.26,1713.42,1007.6133333333333,345.08802440665613,1127,6,515,0,none
189,3,2,2875.52,4792.3099999999995,1533.566,981.982507595731,415,5,265,0,none
190,1,2,1758.14,4637.32,2131.82,1314.4630430204822,1407,3,3,0,none
191,5,5,6771.5199999999995,4304.23,1107.575,947.9463738445335,384,10,663,0,none
192,1,1,1011.2,5928.66,3469.93,2458.7299999999996,210,2,22,0,none
193,3,3,3939.25,1576.69,919.3233333333334,639.4638464543732,1251,6,47,0,none
194,3,3,1673.3400000000001,2049.7200000000003,620.51,126.00020939136043,255,6,624,0,none
195,2,3,2317.74,4857.95,1435.138,1101.588345570159,293,5,522,0,none
196,2,1,3805.97,765.56,1523.8433333333332,967.4380894690654,911,3,257,0,none
197,1,1,2289.63,2285.5,2287.565,2.0650000000000546,1315,2,503,0,none
198,3,3,3714.2799999999997,2199.0,985.5466666666665,785.2173390993236,318,6,31,0,none
199,5,2,7755.23,2939.33,1527.7942857142857,1674.2602696104088,486,7,196,0,none
200,2,1,778.78,1402.76,727.18,479.1981078844114,1172,3,698,0,none
201,4,3,7894.87,4500.0199999999995,1770.6985714285713,1460.8485039028183,1458,7,224,0,none
202,2,4,1238.26,9621.08,1809.89,1561.9562744093275,766,6,349,0,none
203,1,1,2313.27,6669.97,4491.62,2178.35,241,2,303,0,none
204,5,3,8374.630000000001,10302.31,2334.6175,1755.52900210841,50,8,654,0,none
205,3,3,3146.92,14470.009999999998,2936.155,4470.916848029235,367,6,121,0,none
206,3,2,5316.4400000000005,2347.23,1532.734,897.6917629030579,223,5,195,0,none
207,2,4,1451.97,11949.35,2233.5533333333333,1764.0068727347848,1026,6,12,0,none
208,2,2,5566.719999999999,2495.67,2015.5974999999999,1406.1091731685522,209,4,678,0,none
209,2,4,1931.99,8305.25,1706.2066666666667,881.8075494435028,774,6,207,0,none
210,4,4,6803.490000000001,7620.200000000001,1802.96125,1564.1071053514645,1050,8,649,0,none
211,3,3,13417.43,2304.6499999999996,2620.346666666667,4388.48850778058,884,6,536,0,none
212,5,4,6700.349999999999,4549.74,1250.0099999999998,644.2506735218313,323,9,291,0,none
213,5,4,9426.36,5522.8,1661.0177777777778,1774.5431427132496,1212,9,605,0,none
214,4,1,8545.09,3285.68,2366.154,994.877012230155,1081,5,17,0,none
215,1,3,438.31,7202.39,1910.1750000000002,2693.2348111935953,1116,4,59,0,none
216,2,0,4432.389999999999,0.0,1477.4633333333331,1735.6452500503153,222,2,578,0,none
217,3,3,3419.2700000000004,3989.34,1234.7683333333334,784.2434346854441,211,6,303,0,none
218,5,4,6387.52,9905.76,1810.3644444444444,1388.1039949362673,1393,9,397,0,none
219,2,6,2021.25,3857.7,734.86875,539.2543968396897,614,8,56,0,none
220,2,1,4598.35,280.05,1626.1333333333334,1182.4527038979427,472,3,681,0,none
221,3,3,4357.86,4054.22,1402.0133333333333,1247.910972434421,748,6,92,0,none
222,5,5,12337.26,9056.12,2139.3379999999997,1548.2315215225403,1004,10,355,0,none
223,1,5,1810.23,7144.959999999999,1492.5316666666665,879.0378222696426,1434,6,219,0,none
224,4,5,11992.24,6123.540000000001,2012.8644444444446,1562.5055030168776,451,9,364,0,none
225,4,6,6879.39,13937.419999999998,2081.681,768.5300703999811,1389,10,672,0,none
226,5,2,12408.18,5813.96,2603.162857142857,1498.343185900578,66,7,349,0,none
227,5,3,5010.79,4581.5599999999995,1199.04375,984.6567663650301,846,8,417,0,none
228,4,3,23226.690000000002,3518.01,3820.671428571429,5626.109223779606,961,7,103,0,none
229,4,1,5357.889999999999,716.49,1214.8759999999997,773.0363871539296,185,5,588,0,none
230,3,0,2277.9700000000003,0.0,569.4925000000001,561.741693902767,236,3,506,0,none
231,3,5,6681.43,5854.100000000001,1566.94125,1376.6546695471372,646,8,524,0,none
232,5,3,7780.1,4285.76,1508.2324999999998,690.7222878217772,1450,8,4,0,none
233,3,0,1530.07,0.0,382.5175,295.08706803035267,906,3,116,0,none
234,4,3,9057.11,11775.99,2976.157142857143,3400.1129124054282,1401,7,127,0,none
235,4,2,7739.599999999999,2030.79,1628.3983333333333,1757.3579413750313,1212,6,516,0,none
236,3,6,4168.85,4646.99,979.5377777777778,923.1130070073613,717,9,302,0,none
237,3,5,7044.219999999999,5966.610000000001,1626.3537500000002,928.7081767425317,1183,8,444,0,none
238,4,2,5545.86,2161.73,1284.5983333333331,681.8844083717969,56,6,592,0,none
239,5,3,5342.96,3465.3,1101.0325,796.8144250349325,190,8,464,0,none
240,1,2,767.69,2685.72,1151.1366666666665,339.50804814548286,1249,3,201,0,none
241,4,2,3391.5099999999998,3590.9500000000003,1163.743333333333,836.3535563517514,1201,6,175,0,none
242,1,3,1092.6,3656.33,1187.2325,727.6212098466826,371,4,324,0,none
243,1,3,2473.17,8012.349999999999,2621.38,1991.7637714598586,810,4,233,0,none
244,4,3,5138.07,2338.85,1068.1314285714286,798.9843701748323,920,7,535,0,none
245,2,2,1671.1299999999999,2757.6000000000004,1107.1825000000001,567.7396813406211,1305,4,653,0,none
246,3,1,4523.86,1858.37,1595.5575,713.3441432918266,916,4,527,0,none
247,2,5,5246.139999999999,7309.16,1793.6142857142856,1613.978879255126,636,7,202,0,none
248,5,1,11079.61,373.03,1908.7733333333335,2320.070661737602,580,6,83,0,none
249,5,5,11933.720000000001,29251.660000000003,4118.5380000000005,4172.436664707567,656,10,648,0,none
250,2,3,4429.3,4911.62,1868.1840000000004,1537.8386176787214,988,5,79,0,none
251,2,3,2422.91,3021.8900000000003,1088.96,433.9569161564314,1305,5,673,0,none
252,3,3,4275.97,2207.73,1080.6166666666668,884.3784440247035,697,6,191,0,none
253,4,0,3408.2000000000003,0.0,681.6400000000001,516.7629813367053,394,4,371,0,none
254,5,3,5066.0,4989.18,1256.8975,1079.7338036959618,377,8,188,0,none
255,4,3,1247.78,1692.99,420.11,169.24220598217894,1126,7,696,0,none
256,4,3,6165.27,5459.17,1660.6342857142859,1313.1398267604595,1230,7,588,0,none
257,4,3,1884.8000000000002,10446.400000000001,1761.6000000000001,1610.028071787215,184,7,671,0,none
258,5,3,12222.94,3797.4300000000003,2002.5462499999999,2865.839700318815,127,8,617,0,none
259,2,2,1033.8600000000001,7952.4800000000005,2246.585,2276.2370692054465,903,4,332,0,none
260,5,2,10741.77,1346.9299999999998,1726.9571428571428,1545.3101617910543,244,7,250,0,none
261,3,3,1842.69,2473.9700000000003,719.4433333333335,432.52422971307504,1242,6,134,0,none
262,4,6,6370.52,5287.04,1165.756,977.2465913391563,486,10,223,0,none
263,3,2,4373.27,1572.37,1189.1280000000002,565.6169550287544,241,5,646,0,none
264,4,3,8185.759999999999,12608.82,2970.6542857142854,2688.8574548461343,1383,7,640,0,none
265,2,2,5140.96,2434.7,1893.915,1071.8112989118001,273,4,418,0,none
266,5,2,5310.16,825.09,876.4642857142857,687.2271707762006,448,7,109,0,none
267,5,6,9494.45,12205.960000000001,1972.7645454545454,1537.7777068186513,255,11,404,0,none
268,5,3,4340.26,3951.96,1036.5275,646.997052384128,199,8,318,0,none
269,5,2,4234.3099999999995,1428.16,808.9242857142856,588.3034347743917,61,7,378,0,none
270,5,7,4272.12,7102.829999999999,947.9125,573.7054304130445,111,12,496,0,none
271,4,5,7614.849999999999,6636.45,1583.4777777777779,896.2100751098455,286,9,136,0,none
272,1,0,546.39,0.0,273.195,273.195,108,1,581,0,none
273,3,2,4556.639999999999,4138.610000000001,1739.05,1065.6314219654,898,5,300,0,none
274,4,2,5300.76,3922.9,1537.2766666666666,1028.4865941869257,1030,6,361,0,none
275,3,6,1437.7,11532.680000000002,1441.1533333333334,1586.6031574334452,608,9,562,0,none
276,2,4,5996.12,6400.21,2066.055,1175.1244544550732,497,6,579,0,none
277,1,1,3022.67,2356.61,2689.6400000000003,333.03,771,2,689,0,none
278,3,3,1793.95,6608.86,1400.4683333333335,872.1248659340906,1316,6,515,0,none
279,4,2,5491.08,1255.9099999999999,1124.4983333333332,985.9110353444112,1281,6,554,0,none
280,1,2,528.1,2202.45,910.1833333333334,671.344706408133,93,3,375,0,none
281,4,3,4890.5,2483.07,1053.3671428571429,792.0752443822905,296,7,345,0,none
282,4,2,3112.46,298.59000000000003,568.5083333333333,331.69504796909797,378,6,622,0,none
283,2,3,4221.63,1907.43,1225.8120000000001,847.4017573595183,396,5,159,0,none
284,5,6,13011.05,8881.09,1990.1945454545457,2151.98722303728,869,11,449,0,none
285,3,5,4492.47,4429.460000000001,1115.24125,1064.4688210844588,641,8,664,0,none
286,5,5,7482.540000000001,21132.670000000002,2861.521,3485.2108701123093,102,10,197,0,none
287,4,5,6757.179999999999,4643.75,1266.77,667.0882396738165,579,9,4,0,none
288,3,2,8024.92,601.77,1725.3379999999997,1665.9687057853155,799,5,648,0,none
289,2,5,1389.26,5427.93,973.8842857142857,1027.6402639175296,179,7,625,0,none
290,2,1,2271.38,696.27,989.2166666666667,474.2499777777773,1255,3,65,0,none
291,3,1,2106.87,273.89,595.1899999999999,406.9502459146573,106,4,74,0,none
292,3,1,10838.96,211.73,2762.6724999999997,2221.2957037771334,1389,4,282,0,none
293,5,3,6891.2699999999995,7770.950000000001,1832.7775000000001,1957.201698099547,175,8,482,0,none
294,4,4,11222.32,5348.79,2071.38875,2553.713867015241,1270,8,585,0,none
295,1,6,192.33,8595.5,1255.4042857142856,919.0818324961547,1356,7,560,0,none
296,4,2,27682.019999999997,9056.119999999999,6123.0233333333335,7314.776658831688,1469,6,167,0,none
297,2,1,2741.58,1558.82,1433.4666666666665,151.80684489032623,1208,3,224,0,none
298,1,2,4503.49,4332.8099999999995,2945.433333333333,1566.304555662432,1175,3,405,0,none
299,1,3,339.76,5097.04,1359.1999999999998,1659.1361045284982,974,4,439,0,none
300,2,3,1841.6200000000001,2310.54,830.432,619.7799325050788,1175,5,431,0,none
301,4,3,2927.79,4537.59,1066.4828571428573,1213.4268341320942,227,7,517,0,none
302,2,6,4165.219999999999,9263.670000000002,1678.61125,1498.0299202071824,818,8,578,0,none
303,4,3,9707.539999999997,2959.64,1809.5971428571427,1278.3668242802642,785,7,226,0,none
304,4,4,3622.5,4390.41,1001.61375,463.82968229021037,1290,8,676,0,none
305,4,3,7695.2699999999995,11455.45,2735.817142857143,1850.9654335640575,710,7,583,0,none
306,3,4,11865.029999999999,2687.0399999999995,2078.867142857143,2187.2023143192,596,7,548,0,none
307,2,4,564.68,3605.7300000000005,695.0683333333333,388.13057211960114,970,6,480,0,none
308,4,7,3844.88,6919.6900000000005,978.5972727272725,711.8992702379244,421,11,174,0,none
309,3,4,3785.62,8309.87,1727.927142857143,2058.9922765532956,235,7,42,0,none
310,4,2,6232.13,383.26,1102.5649999999998,924.6808336168395,732,6,303,0,none
311,3,4,15736.95,7635.050000000001,3338.8571428571427,3982.100965932124,642,7,115,0,none
312,2,4,3089.12,5519.780000000001,1434.8166666666666,761.0025545438216,371,6,422,0,none
313,4,2,16672.92,1857.67,3088.431666666666,2333.3057030560503,570,6,236,0,none
314,1,4,390.08,13758.31,2829.678,4250.742429516989,568,5,353,0,none
315,1,5,918.48,5456.46,1062.49,511.07043878510524,511,6,515,0,none
316,1,5,2342.65,7188.67,1588.5533333333333,863.0539155940504,587,6,303,0,none
317,1,3,158.93,1725.3600000000001,471.0725,548.2579576884863,1038,4,128,0,none
318,2,3,1042.9,2443.37,697.254,386.14238946792676,466,5,164,0,none
319,1,7,8288.21,20209.52,3562.21625,4734.631857182609,1424,8,554,0,none
320,5,4,9347.74,2938.49,1365.1366666666665,999.7159503467861,1377,9,469,0,none
321,5,1,5251.66,11228.29,2746.6583333333333,3826.268231534118,736,6,597,0,none
322,3,2,2284.85,3972.58,1251.486,875.3438049955,512,5,539,0,none
323,5,4,19685.56,4344.91,2670.0522222222216,2585.153709523232,817,9,322,0,none
324,2,8,3277.7200000000003,7749.03,1102.6750000000002,1009.0793153984476,1277,10,672,0,none
325,3,4,7491.35,3928.7,1631.4357142857145,1179.7519357276176,989,7,342,0,none
326,1,4,1602.56,4913.41,1303.194,751.9253900913309,1212,5,141,0,none
327,4,6,6731.21,8393.35,1512.4560000000001,1575.218681181759,813,10,387,0,none
328,3,4,7220.19,13014.529999999999,2890.6742857142854,1578.7110621901757,960,7,536,0,none
329,2,0,2570.96,0.0,856.9866666666667,1012.5615935284575,453,2,50,0,none
330,4,2,6803.3099999999995,1869.92,1445.5383333333332,1248.4785519105067,1110,6,123,0,none
331,2,3,4882.83,6926.540000000001,2361.8740000000003,1029.0438938859702,327,5,24,0,none
332,2,3,1247.96,2330.0,715.592,409.2593564672652,1051,5,418,0,none
333,5,3,15010.57,7135.0599999999995,2768.20375,3226.069174134125,1295,8,352,0,none
334,4,3,4941.34,5890.79,1547.447142857143,1059.439253685165,224,7,643,0,none
335,2,5,4905.76,12402.22,2472.568571428572,2261.062209237246,933,7,666,0,none
336,5,3,6225.92,3903.8599999999997,1266.2225,794.6685310988161,169,8,445,0,none
337,4,1,6795.639999999999,4152.54,2189.636,1183.7063183847588,1096,5,435,0,none
338,3,2,6876.24,2254.15,1826.078,763.7721824837561,154,5,406,0,none
339,5,4,9333.850000000002,9219.380000000001,2061.47,2240.146336018649,1405,9,366,0,none
340,4,1,3255.7400000000002,230.07,697.162,792.4852590023363,231,5,506,0,none
341,4,4,4325.01,5574.08,1237.38625,478.94515215569044,1439,8,671,0,none
342,1,1,732.68,2210.64,1471.6599999999999,738.98,1207,2,118,0,none
343,5,3,8668.51,4599.92,1658.55375,549.3603293817615,902,8,284,0,none
344,3,3,2690.89,9067.2,1959.6816666666666,1415.0215602764583,1180,6,311,0,none
345,5,1,11978.5,809.77,2131.3783333333336,1950.7993813085673,1198,6,697,0,none
346,1,2,2249.86,10354.029999999999,4201.296666666666,1386.972090859157,1420,3,651,0,none
347,5,6,17176.010000000002,5673.400000000001,2077.219090909091,3571.3744637157542,402,11,63,0,none
348,5,1,6686.9,2722.1,1568.1666666666667,1113.197531762545,897,6,505,0,none
349,3,3,3877.07,7426.950000000001,1884.003333333333,2294.2372683651433,169,6,35,0,none
350,5,2,7147.580000000001,2579.86,1389.6342857142859,878.9183473184873,935,7,364,0,none
351,1,3,908.48,1788.72,674.3,190.32853241172222,281,4,117,0,none
352,4,2,4860.1900000000005,1834.7099999999998,1115.8166666666668,636.9076921257027,860,6,90,0,none
353,4,1,6960.0,926.58,1577.316,1558.2306997437831,871,5,5,0,none
354,4,2,7717.509999999999,4016.84,1955.7249999999997,1255.4341978209504,714,6,333,0,none
355,4,3,9048.94,14640.2,3384.1628571428564,3869.8527547946624,798,7,475,0,none
356,2,4,3546.0699999999997,2749.65,1049.2866666666666,557.3167870749594,1152,6,509,0,none
357,3,3,4014.21,5263.31,1546.2533333333333,1279.7300009463802,1204,6,644,0,none
358,1,2,1146.18,4082.04,1742.74,470.33004922075736,753,3,362,0,none
359,5,1,4684.57,899.46,930.6716666666666,450.0256773939559,911,6,164,0,none
360,5,3,4416.3099999999995,4262.87,1084.8975,492.17695813472415,1398,8,97,0,none
361,4,4,8805.81,4823.01,1703.6025,2309.603718502105,206,8,591,0,none
362,4,1,14216.220000000001,856.33,3014.51,2311.143631668097,202,5,550,0,none
363,2,4,767.73,7684.2699999999995,1408.6666666666667,1070.4008100499343,158,6,504,0,none
364,3,3,3468.41,6127.7,1599.3516666666667,1535.5253980035268,997,6,341,0,none
365,1,2,494.25,2005.02,833.09,435.05024751937185,645,3,510,0,none
366,2,0,14575.68,0.0,4858.56,6700.194330082276,1168,2,645,0,none
367,1,2,690.5,1462.56,717.6866666666666,39.306456071349004,1016,3,145,0,none
368,4,2,4360.97,804.31,860.8800000000001,408.8619209871878,520,6,511,0,none
369,3,1,3060.34,3985.95,1761.5725,1292.3939069102537,1350,4,516,0,none
370,1,1,2124.46,1262.15,1693.305,431.155,1150,2,571,0,none
371,1,3,3410.22,6449.77,2464.9975,1269.930572007285,427,4,444,0,none
372,1,4,1965.55,9251.97,2243.504,1604.421163343341,565,5,556,0,none
373,2,3,2858.0,10143.029999999999,2600.2059999999997,2461.666520043688,492,5,372,0,none
374,2,0,4968.0,0.0,1656.0,1368.44891174887,261,2,219,0,none
375,1,2,458.34,1361.03,606.4566666666666,106.38091129939097,247,3,672,0,none
376,3,4,12865.79,8631.970000000001,3071.108571428572,4022.181742830015,1406,7,60,0,none
377,2,8,6973.5599999999995,11296.779999999999,1827.0339999999997,1437.3569526613771,673,10,388,0,none
378,2,0,4693.37,0.0,1564.4566666666667,1537.6773698521922,593,2,516,0,none
379,4,3,3068.8700000000003,2337.64,772.3585714285715,521.008582419812,1102,7,89,0,none
380,3,7,6740.030000000001,7511.549999999999,1425.158,1147.3548062373732,842,10,123,0,none
381,5,4,16538.7,4999.0,2393.077777777778,2982.2883623142584,1406,9,664,0,none
382,4,3,10561.509999999998,9469.0,2861.5014285714287,2709.9066527329924,1177,7,252,0,none
383,2,3,1563.48,2853.78,883.452,240.96685700734864,734,5,428,0,none
384,5,6,6976.85,6349.17,1211.4563636363637,927.3057441198592,583,11,97,0,none
385,4,2,4243.56,953.26,866.1366666666667,899.7579933824181,1480,6,456,0,none
386,1,2,1084.32,2222.12,1102.1466666666668,426.34861020322586,1085,3,3,0,none
387,1,1,4624.28,1275.17,2949.725,1674.5549999999998,1428,2,592,0,none
388,2,5,2995.68,15090.54,2583.7457142857143,1836.1461411169796,204,7,296,0,none
389,5,1,11577.2,1667.02,2207.3700000000003,1322.4516747692523,1280,6,189,0,none
390,1,2,687.25,5723.54,2136.93,1639.1451669899975,966,3,614,0,none
391,1,0,210.81,0.0,105.405,105.405,209,1,85,0,none
392,4,5,7069.95,4005.0099999999998,1230.5511111111111,851.8047542645288,894,9,334,0,none
393,5,3,13681.5,3017.22,2087.34,2281.9905225811085,1038,8,22,0,none
394,5,3,14246.01,9238.92,2935.61625,2013.046660716894,48,8,381,0,none
395,4,2,8369.5,2806.9300000000003,1862.7383333333335,1980.215223617681,697,6,66,0,none
396,1,0,4301.33,0.0,2150.665,2150.665,1243,1,505,0,none
397,2,4,2799.96,3235.7,1005.9433333333335,609.1877526035978,464,6,301,0,none
398,5,0,25956.14,0.0,4326.0233333333335,5826.828125431727,704,5,677,0,none
399,1,3,1302.49,8358.99,2415.37,2098.484305909863,680,4,220,0,none
400,1,2,859.09,1811.5,890.1966666666667,76.6277953631854,473,3,8,0,none
401,4,3,6677.79,5368.43,1720.8885714285714,910.2411826767761,1380,7,360,0,none
402,3,3,32802.72,2346.88,5858.266666666666,9560.597370678373,1178,6,516,0,none
403,4,2,4791.629999999999,5309.8,1683.5716666666667,1700.8560301645823,192,6,381,0,none
404,5,4,11804.74,5732.5,1948.582222222222,1485.3468552404988,1495,9,273,0,none
405,3,3,2354.61,8142.63,1749.5400000000002,1321.9881623650544,1322,6,30,0,none
406,2,3,3110.05,4884.73,1598.9560000000001,781.153478353646,447,5,479,0,none
407,1,0,933.23,0.0,466.615,466.615,1260,1,544,0,none
408,2,2,3425.88,768.52,1048.6,994.3766921292956,186,4,30,0,none
409,4,5,4030.3,3930.81,884.5677777777778,606.7851390690627,1498,9,466,0,none
410,4,1,5182.799999999999,179.35,1072.4299999999998,764.9403895467933,1008,5,16,0,none
411,3,7,3833.2599999999998,14585.73,1841.899,1834.941529381522,985,10,95,0,none
412,5,3,6798.63,3223.76,1252.79875,881.7360021491339,162,8,436,0,none
413,3,2,3510.08,3931.91,1488.398,641.9406849670769,1348,5,476,0,none
414,1,1,9257.23,982.91,5120.07,4137.16,72,2,604,0,none
415,1,3,285.89,1673.8200000000002,489.9275,127.55758354072879,384,4,172,0,none
416,4,3,4518.209999999999,2244.51,966.102857142857,721.7190100371333,240,7,317,0,none
417,5,2,4167.91,1393.34,794.4642857142857,451.77926534527717,1171,7,598,0,none
418,5,3,4406.88,5085.8,1186.585,787.9627028292647,321,8,565,0,none
419,3,4,972.4200000000001,16483.26,2493.6685714285713,2640.13337587018,1368,7,10,0,none
420,3,5,4151.1,2825.81,872.11375,608.5904600167813,994,8,202,0,none
421,1,3,652.72,2548.15,800.2175,392.62295114874524,83,4,636,0,none
422,1,7,3032.13,6085.69,1139.7275,836.2600940160604,37,8,3,0,none
423,5,3,13082.41,7807.61,2611.2525,2221.882827951049,105,8,109,0,none
424,4,5,6200.01,7791.4,1554.601111111111,1319.4499238987978,920,9,573,0,none
425,1,2,8090.66,2277.1499999999996,3455.9366666666665,3280.6122134578613,1208,3,686,0,none
426,2,2,1080.4,3401.67,1120.5175,1174.3479609207614,380,4,674,0,none
427,2,3,2540.61,2334.24,974.97,423.9022260852142,1278,5,201,0,none
428,2,4,2541.52,4552.91,1182.405,920.6840091611236,114,6,171,0,none
429,3,8,18318.230000000003,15423.9,3067.4663636363634,2603.7298225823965,1207,11,468,0,none
430,4,4,5443.51,6575.07,1502.3224999999998,1356.6925183396384,1393,8,677,0,none
431,1,2,6396.41,5869.110000000001,4088.5066666666667,2210.2533076600566,1164,3,84,0,none
432,2,2,3336.2000000000003,8454.31,2947.6275,2751.2079754843594,1056,4,592,0,none
433,1,4,1179.18,2165.52,668.94,353.9030720409192,1261,5,573,0,none
434,1,4,5509.59,4256.219999999999,1953.1619999999998,1838.27576994748,89,5,312,0,none
435,3,4,13738.17,3641.3,2482.781428571429,2854.0709053131645,326,7,319,0,none
436,5,3,3672.34,3950.8200000000006,952.895,1101.025785790233,213,8,79,0,none
437,1,5,256.86,16052.369999999999,2718.205,1379.9929594355424,771,6,488,0,none
438,5,2,8623.35,2558.81,1597.4514285714286,714.9492923163666,1125,7,377,0,none
439,3,4,6249.56,5100.51,1621.4385714285715,1548.4400221183769,956,7,383,0,none
440,3,4,1681.3600000000001,4623.17,900.647142857143,518.5753368250994,1281,7,60,0,none
441,5,5,11258.06,12751.3,2400.936,1186.6462302320772,258,10,314,0,none
442,1,0,814.11,0.0,407.055,407.055,1109,1,569,0,none
443,1,4,565.18,14441.57,3001.35,2374.463779197316,313,5,37,0,none
444,3,4,2794.7999999999997,13892.69,2383.9271428571424,2449.113362316565,428,7,11,0,none
445,1,2,388.88,1533.03,640.6366666666667,465.12504815610845,1073,3,69,0,none
446,5,4,8543.24,10378.06,2102.366666666667,2373.6347597818085,1470,9,365,0,none
447,3,2,3473.38,6421.18,1978.9120000000003,1430.3524385045805,928,5,524,0,none
448,1,1,624.47,854.84,739.655,115.185,110,2,356,0,none
449,4,4,7571.88,10330.06,2237.7425,1461.5137574339662,935,8,49,0,none
450,1,0,24388.96,0.0,12194.48,12194.48,92,1,3,0,none
451,4,1,19535.38,1040.43,4115.162,5192.107047919563,1329,5,153,0,none
452,1,2,304.7,5376.67,1893.79,1359.8519948141416,1073,3,321,0,none
453,3,4,6109.03,12542.43,2664.4942857142855,1786.311008953985,284,7,288,0,none
454,5,3,13912.25,3200.44,2139.0862500000003,2679.596454053005,164,8,259,0,none
455,5,3,12250.660000000002,6999.34,2406.25,2325.0848422423214,299,8,539,0,none
456,4,3,18911.25,4176.91,3298.308571428571,4536.283367085654,1470,7,263,0,none
457,3,2,1247.41,8599.93,1969.468,3091.736276873563,704,5,414,0,none
458,5,5,9778.619999999999,8532.73,1831.1350000000002,1678.7735485600788,1182,10,380,0,none
459,2,4,1098.76,4110.09,868.1416666666668,641.7646953106896,965,6,178,0,none
460,4,5,14752.62,12598.89,3039.0566666666664,2064.9615886015895,871,9,610,0,none
461,2,5,6499.35,5969.34,1781.2414285714283,1940.9438242362442,243,7,312,0,none
462,3,6,2530.95,4682.52,801.4966666666667,403.9000879205428,1420,9,173,0,none
463,2,1,1777.51,103.54,627.0166666666667,389.0126839691592,472,3,378,0,none
464,1,9,339.99,31574.2,3191.419,5888.466553708953,879,10,292,0,none
465,5,3,11843.26,1934.6,1722.2324999999998,2222.348461266538,1058,8,376,0,none
466,2,1,5498.01,5561.3,3686.436666666667,1385.3251738691374,984,3,180,0,none
467,3,4,3596.5600000000004,5140.7,1248.18,821.0593688121985,1412,7,309,0,none
468,2,3,3107.14,2410.16,1103.46,908.6326497105416,248,5,110,0,none
469,1,3,221.98,3133.87,838.9625000000001,499.31893857408414,777,4,323,0,none
470,4,4,5529.75,6493.15,1502.8625,860.2672935598272,623,8,483,0,none
471,4,2,6872.179999999999,1902.7599999999998,1462.4899999999998,1065.5085521164688,727,6,639,0,none
472,1,3,1347.03,2619.66,991.6725000000001,455.0283950686484,205,4,90,0,none
473,5,3,10071.62,13120.48,2899.0125,3859.081812360778,227,8,681,0,none
474,3,2,2887.1400000000003,7284.62,2034.352,2578.8654211835096,438,5,663,0,none
475,4,4,7464.95,9913.16,2172.26375,1607.0923799982495,477,8,65,0,none
476,2,4,16902.94,6313.349999999999,3869.3816666666667,4913.124191039807,659,6,430,0,none
477,1,2,1291.71,983.0799999999999,758.2633333333333,394.2671514200605,928,3,549,0,none
478,5,4,9293.859999999999,7674.5599999999995,1885.3799999999999,1815.1173687670996,962,9,280,0,none
479,2,4,3521.29,2819.95,1056.8733333333334,970.1053800089051,635,6,680,0,none
480,2,8,1202.85,39516.46,4071.9309999999996,4774.863497065545,630,10,107,0,none
481,5,5,10149.759999999998,2878.5499999999997,1302.8310000000001,1257.6129026727579,349,10,588,0,none
482,3,1,2869.54,839.14,927.17,498.4111192078283,894,4,664,0,none
483,3,4,6896.32,17891.69,3541.1442857142856,3381.0216338973096,496,7,421,0,none
484,1,3,3292.33,7443.12,2683.8624999999997,1007.0554424502905,83,4,644,0,none
485,2,5,4729.33,6085.369999999999,1544.9571428571428,1717.5435788583504,645,7,209,0,none
486,3,3,947.3599999999999,5599.86,1091.2033333333331,1388.6973496130186,726,6,334,0,none
487,1,2,230.81,3361.98,1197.5966666666666,684.4590446639027,361,3,103,0,none
488,3,4,7705.959999999999,22022.190000000002,4246.878571428571,2964.582023906471,871,7,66,0,none
489,4,3,4455.96,3312.16,1109.7314285714285,513.7809530593078,861,7,245,0,none
490,1,4,1088.51,2640.65,745.832,261.48922152930123,1061,5,412,0,none
491,1,4,1739.85,25899.17,5527.803999999999,8213.888001745823,982,5,382,0,none
492,3,1,1697.19,907.99,651.2950000000001,195.31610244677728,989,4,411,0,none
493,2,2,1364.06,8147.38,2377.8599999999997,3046.83094847745,494,4,431,0,none
494,5,3,7325.4400000000005,18933.03,3282.30875,2466.787522195809,1187,7,172,0,none
495,4,3,6106.4400000000005,3558.08,1380.6457142857143,1092.0736442181537,837,7,239,0,none
496,5,1,5709.3,2873.32,1430.4366666666667,1032.7891243080016,664,6,137,0,none
497,3,1,8157.610000000001,1227.01,2346.155,2056.2730102116793,950,4,370,0,none
498,3,4,7133.73,4161.39,1613.5885714285712,1428.515536456625,560,7,368,0,none
499,1,5,853.44,8344.89,1533.0549999999996,922.1287505684876,783,6,673,0,none
500,1,2,1539.11,3211.2200000000003,1583.4433333333334,807.2014289024903,1112,3,565,0,none
501,3,3,3317.9700000000003,7691.120000000001,1834.8483333333334,1313.7879029282299,1333,6,390,0,none
502,5,2,5837.62,4510.88,1478.357142857143,1413.0408592587453,1383,7,89,0,none
503,2,2,4704.16,2382.2200000000003,1771.595,1522.3283473268834,770,4,595,0,none
504,2,3,11041.34,5935.47,3395.362,2488.111074067233,794,5,513,0,none
505,4,2,5214.0599999999995,11838.36,2842.0699999999997,2975.9869703847835,1205,6,188,0,none
506,4,4,20285.760000000002,1824.3200000000002,2763.76,4173.037937830783,492,8,172,0,none
507,2,2,1113.38,5165.87,1569.8125,1347.3826530792023,1260,4,363,0,none
508,1,3,2488.26,6534.9800000000005,2255.8100000000004,1722.8957158081275,756,4,268,0,none
509,2,4,2556.55,5807.790000000001,1394.0566666666666,978.7903645259739,200,6,29,0,none
510,1,2,666.35,8665.949999999999,3110.7666666666664,3709.603701226797,135,3,39,0,none
511,2,3,3522.9900000000002,5556.65,1815.9280000000003,1005.400411883743,1267,5,607,0,none
512,3,6,7283.33,7662.78,1660.6788888888887,1500.8337741213081,111,9,575,0,none
513,2,4,4338.14,4649.33,1497.9116666666669,1415.6390847059934,442,6,54,0,none
514,2,3,1056.51,1444.2800000000002,500.158,166.5387906044715,521,5,395,0,none
515,2,5,8361.61,8070.92,2347.504285714286,1512.1922985695505,284,7,341,0,none
516,1,1,1736.85,987.47,1362.1599999999999,374.68999999999994,491,2,511,0,none
517,1,4,3328.09,23784.51,5422.5199999999995,8212.44101760737,1121,5,46,0,none
518,1,2,195.01,3796.94,1330.6499999999999,1338.7015706273,51,3,631,0,none
519,3,6,8971.29,26942.31,3990.3999999999996,5871.285285267614,1245,9,305,0,none
520,5,2,10360.630000000001,6144.76,2357.912857142858,1991.6235653191832,1289,7,494,0,none
521,3,5,4482.5,4644.54,1140.88,666.5949373307601,577,8,290,0,none
522,5,5,13586.640000000001,8548.960000000001,2213.5600000000004,2190.354174611951,255,10,496,0,none
523,3,4,4586.679999999999,7090.96,1668.2342857142855,1457.5241555347707,913,7,167,0,none
524,5,2,7206.370000000001,3796.79,1571.8799999999999,1631.889611191359,205,7,467,0,none
525,4,5,8569.74,9506.15,2008.4322222222222,1748.2015522484674,566,9,355,0,none
526,5,2,5844.68,5378.92,1603.3714285714286,1402.7874686334712,1438,7,351,0,none
527,4,1,3657.15,2393.57,1210.144,655.2831875334512,1493,5,53,0,none
528,5,5,6747.2300000000005,5926.900000000001,1267.4129999999998,812.8675189358964,1164,10,314,0,none
529,2,4,1640.92,3236.7699999999995,812.9483333333334,476.32708437993415,487,6,297,0,none
530,2,0,3095.16,0.0,1031.72,956.3783696145929,1040,2,539,0,none
531,3,4,11043.81,2773.57,1973.9114285714284,2426.97289883879,1066,7,100,0,none
532,2,1,1509.83,720.43,743.42,289.7533713350028,600,3,527,0,none
533,2,2,1385.1599999999999,1133.24,629.5999999999999,362.12440017209553,972,4,647,0,none
534,4,2,6011.21,1680.57,1281.9633333333334,1074.517823113646,45,6,233,0,none
535,3,7,2368.96,9296.26,1166.5220000000002,771.2022611844444,337,10,472,0,none
536,2,1,3304.8999999999996,211.48,1172.1266666666666,929.2096588798221,801,3,529,0,none
537,5,1,5141.23,1373.79,1085.8366666666666,876.0547363543495,270,6,326,0,none
538,4,3,5011.679999999999,5559.030000000001,1510.1014285714284,689.0895663623037,273,7,498,0,none
539,4,2,12816.92,3383.3999999999996,2700.0533333333333,3028.4492248600695,1259,6,292,0,none
540,4,6,4714.92,8599.330000000002,1331.425,1077.1985344703176,1484,10,644,0,none
541,2,6,2742.66,12564.560000000001,1913.4025000000001,1664.1892423545917,847,8,670,0,none
542,1,2,4633.54,1463.5,2032.346666666667,1865.8214421416521,1263,3,140,0,none
543,4,6,3028.8599999999997,8049.799999999999,1107.866,929.5251167902887,1485,10,561,0,none
544,2,2,4704.18,3555.11,2064.8225,632.1736923652787,238,4,455,0,none
545,5,5,9874.130000000001,9326.590000000002,1920.0720000000001,1763.1007752128066,688,10,352,0,none
546,1,2,4711.62,2734.37,2481.9966666666664,1579.1331097437255,607,3,590,0,none
547,2,3,3569.0800000000004,5972.59,1908.334,1217.9028997354428,147,5,230,0,none
548,2,3,4989.09,1722.88,1342.3939999999998,1658.5541716398654,1140,5,584,0,none
549,1,5,1920.72,5419.26,1223.33,593.453062451727,667,6,28,0,none
550,5,4,3678.32,9942.64,1513.4399999999998,1660.8111150077643,719,9,335,0,none
551,4,1,5145.969999999999,1361.66,1301.5259999999998,648.4876248194716,251,5,643,0,none
552,5,6,4089.08,7677.540000000001,1069.6927272727273,761.6402555381369,295,11,214,0,none
553,4,3,7212.48,1418.6499999999999,1233.0185714285712,1135.2899697236394,1363,7,170,0,none
554,4,1,8058.379999999999,584.57,1728.5899999999997,1202.9071646972595,95,5,658,0,none
555,4,4,3942.6699999999996,6125.59,1258.5325,865.4493173165889,372,8,442,0,none
556,1,2,8252.45,2289.66,3514.036666666667,3374.4795803237907,459,3,134,0,none
557,1,1,1262.81,390.78,826.795,436.015,750,2,136,0,none
558,4,3,11109.019999999999,2905.7000000000003,2002.1028571428567,2009.7868235406338,892,7,696,0,none
559,4,4,9620.47,4555.2300000000005,1771.9625,1464.3114398988864,755,8,506,0,none
560,3,0,5390.29,0.0,1347.5725,1020.3953457208387,153,3,9,0,none
561,2,1,2417.43,528.23,981.8866666666667,704.5855602803364,388,3,188,0,none
562,2,4,5732.6,7663.550000000001,2232.6916666666666,871.7789143358284,1270,6,588,0,none
563,5,4,9088.699999999999,4411.849999999999,1500.0611111111111,1098.9980083638252,967,9,597,0,none
564,4,3,4094.8999999999996,8392.84,1783.962857142857,1458.3859615020033,984,7,389,0,none
565,5,4,7917.62,19155.589999999997,3008.1344444444444,3511.6421108526392,1015,9,284,0,none
566,1,5,2012.82,7387.42,1566.7066666666667,999.7441900750856,1151,6,556,0,none
567,4,3,2991.0699999999997,14977.49,2566.9371428571426,2895.87847437262,115,7,429,0,none
568,2,2,14235.03,1870.3799999999999,4026.3525,5462.416316385886,568,4,507,0,none
569,2,2,1946.62,5359.65,1826.5675,1009.9213297672003,823,4,520,0,none
570,2,5,1594.48,4767.91,908.9128571428571,255.34253770820345,527,7,616,0,none
571,4,3,14907.8,2686.66,2513.4942857142855,2001.0185147416244,1271,7,651,0,none
572,2,3,1315.97,1449.0,552.994,297.6387506088547,739,5,231,0,none
573,5,1,4211.47,2913.13,1187.4333333333334,833.233384646156,1159,6,371,0,none
574,3,2,3072.15,2063.8900000000003,1027.208,140.7652817139226,1282,5,482,0,none
575,4,3,4086.0499999999997,3205.1,1041.5928571428572,636.3578763268868,772,7,258,0,none
576,5,4,7340.97,6909.62,1583.398888888889,942.5851785670731,1367,9,301,0,none
577,4,1,2439.21,3292.33,1146.308,1084.3931134122902,893,5,213,0,none
578,1,2,249.85,4498.86,1582.9033333333334,1295.2410001059861,1279,3,84,0,none
579,5,1,4851.950000000001,4819.63,1611.9300000000003,1543.4030196290275,530,6,268,0,none
580,4,4,11141.0,19847.65,3873.58125,3022.411402636302,763,8,408,0,none
581,1,3,6889.44,2125.1,2253.635,2704.87190567779,811,4,593,0,none
582,1,0,427.44,0.0,213.72,213.72,184,1,361,0,none
583,1,2,105.46,793.8900000000001,299.78333333333336,173.63768529773589,615,3,15,0,none
584,4,5,2488.94,14179.280000000002,1852.0244444444445,1552.0896753811269,1378,9,698,0,none
585,1,4,5850.95,17358.3,4641.85,4646.332157205294,957,5,440,0,none
586,3,4,5299.18,5074.8099999999995,1481.998571428571,1032.0919135485196,290,7,274,0,none
587,1,5,639.1,8830.849999999999,1578.325,1505.3031107471345,528,6,5,0,none
588,2,0,3787.91,0.0,1262.6366666666665,899.7347487763021,311,2,221,0,none
589,2,4,651.1500000000001,7698.780000000001,1391.655,1502.3080319822343,66,6,181,0,none
590,4,3,8227.460000000001,4967.88,1885.0485714285717,1231.241226085386,1393,7,425,0,none
591,1,5,737.7,4868.96,934.4433333333333,415.32225856021194,688,6,483,0,none
592,3,1,1837.53,2266.23,1025.94,737.9890755627756,482,4,294,0,none
593,3,2,3036.0200000000004,854.02,778.008,374.9343384327448,909,5,99,0,none
594,2,2,1755.71,3310.62,1266.5825,970.3095507974504,40,4,396,0,none
595,1,2,528.23,934.6099999999999,487.6133333333333,44.746588945105344,438,3,290,0,none
596,1,0,465.86,0.0,232.93,232.93,1063,1,119,0,none
597,2,0,1755.8600000000001,0.0,585.2866666666667,445.37529734920065,961,2,368,0,none
598,4,3,13589.619999999999,2379.63,2281.3214285714284,1911.7393657716048,1473,7,499,0,none
599,3,2,22336.300000000003,1707.1599999999999,4808.692000000001,5016.032518301292,941,5,561,0,none
600,4,3,4288.150000000001,6542.39,1547.22,1056.2081545929152,731,7,615,0,none
601,5,4,4888.860000000001,6851.039999999999,1304.4333333333334,751.5119551056168,1149,9,689,0,none
602,2,3,2770.35,5373.31,1628.7320000000002,1238.5948565273472,1357,5,455,0,none
603,3,4,6120.02,3257.14,1339.5942857142857,1286.368032405936,1089,7,360,0,none
604,4,4,1650.8,7344.15,1124.3687499999999,1031.725715324057,1445,8,199,0,none
605,1,7,1023.08,20214.269999999997,2654.66875,1851.5790452032927,1179,8,436,0,none
606,1,2,710.64,2295.8,1002.1466666666666,211.11027929075888,1304,3,322,0,none
607,3,3,2664.0699999999997,3931.4,1099.245,376.334483660037,197,6,51,0,none
608,5,6,7345.610000000001,36915.17,4023.7072727272725,9525.537126838753,1106,11,354,0,none
609,2,4,1447.0,6152.619999999999,1266.6033333333332,1346.7230392532665,676,6,566,0,none
610,2,2,3149.5,3494.67,1661.0425,878.9423585302679,843,4,454,0,none
611,3,1,2000.2600000000002,1064.98,766.3100000000001,279.0601492510172,991,4,673,0,none
612,4,7,6109.59,8984.68,1372.2063636363637,1066.533070801862,1455,11,291,0,none
613,2,5,2739.3700000000003,5452.389999999999,1170.2514285714285,869.0262345280257,1477,7,75,0,none
614,4,2,2523.8999999999996,1717.94,706.9733333333332,285.93689756463556,453,6,107,0,none
615,4,4,1492.63,4482.96,746.94875,645.929592456436,1108,8,575,0,none
616,5,2,9559.15,1142.25,1528.7714285714285,928.2114423438009,1132,7,679,0,none
617,2,5,1914.2199999999998,9731.24,1663.6371428571426,976.3881946485116,539,7,445,0,none
618,4,1,6032.67,2478.02,1702.1380000000001,837.2283979512401,212,5,3,0,none
619,3,4,3564.26,12100.4,2237.808571428571,1902.7820590044955,90,7,208,0,none
620,5,2,5812.139999999999,2342.8,1164.9914285714285,812.4554838517715,1172,7,355,0,none
621,1,3,595.92,8062.13,2164.5125,1259.1256888685696,749,4,674,0,none
622,3,4,1350.6899999999998,6057.8,1058.3557142857142,792.3942110889926,1478,7,612,0,none
623,5,1,4697.59,396.1,848.9483333333334,672.2917807375175,713,6,601,0,none
624,3,3,8674.65,2688.38,1893.8383333333331,1959.4170217305002,1467,6,227,0,none
625,3,4,3541.15,8846.41,1769.6514285714288,1408.022404432427,635,7,169,0,none
626,2,2,1342.9,646.8299999999999,497.4325,210.5327649529878,1196,4,51,0,none
627,2,5,3214.64,5769.24,1283.4114285714284,693.7108859589556,154,7,454,0,none
628,3,3,5352.09,1818.58,1195.1116666666667,782.1176256680037,846,6,155,0,none
629,4,3,2607.91,3691.0200000000004,899.8471428571429,493.5199698872894,1209,7,378,0,none
630,1,2,3889.14,2923.6899999999996,2270.943333333333,1416.9463994175017,1389,3,186,0,none
631,1,5,2082.46,20502.64,3764.183333333333,1918.8399413245031,1239,6,311,0,none
632,5,6,7715.2300000000005,4729.73,1131.3600000000001,831.4628492438657,84,11,166,0,none
633,1,3,2243.35,11075.28,3329.6575000000003,2966.4478240091717,577,4,38,0,none
634,5,5,3691.4399999999996,7912.620000000001,1160.406,797.6349957743829,101,10,667,0,none
635,5,3,12009.97,2539.34,1818.66375,2017.2671937421771,190,8,258,0,none
636,5,2,11620.130000000001,5877.32,2499.635714285715,1501.4951820754932,1022,7,652,0,none
637,4,3,5301.95,1103.14,915.012857142857,922.6092738797824,1078,7,533,0,none
638,2,3,2854.08,3024.58,1175.732,659.9365745706174,1167,5,459,0,none
639,1,5,2589.96,4704.08,1215.6733333333334,1024.11514221899,1302,6,5,0,none
640,1,0,481.21,0.0,240.605,240.605,1116,1,517,0,none
641,1,2,121.27,2647.42,922.8966666666666,724.2677651409197,1207,3,275,0,none
642,3,3,2156.44,7502.339999999999,1609.7966666666664,996.9625137497509,101,6,267,0,none
643,1,6,362.11,10253.849999999999,1516.5657142857142,1304.4423929552336,374,7,635,0,none
644,1,4,1134.12,3983.06,1023.436,392.2566694703864,944,5,71,0,none
645,2,4,1048.67,3699.66,791.3883333333333,813.0509035400073,1291,6,163,0,none
646,3,5,15881.33,3021.81,2362.8925,2892.387319450621,36,8,310,0,none
647,4,1,29526.89,2516.5,6408.678,10585.265541204717,786,5,666,0,none
648,5,4,5560.4,7884.16,1493.8400000000001,1945.1312388513934,1025,9,184,0,none
649,2,3,3429.28,6232.12,1932.28,1204.4547502666924,73,5,371,0,none
650,2,0,1534.49,0.0,511.49666666666667,372.5350861626623,619,2,531,0,none
651,1,3,1201.22,2427.7500000000005,907.2425,461.3351206213874,1346,4,489,0,none
652,4,3,8859.95,2669.9100000000003,1647.1228571428571,1576.69706217699,1017,7,427,0,none
653,2,2,3635.88,2525.37,1540.3125,1136.2537007062947,379,4,178,0,none
654,5,4,14277.289999999997,4056.85,2037.1266666666666,1774.2179512863313,1283,9,290,0,none
655,5,2,5161.92,3515.3199999999997,1239.6057142857142,760.8748043977714,541,7,366,0,none
656,1,3,2576.64,7608.24,2546.22,852.3888349515142,1284,4,545,0,none
657,2,4,1871.87,7403.450000000001,1545.8866666666665,1379.0551291574807,469,6,631,0,none
658,3,3,3384.19,1624.12,834.7183333333334,656.2723629819321,897,6,496,0,none
659,2,4,5139.84,3120.3900000000003,1376.705,1474.5051133035563,613,6,314,0,none
660,3,3,5789.530000000001,2403.4300000000003,1365.4933333333336,1093.763435691446,433,6,80,0,none
661,1,0,1000.21,0.0,500.105,500.105,1333,1,384,0,none
662,3,2,3368.1600000000003,5488.01,1771.234,1140.6020061809465,305,5,606,0,none
663,4,2,3705.05,1820.27,920.8866666666668,570.042740873193,154,6,475,0,none
664,4,4,9904.42,6824.96,2091.1725,1371.0789041458372,532,8,472,0,none
665,1,0,280.3,0.0,140.15,140.15,1084,1,314,0,none
666,4,4,3027.96,5540.87,1071.10375,962.2880590023123,1216,8,297,0,none
667,1,3,2098.03,3934.79,1508.2050000000002,1207.459779630361,1498,4,373,0,none
668,4,7,9880.29,14750.96,2239.2045454545455,1507.8743048613692,465,11,446,0,none
669,2,3,17841.46,2913.24,4150.94,3910.685712992032,629,5,542,0,none
670,2,2,629.86,3784.42,1103.57,862.3660174774977,231,4,373,0,none
671,2,2,1209.7800000000002,12846.56,3514.085,3627.991658827925,875,4,83,0,none
672,3,4,5560.3,6880.73,1777.2900000000002,943.0648390676615,1496,7,130,0,none
673,3,3,2026.9699999999998,2487.74,752.4516666666667,536.1891968144785,1060,6,598,0,none
674,4,2,3132.62,694.5899999999999,637.8683333333332,303.7926544765177,904,6,514,0,none
675,2,4,4075.9799999999996,2727.8999999999996,1133.9799999999998,1049.0584060162396,606,6,42,0,none
676,1,5,1088.93,10749.39,1973.0533333333333,2318.0551411378365,1375,6,347,0,none
677,2,1,4184.32,934.3,1706.2066666666667,582.8894674712255,760,3,153,0,none
678,4,7,3254.33,10436.3,1244.6027272727272,1295.3691573874778,227,11,240,0,none
679,4,3,16859.0,3546.89,2915.1271428571426,2821.3804782548473,567,7,72,0,none
680,3,2,4901.37,3051.5099999999998,1590.5759999999998,836.3366064115571,128,5,57,0,none
681,1,2,86.8,1327.31,471.36999999999995,290.6743870152075,326,3,245,0,none
682,2,2,1298.21,704.9,500.77750000000003,266.7594216119648,55,4,388,0,none
683,2,2,11844.42,1268.19,3278.1525,4241.165038744513,696,4,211,0,none
684,5,4,1733.5900000000001,9792.99,1280.7311111111112,2242.194277916387,962,9,674,0,none
685,3,2,4551.54,2246.46,1359.6,583.3675871009634,534,5,616,0,none
686,5,2,8066.66,2932.99,1571.3785714285714,1798.41343117783,647,7,314,0,none
687,2,6,1160.78,8016.6,1147.1725000000001,650.9856551366935,1440,8,621,0,none
688,3,0,13339.47,0.0,3334.8675,3510.8646937569024,1135,3,673,0,none
689,2,1,7438.75,1175.93,2871.56,1815.8234036564972,825,3,352,0,none
690,5,3,5645.9,6311.18,1494.6350000000002,1341.7483670755855,448,8,686,0,none
691,4,2,3863.3999999999996,2254.99,1019.7316666666666,440.4708877786993,1348,6,242,0,none
692,2,6,1272.43,11250.79,1565.4025,1814.7262483412612,375,8,270,0,none
693,5,4,6562.440000000001,1653.47,912.8788888888889,1063.5158670126432,508,9,392,0,none
694,5,2,11499.25,504.88,1714.8757142857144,1817.804064004205,1366,7,623,0,none
695,5,1,10553.060000000001,862.37,1902.571666666667,713.1896241163512,808,6,214,0,none
696,3,3,8072.18,6755.18,2471.226666666667,1993.206224659712,1121,6,688,0,none
697,5,2,6417.639999999999,2936.26,1336.2714285714285,947.597946078528,898,7,150,0,none
698,1,2,799.79,2157.5699999999997,985.7866666666665,408.58968516376206,990,3,433,0,none
699,1,4,3879.58,20157.32,4807.38,4024.783858534518,470,5,17,0,none
700,1,3,4358.63,12052.74,4102.842500000001,3294.7393135373777,384,4,598,0,none
701,4,3,5461.38,7614.25,1867.947142857143,1276.9382331489455,504,7,209,0,none
702,5,2,16845.179999999997,3912.88,2965.437142857142,3015.0780927660144,258,7,124,0,none
703,4,1,8481.92,347.7,1765.9240000000002,1127.106235855343,1315,5,242,0,none
704,4,3,3756.0299999999997,1831.6399999999999,798.2385714285714,309.77748541394635,446,7,1,0,none
705,1,2,3816.8,6620.83,3479.2099999999996,2510.519696570148,855,3,42,0,none
706,2,4,1239.24,2908.9999999999995,691.3733333333334,309.96063888106113,1194,6,175,0,none
707,4,5,5896.36,20548.579999999998,2938.3266666666664,2562.692390609706,1182,9,409,0,none
708,5,5,7803.09,5932.59,1373.568,1165.44926509737,674,10,444,0,none
709,4,4,4629.66,7164.860000000001,1474.315,1372.0192027992903,730,8,602,0,none
710,3,2,3040.74,2240.3,1056.208,481.4771284453707,1492,5,664,0,none
711,4,4,3396.0199999999995,6732.02,1266.005,797.6097564128714,1021,8,412,0,none
712,4,2,17955.02,1244.6699999999998,3199.9483333333337,3398.2888027575323,1227,6,178,0,none
713,1,6,352.81,6968.21,1045.8600000000001,896.055173046201,1356,7,470,0,none
714,2,2,1343.01,4687.87,1507.7199999999998,1109.9530621832619,1187,4,186,0,none
715,2,5,1252.85,5389.69,948.9342857142857,492.1375094961379,302,7,329,0,none
716,2,4,3049.33,11530.33,2429.943333333333,3424.55958547308,856,6,119,0,none
717,3,2,9824.62,2320.98,2429.12,2006.0451453743508,179,5,223,0,none
718,3,2,4198.63,5975.37,2034.8,1949.5405080069509,989,5,299,0,none
719,5,4,5950.57,3947.3100000000004,1099.7644444444443,1116.2994916549662,1434,9,223,0,none
720,3,4,2316.8599999999997,28439.129999999997,4393.712857142857,4914.042715898749,783,7,545,0,none
721,1,1,1853.93,386.66,1120.295,733.635,666,2,654,0,none
722,5,9,6580.620000000001,9730.300000000001,1165.0657142857142,684.443659663132,82,14,97,0,none
723,5,3,8449.77,2391.55,1355.165,1360.4090939952584,1440,8,656,0,none
724,3,4,4973.32,43729.020000000004,6957.477142857142,9211.538817259447,181,7,517,0,none
725,3,1,3365.0400000000004,762.44,1031.8700000000001,544.6460154081732,90,4,205,0,none
726,4,3,6899.36,3683.1,1511.78,1227.8755197261883,391,7,35,0,none
727,5,4,8881.75,12872.669999999998,2417.157777777778,1523.8116519787386,126,9,400,0,none
728,2,2,3458.17,1178.67,1159.21,813.6075407406203,699,4,689,0,none
729,1,2,2350.4,5390.7,2580.366666666667,1690.0852055904031,788,3,184,0,none
730,5,3,7299.35,4878.19,1522.1925,1377.5501980032343,489,8,553,0,none
731,3,0,2593.16,0.0,648.29,819.6267283953104,104,3,33,0,none
732,3,2,4988.12,1146.76,1226.976,900.7528590595758,194,5,596,0,none
733,1,6,96.14,10582.2,1525.4771428571428,2570.3947809721717,595,7,444,0,none
734,2,4,1121.51,12771.92,2315.5716666666667,1927.8153936638284,118,6,544,0,none
735,5,5,27673.04,6725.26,3439.8300000000004,3646.417551496263,1056,10,628,0,none
736,1,2,3521.16,2012.2,1844.4533333333336,1197.9264752433216,334,3,314,0,none
737,1,3,4930.53,5926.65,2714.295,2087.067942467374,474,4,683,0,none
738,5,2,6931.4800000000005,4384.37,1616.55,881.2043452003627,609,7,343,0,none
739,4,2,8430.02,1547.7,1662.9533333333336,2242.3743243986323,642,6,161,0,none
740,5,3,8901.88,4752.66,1706.8174999999999,1170.2712254617516,32,8,106,0,none
741,1,3,2751.23,5337.7,2022.2324999999998,1244.8882470803353,194,4,202,0,none
742,2,2,7659.5199999999995,943.29,2150.7025,3096.720914954841,1298,4,290,0,none
743,1,1,500.19,2227.85,1364.02,863.8299999999999,31,2,113,0,none
744,5,0,8059.21,0.0,1343.2016666666666,1357.0317762849998,777,5,77,0,none
745,1,4,349.42,2973.37,664.558,623.321189833941,749,5,192,0,none
746,3,5,4360.24,6344.3099999999995,1338.06875,877.010384779415,519,8,20,0,none
747,4,1,5614.68,1057.62,1334.46,688.3703160654155,664,5,287,0,none
748,1,3,3051.56,3249.52,1575.27,929.7303639496776,1177,4,385,0,none
749,5,2,8264.1,3292.1,1650.8857142857144,844.7644660386898,1266,7,327,0,none
750,2,3,4061.59,1971.29,1206.576,774.3767548319099,412,5,370,0,none
751,1,4,2913.13,5216.17,1625.8600000000001,776.5796104457031,504,5,160,0,none
752,5,2,20293.56,2565.8900000000003,3265.6357142857146,2271.554110898258,386,7,418,0,none
753,3,0,4190.89,0.0,1047.7225,919.7826470524163,735,3,639,0,none
754,3,4,4537.91,12237.250000000002,2396.4514285714286,2057.6692047309157,1034,7,604,0,none
755,5,1,8264.01,1951.74,1702.625,1571.0691545329887,365,6,233,0,none
756,4,4,8898.750000000002,11342.679999999998,2530.17875,2501.248344824228,516,8,520,0,none
757,3,3,3318.58,2273.1000000000004,931.9466666666667,409.02060529459334,1397,6,172,0,none
758,2,3,3589.31,4197.77,1557.416,987.3321976842444,101,5,337,0,none
759,1,4,257.71,10296.150000000001,2110.772,1638.1454099975374,707,5,346,0,none
760,4,5,2745.1099999999997,9399.330000000002,1349.382222222222,1152.0394029505314,1075,9,604,0,none
761,3,3,3382.8500000000004,4074.1,1242.825,838.8424419947208,251,6,133,0,none
762,2,3,5965.25,3086.85,1810.42,1790.8238967246332,99,5,422,0,none
763,2,2,4005.39,4523.64,2132.2574999999997,1333.3930930407396,233,4,223,0,none
764,2,3,1828.84,5613.2699999999995,1488.422,909.8802676704225,1380,5,14,0,none
765,1,2,3680.05,2428.36,2036.136666666667,1175.2661015087415,43,3,62,0,none
766,4,3,5220.39,10330.630000000001,2221.574285714286,1925.0550282291165,306,7,653,0,none
767,5,3,11451.46,9912.9,2670.545,2198.6673808980295,75,8,571,0,none
768,5,1,4054.04,638.77,782.1349999999999,496.9979277203611,192,6,107,0,none
769,2,2,5831.42,3979.25,2452.6675,2240.272998937574,941,4,494,0,none
770,1,1,180.2,1080.9,630.5500000000001,450.3500000000001,385,2,332,0,none
771,4,4,3166.7,6485.99,1206.5862499999998,1183.1304710379313,866,8,62,0,none
772,4,2,5467.629999999999,2654.04,1353.6116666666665,580.8570247033449,897,6,161,0,none
773,4,2,17155.29,3227.13,3397.07,3665.396387454796,1278,6,481,0,none
774,4,5,5206.85,9275.95,1609.2,1635.4430390366192,36,9,345,0,none
775,5,2,10585.11,2889.07,1924.8828571428571,1593.692790809305,1284,7,196,0,none
776,1,3,1373.79,8814.86,2547.1625000000004,1360.1496020911634,940,4,373,0,none
777,1,3,1409.15,18706.38,5028.882500000001,6822.443908371015,269,4,320,0,none
778,1,7,2644.68,20031.68,2834.545,2033.8327051407155,1166,8,627,0,none
779,3,2,2444.15,6827.5199999999995,1854.334,2290.29058572575,1287,5,696,0,none
780,4,1,4004.11,839.13,968.6479999999999,650.4780550149252,403,5,203,0,none
781,3,4,3412.2999999999997,4173.320000000001,1083.66,671.6360878588089,1380,7,173,0,none
782,4,3,8016.540000000001,2535.6000000000004,1507.4485714285715,1462.8541323671593,698,7,389,0,none
783,3,3,7078.219999999999,4284.19,1893.7349999999997,1544.9340469067495,917,6,677,0,none
784,4,3,3966.44,2451.2799999999997,916.8171428571429,676.9810371624534,1477,7,636,0,none
785,1,1,2468.62,221.93,1345.2749999999999,1123.3449999999998,561,2,55,0,none
786,5,6,4658.57,6808.07,1042.421818181818,900.8676893954485,1225,11,513,0,none
787,5,5,11209.74,7236.85,1844.659,1953.5829956541393,498,10,103,0,none
788,2,1,3646.23,1376.09,1674.1066666666666,866.9000570743756,1204,3,383,0,none
789,5,4,8702.1,5112.450000000001,1534.95,1274.3716831965994,913,9,79,0,none
790,2,2,1927.76,2420.1400000000003,1086.975,604.2124208628949,348,4,207,0,none
791,1,3,502.21,4401.3,1225.8775,1033.6417321145418,638,4,360,0,none
792,2,4,1186.96,6255.360000000001,1240.3866666666668,1324.9123880678133,496,6,444,0,none
793,2,4,3146.69,6516.08,1610.4616666666668,662.0606631675748,144,6,576,0,none
794,1,3,3694.81,10613.81,3577.1549999999997,3028.880305801964,73,4,603,0,none
795,4,5,10435.15,17859.3,3143.827777777778,1833.4216533621732,539,9,515,0,none
796,4,4,1641.38,3744.8,673.2725,369.6364093859667,57,8,268,0,none
797,1,4,1257.11,8526.68,1956.7580000000003,471.86226246225715,273,5,491,0,none
798,5,1,15598.670000000002,4454.61,3342.2133333333336,2222.576995866635,1096,6,461,0,none
799,3,5,6187.1900000000005,3834.46,1252.70625,1028.2589595152758,1070,8,591,0,none
800,3,4,10040.099999999999,6908.67,2421.2528571428566,1781.884206336606,1115,7,211,0,none
801,4,1,9052.58,2943.18,2399.152,2182.046078811353,496,5,578,0,none
802,5,4,5048.92,11759.51,1867.6033333333335,2225.04772571037,1338,9,86,0,none
803,1,1,342.62,1034.8,688.71,346.09,902,2,103,0,none
804,4,1,3347.05,241.96,717.802,608.8320634592103,215,5,165,0,none
805,3,3,7334.139999999999,2578.37,1652.0849999999998,1566.6645810526898,241,6,543,0,none
806,5,3,9301.67,7679.07,2122.5925,1764.858295938728,1048,8,469,0,none
807,1,1,8496.47,164.18,4330.325,4166.1449999999995,284,2,42,0,none
808,1,2,2680.16,1648.19,1442.7833333333335,939.5718048250608,775,3,556,0,none
809,4,1,1813.92,770.89,516.962,304.3236639106463,1487,5,84,0,none
810,1,6,493.5,4818.52,758.8599999999999,537.4717447457122,35,7,185,0,none
811,4,2,15391.7,4853.76,3374.2433333333333,2587.548382521357,54,6,646,0,none
812,2,4,2551.5,9195.810000000001,1957.885,1375.260718006468,1489,6,387,0,none
813,4,4,11701.05,13266.62,3120.95875,4481.124096500334,889,8,404,0,none
814,5,1,9570.779999999999,869.34,1740.0199999999998,961.8686555346318,216,6,271,0,none
815,2,0,2391.52,0.0,797.1733333333333,880.7157244473888,1349,2,400,0,none
816,1,2,1498.27,1840.35,1112.8733333333334,275.59090288969185,1324,3,63,0,none
817,4,2,4412.6900000000005,1979.31,1065.3333333333335,807.4394783855664,818,6,290,0,none
818,4,3,9180.689999999999,5722.44,2129.0185714285712,1743.4389730105968,944,7,115,0,none
819,5,1,11426.2,383.3,1968.25,1369.1516139566136,431,6,127,0,none
820,4,0,9821.51,0.0,1964.3020000000001,2686.797564703378,104,4,505,0,none
821,2,1,644.2,1213.06,619.0866666666667,420.82873708381123,904,3,313,0,none
822,2,2,1522.04,5728.44,1812.62,1802.4613238569086,463,4,92,0,none
823,3,2,3215.51,1970.7600000000002,1037.2540000000001,543.8405901953256,1005,5,240,0,none
824,3,3,843.32,9122.65,1660.995,2595.5617014739473,1259,6,683,0,none
825,1,4,4563.27,4415.84,1795.8220000000001,1411.8729067362972,56,5,132,0,none
826,4,9,3990.94,24512.499999999996,2192.5723076923077,2395.6276498788175,905,13,36,0,none
827,5,2,13255.779999999999,815.0699999999999,2010.1214285714284,1988.5136812735898,369,7,109,0,none
828,2,4,1937.6799999999998,2828.31,794.3316666666666,397.21733351809087,1314,6,593,0,none
829,4,6,6802.5,7492.129999999999,1429.463,584.1953447614933,402,10,587,0,none
830,5,1,5401.2,9156.3,2426.25,3251.3359548704484,927,6,433,0,none
831,3,2,36029.47000000001,1618.35,7529.564000000001,13273.796073359876,843,5,129,0,none
832,2,2,2440.41,1494.7,983.7774999999999,575.8097101636529,612,4,367,0,none
833,2,1,3649.12,1045.31,1564.8100000000002,786.2391883305403,1026,3,526,0,none
834,4,2,10429.51,6389.58,2803.181666666667,2104.7374369298154,1096,6,372,0,none
835,1,3,1793.65,8372.44,2541.5224999999996,2752.632849476797,863,4,534,0,none
836,5,2,10596.55,4330.0599999999995,2132.372857142857,2383.406404010351,1144,7,187,0,none
837,3,2,4762.51,1845.21,1321.5439999999999,1026.5017286804734,1475,5,502,0,none
838,5,4,9213.49,6829.11,1782.511111111111,1849.1572461616397,646,9,104,0,none
839,1,3,279.45,5449.7,1432.2875,1943.0945075880252,786,4,646,0,none
840,2,2,4286.05,4046.0499999999997,2083.025,1158.603404977303,48,4,659,0,none
841,3,2,2699.5699999999997,5471.0,1634.114,1653.2064627093616,1200,5,24,0,none
842,1,1,574.11,835.86,704.985,130.875,794,2,250,0,none
843,3,2,4252.68,2214.13,1293.3619999999999,353.56591534818506,629,5,299,0,none
844,1,3,693.65,3070.2799999999997,940.9825000000001,782.1718603150781,168,4,657,0,none
845,5,2,5776.71,3920.47,1385.3114285714287,1151.0415514211288,1337,7,540,0,none
846,4,2,4592.39,2297.59,1148.33,497.65205605925104,610,6,460,0,none
847,2,3,1113.7,4029.2900000000004,1028.598,620.225975315449,1033,5,112,0,none
848,5,3,8918.76,657.37,1197.0162500000001,1164.5847791481037,249,8,328,0,none
849,5,6,12063.56,11410.93,2134.044545454545,1549.582987524319,1443,11,251,0,none
850,1,3,588.14,8519.56,2276.925,3145.849930817584,292,4,185,0,none
851,3,6,2220.87,9205.0,1269.5411111111111,1139.5155483259293,323,9,477,0,none
852,4,7,8867.07,8710.439999999999,1597.9554545454544,1780.9925095823482,1292,11,643,0,none
853,1,3,823.83,2493.35,829.2950000000001,500.8713438848344,1371,4,688,0,none
854,2,7,1613.64,4659.84,697.0533333333333,220.61910811773913,341,9,170,0,none
855,4,3,7041.0,5221.01,1751.715714285714,1550.8715534255214,720,7,239,0,none
856,3,2,1530.0900000000001,1265.72,559.162,147.68922146182504,1108,5,615,0,none
857,1,5,1237.33,10073.779999999999,1885.1850000000002,1635.2346204826388,1321,6,451,0,none
858,2,2,3582.8500000000004,6239.43,2455.57,2292.144760557239,587,4,452,0,none
859,4,0,4095.1200000000003,0.0,819.0240000000001,845.0049012544248,790,4,289,0,none
860,1,3,27819.53,1418.1,7309.407499999999,11841.64397009633,1120,4,62,0,none
861,5,0,6076.7699999999995,0.0,1012.795,924.354853411286,1104,5,456,0,none
862,2,3,379.72,6548.279999999999,1385.6,1807.611074208166,1180,5,373,0,none
863,4,2,6384.78,1281.3600000000001,1277.6899999999998,999.2577217448292,867,6,664,0,none
864,3,8,6644.29,11144.77,1617.1872727272726,1379.235922188876,183,11,311,0,none
865,4,1,2994.21,2652.82,1129.4060000000002,873.8734955037829,1358,5,545,0,none
866,2,2,5078.8099999999995,3745.43,2206.0599999999995,555.9968577698978,1302,4,489,0,none
867,5,3,4483.16,5128.9800000000005,1201.5175,774.2550453298642,1203,8,602,0,none
868,5,4,12211.31,2047.96,1584.3633333333332,2892.660433849012,176,9,352,0,none
869,5,5,3938.37,9717.93,1365.63,992.7913383788157,330,10,2,0,none
870,1,1,1487.16,2704.97,2096.065,608.9049999999999,1123,2,301,0,none
871,4,3,2893.4,5618.58,1215.997142857143,604.9906820466455,64,7,319,0,none
872,3,5,2773.66,4042.9299999999994,852.0737499999999,391.2491920738463,1469,8,147,0,none
873,4,5,24273.57,10786.01,3895.508888888889,6332.45226849133,584,9,691,0,none
874,5,4,6839.68,8162.93,1666.9566666666667,1676.7457140279532,1087,9,563,0,none
875,5,0,21191.07,0.0,3531.845,5611.990137270824,1334,5,651,0,none
876,2,2,15558.560000000001,1275.9,4208.615,5838.589812131437,610,4,440,0,none
877,1,4,1077.59,2144.76,644.47,281.7985481154933,499,5,438,0,none
878,1,4,2654.62,7947.06,2120.3360000000002,1745.4524970287791,924,5,243,0,none
879,1,2,290.27,3640.25,1310.1733333333334,1008.2357268130415,884,3,399,0,none
880,5,3,2542.83,1621.81,520.5799999999999,201.9141475355306,631,8,269,0,none
881,1,3,3168.19,3618.59,1696.695,1064.3784757899796,914,4,7,0,none
882,4,4,10553.18,4578.88,1891.5075000000002,2442.6176350318833,1405,8,403,0,none
883,2,3,1182.1000000000001,7879.290000000001,1812.2779999999998,1470.5901095737045,717,5,352,0,none
884,3,1,3387.45,1727.83,1278.82,711.8234726039877,319,4,47,0,none
885,2,4,611.42,3681.9700000000003,715.565,433.423775449617,584,6,236,0,none
886,4,3,3664.37,5640.52,1329.27,628.7885278624512,609,7,253,0,none
887,1,3,4062.2,6184.42,2561.655,1386.9099743043887,222,4,538,0,none
888,3,4,3842.31,9849.779999999999,1956.0128571428572,1436.3892083347075,269,7,232,0,none
889,1,5,261.45,8762.91,1504.0600000000002,1214.3913499362552,1036,6,215,0,none
890,3,5,3013.48,4959.639999999999,996.6399999999999,698.6758154179948,529,8,32,0,none
891,2,3,1136.6,5398.69,1307.058,1126.6797481520646,1433,5,16,0,none
892,1,2,2387.34,3091.9700000000003,1826.4366666666667,425.945976725792,388,3,509,0,none
893,1,6,594.85,4888.25,783.3,348.83245704164955,175,7,138,0,none
894,1,2,721.21,2162.0499999999997,961.0866666666666,467.9124422605389,1137,3,331,0,none
895,4,3,1801.5099999999998,4424.98,889.4985714285714,1012.1940078213207,1325,7,408,0,none
896,4,3,2303.78,5725.36,1147.02,1261.5257593315891,438,7,240,0,none
897,2,1,4232.37,1306.38,1846.25,1051.4569966479846,327,3,334,0,none
898,2,2,6250.7300000000005,3504.52,2438.8125,1903.3353067099738,303,4,682,0,none
899,2,3,1946.21,1368.9499999999998,663.0319999999999,305.4754029639702,797,5,335,0,none
900,5,3,6450.77,2774.87,1153.2050000000002,799.5891484693874,718,8,39,0,none
901,3,2,17985.17,3811.26,4359.285999999999,3968.294625526688,411,5,318,0,none
902,5,7,6584.7300000000005,11618.079999999998,1516.9008333333331,1087.8698659341744,96,12,89,0,none
903,1,3,688.37,2639.23,831.9,217.84496344877934,737,4,6,0,none
904,5,3,6063.16,5077.41,1392.57125,1617.7853263368838,1440,8,62,0,none
905,2,2,3615.0099999999998,1077.33,1173.085,936.5724220395344,989,4,171,0,none
906,4,3,11760.509999999998,6266.79,2575.328571428571,1664.572532860945,758,7,471,0,none
907,5,3,4364.67,4106.09,1058.8449999999998,793.9760244176143,192,8,618,0,none
908,3,3,1954.15,1512.3600000000001,577.7516666666667,365.594621195693,401,6,163,0,none
909,1,4,1221.97,11013.359999999999,2447.066,2795.940716371504,463,5,94,0,none
910,2,3,8608.42,4664.86,2654.656,1602.1829471143424,1154,5,218,0,none
911,3,2,14015.96,4537.53,3710.6979999999994,2165.26079498429,1318,5,211,0,none
912,1,2,274.52,4160.1900000000005,1478.2366666666667,1285.8897840881318,1355,3,540,0,none
913,3,3,4946.42,8269.18,2202.6,1937.1327107523293,1477,6,73,0,none
914,2,3,9395.7,19985.75,5876.29,3948.5994710175405,1474,5,429,0,none
915,4,3,4125.88,2697.4399999999996,974.76,600.3332744639192,1430,7,248,0,none
916,4,3,5873.049999999999,5515.99,1627.0057142857142,1118.5518544574516,135,7,412,0,none
917,1,3,5537.15,5222.44,2689.8975,2084.5349803898107,232,4,287,0,none
918,4,4,17464.29,9123.17,3323.4325,3398.0051382677084,477,8,658,0,none
919,4,3,7277.2,8515.76,2256.137142857143,1439.2035661406057,842,7,155,0,none
920,2,4,4982.22,3287.8900000000003,1378.3516666666667,1231.7893068813441,172,6,297,0,none
921,1,1,1676.58,1335.56,1506.07,170.51,1273,2,571,0,none
922,2,6,1929.15,11470.31,1674.9325,1879.407132846353,936,8,520,0,none
923,2,4,1713.6200000000001,2812.48,754.35,436.1431684282888,827,6,281,0,none
924,1,3,3593.47,15033.84,4656.827499999999,5122.415308877127,273,4,364,0,none
925,4,1,10288.599999999999,4318.05,2921.3299999999995,2117.352169885775,402,5,57,0,none
926,4,3,5128.03,2121.81,1035.6914285714286,531.1987032156227,265,7,318,0,none
927,5,0,9963.08,0.0,1660.5133333333333,1404.3983212472954,1282,5,74,0,none
928,3,1,16028.73,586.69,4153.855,4326.231856295383,888,4,262,0,none
929,4,3,23023.239999999998,1988.0700000000002,3573.0442857142853,6143.738773715324,1110,7,366,0,none
930,4,2,2583.33,1254.51,639.64,517.221119251718,465,6,517,0,none
931,4,2,8875.6,3358.92,2039.086666666667,2057.015625379534,575,6,593,0,none
932,3,1,4442.98,292.15,1183.7824999999998,1240.3461168435003,625,4,584,0,none
933,2,1,6975.01,2683.64,3219.5499999999997,386.17450571816204,1147,3,77,0,none
934,1,5,882.63,2502.25,564.1466666666666,207.03645779320019,1165,6,21,0,none
935,2,2,2219.58,631.22,712.7,770.6150356046786,334,4,30,0,none
936,1,4,887.81,6680.2300000000005,1513.608,1040.8167056576294,1414,5,422,0,none
937,1,1,7227.81,1700.64,4464.225,2763.585,207,2,285,0,none
938,5,8,4924.92,17306.38,1710.1000000000001,1403.6393244156968,1347,13,163,0,none
939,5,2,5363.65,4139.46,1357.587142857143,1087.100080617029,177,7,508,0,none
940,2,5,2121.81,9944.96,1723.8242857142857,880.0423398395126,418,7,269,0,none
941,5,7,26160.670000000002,9188.48,2945.7624999999994,6236.219820259872,1274,11,124,0,none
942,5,0,4856.42,0.0,809.4033333333333,571.939059331402,293,5,432,0,none
943,2,2,743.02,6353.64,1774.1650000000002,1993.7035923689862,637,4,455,0,none
944,1,6,4090.57,8924.33,1859.2714285714285,1345.2318389187851,691,7,43,0,none
945,3,1,3227.44,983.15,1052.6475,451.82757244191066,390,4,129,0,none
946,4,2,4787.7,3491.91,1379.9349999999997,701.6705809886859,1074,6,615,0,none
947,5,2,3905.42,3438.25,1049.0957142857144,814.5623064629275,1281,7,93,0,none
948,2,4,9971.83,5315.83,2547.943333333333,2868.6842008062786,1315,6,402,0,none
949,3,1,5742.129999999999,2065.52,1951.9125,1649.5400955626237,528,4,522,0,none
950,1,1,1455.55,293.96,874.755,580.795,810,2,374,0,none
951,2,4,8763.24,3364.08,2021.2199999999996,2596.45600591781,395,6,503,0,none
952,5,4,8225.43,6502.120000000001,1636.3944444444446,1242.071399720028,389,9,233,0,none
953,4,4,10221.05,6992.530000000001,2151.6974999999998,2131.0344927918813,267,8,207,0,none
954,3,2,5048.360000000001,4953.89,2000.4500000000003,794.6107146269802,1411,5,25,0,none
955,3,2,4322.19,3078.18,1480.074,944.2873717380742,1335,5,52,0,none
956,1,6,1047.63,8424.4,1353.1471428571429,730.3116299559933,1172,7,2,0,none
957,2,6,2425.45,5741.79,1020.905,699.1752387277455,790,8,229,0,none
958,1,3,1455.83,15005.07,4115.225,4608.222851200341,751,4,197,0,none
959,3,2,7571.93,4973.53,2509.0919999999996,1264.0170772327406,808,5,316,0,none
960,3,2,15115.140000000001,2237.9,3470.608,4746.134539969975,818,5,275,0,none
961,4,3,6796.96,3398.3999999999996,1456.4799999999998,880.8703517868805,668,7,577,0,none
962,4,3,2857.22,2297.4300000000003,736.3785714285714,214.46360859652833,223,7,252,0,none
963,1,4,3724.51,8589.14,2462.73,1342.5399170676455,214,5,251,0,none
964,4,4,5598.639999999999,11290.12,2111.095,1275.5995518774691,1429,8,127,0,none
965,4,3,8574.17,2429.6800000000003,1571.9785714285717,1067.2736120391537,738,7,62,0,none
966,2,3,5927.799999999999,4310.349999999999,2047.6299999999999,1518.637708513785,1431,5,584,0,none
967,2,4,3510.54,8142.380000000001,1942.1533333333334,962.2493601568266,270,6,102,0,none
968,1,2,485.97,2038.9099999999999,841.6266666666667,267.55720812981696,844,3,260,0,none
969,1,4,1325.74,11823.98,2629.944,2262.095931419355,335,5,671,0,none
970,2,4,2524.63,4519.75,1174.0633333333333,418.10168295390645,402,6,115,0,none
971,2,2,1458.3899999999999,2653.31,1027.925,313.8470431993903,74,4,612,0,none
972,2,3,3508.34,2876.3900000000003,1276.9460000000001,768.3357218976611,204,5,266,0,none
973,4,6,9907.91,8873.619999999999,1878.1530000000002,1545.064354271692,1377,10,109,0,none
974,1,3,767.87,2112.5099999999998,720.0949999999999,225.88445558515087,502,4,1,0,none
975,2,2,2019.18,1488.4,876.895,605.9843471782088,923,4,640,0,none
976,2,2,3328.61,8646.26,2993.7174999999997,2692.9742711765275,713,4,50,0,none
977,1,0,478.08,0.0,239.04,239.04,618,1,679,0,none
978,2,2,2038.77,2094.4300000000003,1033.3000000000002,589.176858803874,811,4,370,0,none
979,5,3,5452.830000000001,4033.43,1185.7825,714.6387113386387,305,8,462,0,none
980,4,6,3988.01,16155.65,2014.3659999999995,2484.4968075374945,1483,10,587,0,none
981,5,3,6317.509999999999,2162.43,1059.9924999999998,684.0846953365862,1232,8,99,0,none
982,1,1,23047.8,207.13,11627.465,11420.335000000001,1120,2,571,0,none
983,4,3,2397.65,6156.5,1222.0214285714285,1426.3210215839367,719,7,259,0,none
984,1,3,10982.27,8041.31,4755.8949999999995,3847.2791969682944,254,4,587,0,none
985,5,0,14670.71,0.0,2445.1183333333333,3637.3589505455584,1383,5,580,0,none
986,3,3,8395.12,3977.9300000000003,2062.1749999999997,1145.5527471159937,531,6,477,0,none
987,1,3,349.15,8090.9800000000005,2110.0325,1304.5793724679038,103,4,391,0,none
988,2,2,1637.13,9778.33,2853.865,3084.127381436279,533,4,652,0,none
989,3,4,3158.29,9297.61,1779.4142857142858,2151.4025509676712,1197,7,39,0,none
990,4,3,9831.11,4505.69,2048.1142857142854,1163.9303170582623,945,7,460,0,none
991,1,6,977.88,13905.550000000001,2126.2042857142856,2178.1160035082557,1133,7,37,0,none
992,4,3,2435.84,1286.63,531.7814285714286,282.25893539841195,1196,7,446,0,none
993,4,2,3199.59,2657.73,976.2199999999999,825.4602305179013,341,5,579,0,none
994,4,3,5875.85,3842.08,1388.2757142857142,883.2015287230744,1387,7,147,0,none
995,5,6,6110.840000000001,5468.05,1052.6263636363637,708.0592857210953,673,11,371,0,none
996,4,4,3231.9700000000003,7541.570000000001,1346.6925,902.402938655316,969,8,201,0,none
997,1,3,928.54,1895.1799999999998,705.93,199.02224121941748,33,4,527,0,none
998,5,3,12567.279999999999,2705.8199999999997,1909.1374999999998,2324.211259759695,1490,8,386,0,none
999,3,4,8272.28,8472.4,2392.097142857143,1560.0418755525604,442,7,196,0,none
1000,3,4,5513.56,16251.369999999999,3109.275714285715,2761.093954301742,121,7,614,0,none
1001,4,2,3660.63,2197.57,976.3666666666668,692.0422795770661,703,6,278,0,none
1002,3,11,11650.74,10459.650000000001,1579.313571428571,1882.2550604133148,219,14,558,0,none
1003,4,4,5264.16,19220.09,3060.53125,2008.020889871651,253,8,303,0,none
1004,3,1,4937.77,372.71,1327.6200000000001,1207.0509679172624,959,4,551,0,none
1005,3,1,4441.83,2100.53,1635.5900000000001,1046.9294143112036,607,4,347,0,none
1006,4,3,7996.540000000001,2488.2,1497.82,1206.191550720105,1385,7,107,0,none
1007,1,2,844.26,2916.67,1253.6433333333332,900.632229948619,499,3,453,0,none
1008,3,2,5213.5599999999995,4353.38,1913.3880000000001,1630.7520600434634,1097,5,289,0,none
1009,2,3,1413.43,5260.47,1334.7800000000002,1200.318320896586,707,5,503,0,none
1010,1,1,267.2,2488.26,1377.73,1110.5300000000002,1000,2,212,0,none
1011,1,2,570.18,1241.53,603.9033333333333,332.3012404765023,911,3,460,0,none
1012,2,2,4237.72,1313.42,1387.7849999999999,1422.0855374501916,724,4,50,0,none
1013,5,1,7378.86,765.94,1357.4666666666665,1107.2804290191752,1426,6,429,0,none
1014,3,2,4335.74,1441.3899999999999,1155.426,748.2668478183435,533,5,367,0,none
1015,5,2,13964.76,1903.79,2266.9357142857143,2332.5406695511665,290,7,389,0,none
1016,3,3,1336.29,4635.08,995.2283333333334,1043.2399247922579,1026,6,63,0,none
1017,3,4,3721.78,6481.01,1457.5414285714285,1175.5934087263404,1273,7,690,0,none
1018,5,4,17036.59,5409.61,2494.022222222222,2982.490416286279,89,9,408,0,none
1019,4,3,9350.179999999998,11840.77,3027.278571428571,3465.114571313123,690,7,691,0,none
1020,5,7,7579.330000000001,15383.710000000003,1913.5866666666668,1081.8318790931528,1341,12,202,0,none
1021,5,1,7799.49,1346.94,1524.405,1209.5174610114839,1131,6,522,0,none
1022,5,3,3681.0600000000004,12944.09,2078.1437499999997,2709.0085577150617,1487,8,194,0,none
1023,1,7,360.09,5348.02,713.51375,676.8709357391832,811,8,317,0,none
1024,4,5,7932.150000000001,10838.57,2085.6355555555556,1033.2574642912484,1000,9,525,0,none
1025,3,2,8553.96,7025.76,3115.9439999999995,2734.730642367544,474,5,120,0,none
1026,3,1,3386.99,480.67,966.915,803.5904722711687,1422,4,252,0,none
1027,3,3,2215.06,3787.7599999999998,1000.4699999999999,395.1538583050067,568,6,500,0,none
1028,4,4,18957.84,9504.4,3557.7799999999997,4579.600477754583,1115,8,514,0,none
1029,1,4,1466.19,3785.66,1050.3700000000001,541.9186634542125,622,5,275,0,none
1030,1,4,846.58,7236.080000000001,1616.5320000000002,1627.3514947963763,855,5,626,0,none
1031,1,3,3478.61,3772.23,1812.71,1222.4238199781614,1088,4,104,0,none
1032,3,0,3815.8599999999997,0.0,953.9649999999999,1137.8091613820834,778,3,412,0,none
1033,4,5,12512.86,27007.64,4391.166666666667,3366.9758258149436,1363,9,507,0,none
1034,4,3,10692.6,14402.080000000002,3584.9542857142856,4079.758541646647,646,7,231,0,none
1035,3,1,7671.279999999999,2189.23,2465.1274999999996,467.2034051874515,981,4,132,0,none
1036,3,5,2511.4100000000003,20186.340000000004,2837.21875,4997.354637516827,533,8,281,0,none
1037,5,6,9953.11,15215.26,2288.0336363636366,1531.5405773941998,629,10,487,0,none
1038,4,0,12922.26,0.0,2584.452,2361.2938870576872,676,4,325,0,none
1039,1,4,553.48,4131.72,937.0400000000002,720.5173947379758,214,5,180,0,none
1040,5,0,6363.59,0.0,1060.5983333333334,1170.8438649597515,164,5,579,0,none
1041,1,5,1444.58,3010.6000000000004,742.5299999999999,334.05498843753253,1011,6,227,0,none
1042,3,1,2572.34,384.04,739.095,350.4275035224832,993,4,91,0,none
1043,1,4,535.78,5087.5,1124.656,458.78628303819204,1004,5,513,0,none
1044,1,5,626.79,23124.4,3958.5316666666663,4317.214131904264,59,6,213,0,none
1045,1,4,6263.79,3743.45,2001.4479999999999,2226.0745942883404,510,5,621,0,none
1046,5,3,5692.34,3612.9700000000003,1163.1637500000002,633.5464217193855,320,8,563,0,none
1047,1,3,628.66,4445.610000000001,1268.5675,817.679522715807,1173,4,113,0,none
1048,1,6,2158.69,9946.920000000002,1729.3728571428576,2326.804527818689,1295,7,657,0,none
1049,5,4,6728.83,12795.759999999998,2169.3988888888885,3087.8889044079015,392,9,525,0,none
1050,3,6,4734.110000000001,7644.12,1375.358888888889,767.0495032763812,1011,9,639,0,none
1051,5,0,3558.28,0.0,593.0466666666667,599.4607555313544,220,5,120,0,none
1052,3,2,11661.99,1243.28,2581.0539999999996,1887.7380098265753,434,5,609,0,none
1053,1,5,941.55,3520.89,743.7400000000001,236.4534931017091,233,6,536,0,none
1054,1,3,1331.85,5734.07,1766.48,1383.1389087325972,446,4,196,0,none
1055,4,4,28470.75,3570.0099999999998,4005.0949999999993,7957.164065296756,1021,8,196,0,none
1056,1,6,1405.55,10375.0,1682.935714285714,1427.0403720173256,1368,7,640,0,none
1057,5,2,5226.23,1776.98,1000.4585714285714,694.0237440036302,327,7,519,0,none
1058,4,5,3605.84,4455.95,895.7544444444444,636.3886088985271,826,9,672,0,none
1059,4,3,10358.12,10045.47,2914.7985714285714,2395.77002326081,1061,7,382,0,none
1060,2,3,4086.0,3381.96,1493.5919999999999,763.3178421182097,1430,5,538,0,none
1061,1,1,755.46,4507.65,2631.555,1876.0949999999998,926,2,407,0,none
1062,1,4,7992.55,4369.79,2472.468,2882.212092954993,405,5,521,0,none
1063,5,7,12368.54,19417.79,2648.8608333333336,2309.6074372298935,949,12,215,0,none
1064,2,1,3554.3599999999997,848.67,1467.6766666666665,624.2561744099044,501,3,44,0,none
1065,5,3,4342.8099999999995,5952.75,1286.945,961.0184700488333,1464,8,502,0,none
1066,5,4,7827.37,6536.84,1596.0233333333335,1209.7412539051481,617,9,363,0,none
1067,2,2,1326.93,4926.08,1563.2525,977.7612797962241,1037,4,308,0,none
1068,2,7,1887.81,17719.449999999997,2178.584444444444,2176.0464309696613,64,9,381,0,none
1069,4,5,2952.05,5698.66,961.1899999999999,993.0645587831192,618,9,377,0,none
1070,5,2,4840.130000000001,3103.6899999999996,1134.8314285714287,793.1744900340759,1316,7,490,0,none
1071,4,1,4445.47,307.4,950.574,667.7809143304412,927,5,673,0,none
1072,5,6,5494.91,6845.01,1121.810909090909,693.3528925636975,682,11,253,0,none
1073,5,3,13184.92,4896.68,2260.2,2107.140763184795,1405,7,123,0,none
1074,1,1,1178.61,211.4,695.005,483.60499999999996,1285,2,593,0,none
1075,1,1,318.7,365.03,341.865,23.164999999999996,503,2,229,0,none
1076,2,3,1516.03,7469.799999999999,1797.166,2316.427483109281,830,5,599,0,none
1077,4,3,2983.3100000000004,5064.45,1149.68,631.8745803446394,750,7,493,0,none
1078,2,5,9878.17,7662.85,2505.86,3186.7121243779047,959,7,309,0,none
1079,3,3,9899.949999999999,3857.68,2292.938333333333,2689.8089831895545,521,6,569,0,none
1080,4,4,5601.47,4224.33,1228.225,1235.087971735212,388,8,566,0,none
1081,3,2,5069.700000000001,1915.5,1397.0400000000002,745.4813112882173,1371,5,281,0,none
1082,3,0,1085.76,0.0,271.44,177.06140135557496,1388,3,668,0,none
1083,1,1,3955.1,522.02,2238.56,1716.54,1269,2,221,0,none
1084,3,2,3636.75,1334.74,994.298,683.8772643800933,1467,5,655,0,none
1085,2,5,1813.97,7125.66,1277.0900000000001,1335.4743779860185,1125,7,14,0,none
1086,4,1,3488.03,1053.88,908.382,701.6885802804545,1154,5,697,0,none
1087,1,3,765.49,2804.3900000000003,892.47,555.0917104407164,1151,4,163,0,none
1088,2,5,2373.29,15606.58,2568.552857142857,3341.2013592706203,736,7,73,0,none
1089,4,2,2371.1600000000003,791.5699999999999,527.1216666666667,281.5167697442236,700,6,438,0,none
1090,4,2,6125.66,835.39,1160.175,979.4580146991158,383,6,489,0,none
1091,4,1,3344.84,451.56,759.28,274.92028131805773,977,5,424,0,none
1092,4,1,6779.11,626.91,1481.204,1324.0119009827667,455,5,443,0,none
1093,1,3,789.42,2982.81,943.0575,657.9819492347416,408,4,213,0,none
1094,4,1,5218.92,1499.49,1343.682,577.0814392579266,891,5,323,0,none
1095,3,3,2609.1099999999997,4220.91,1138.3366666666668,914.4573616571134,632,6,253,0,none
1096,2,4,4524.4400000000005,4123.66,1441.3500000000001,780.0499847872999,351,6,200,0,none
1097,1,2,1031.26,1052.32,694.5266666666666,289.6875670250432,1229,3,460,0,none
1098,5,3,8425.12,9389.34,2226.8075,2281.0301628636457,1295,8,203,0,none
1099,2,1,8147.32,399.68,2849.0,2122.6139622801566,276,3,399,0,none
1100,1,8,400.21,19821.66,2246.874444444444,1746.977457560541,41,9,256,0,none
1101,4,1,15482.99,1253.48,3347.2940000000003,1874.8153700308733,524,5,27,0,none
1102,4,3,15371.880000000001,3133.95,2643.69,2783.81996944589,1202,7,318,0,none
1103,2,1,8456.99,214.19,2890.3933333333334,2577.5501895188945,1263,3,94,0,none
1104,1,1,1879.99,3016.49,2448.24,568.2499999999999,233,2,164,0,none
1105,4,2,5532.7300000000005,4254.83,1631.26,1022.1975247964555,1168,6,489,0,none
1106,5,3,4807.080000000001,12129.25,2117.04125,2021.218685554816,200,8,423,0,none
1107,3,3,4166.45,2930.4300000000003,1182.8133333333333,812.4422354782454,603,6,80,0,none
1108,2,2,5451.0599999999995,3557.1600000000003,2252.055,1885.4199171205867,1497,4,315,0,none
1109,2,1,2919.54,1178.61,1366.05,777.0565735303103,313,3,200,0,none
1110,5,3,6666.74,2967.17,1204.23875,702.92779133844,256,8,662,0,none
1111,1,5,1439.34,7946.32,1564.2766666666666,995.382742477597,651,6,18,0,none
1112,1,2,624.95,40707.02,13777.323333333334,17438.9905229428,940,3,280,0,none
1113,1,0,4015.22,0.0,2007.61,2007.61,1401,1,614,0,none
1114,1,4,1249.64,9079.41,2065.8100000000004,1436.2774801270123,1471,5,202,0,none
1115,4,4,26481.829999999998,7584.43,4258.282499999999,7039.402097385028,132,8,442,0,none
1116,5,2,23530.15,2025.1399999999999,3650.7557142857145,3846.2864813474202,232,7,656,0,none
1117,2,2,2169.19,777.7,736.7225,437.81053849667666,1192,4,412,0,none
1118,1,3,573.75,6024.62,1649.5925,1652.1790642871465,427,4,174,0,none
1119,3,4,2422.2200000000003,4536.4,994.0885714285714,499.4970279456431,1330,7,333,0,none
1120,5,1,8981.23,260.61,1540.3066666666666,941.7864508416379,1005,6,156,0,none
1121,4,0,4203.84,0.0,840.768,681.3172153820861,194,4,316,0,none
1122,3,4,3655.35,18081.45,3105.257142857143,2718.0182476719233,1253,7,497,0,none
1123,2,2,1372.18,3332.56,1176.185,745.1850334480692,289,4,402,0,none
1124,3,3,6365.799999999999,2702.2999999999997,1511.3499999999997,1951.141242384398,652,6,109,0,none
1125,1,7,1649.34,14818.67,2058.50125,851.7719184065284,841,8,354,0,none
1126,5,2,5651.02,2549.1400000000003,1171.4514285714286,925.6554342955138,766,7,170,0,none
1127,3,1,11588.65,1421.64,3252.5724999999998,3922.6788047415694,1038,4,206,0,none
1128,5,1,6014.74,3221.99,1539.455,1267.7528955695586,989,6,557,0,none
1129,5,2,8674.01,2941.51,1659.3600000000001,1360.68344272806,1488,7,0,0,none
1130,3,3,2366.0,8034.45,1733.4083333333335,1360.6000577369855,1499,6,16,0,none
1131,1,6,859.78,4793.790000000001,807.6528571428572,730.7966641122216,789,7,22,0,none
1132,5,0,3677.26,0.0,612.8766666666667,362.3736937502807,169,5,74,0,none
1133,2,4,5260.87,5971.96,1872.1383333333333,1194.6387090304286,1099,6,478,0,none
1134,1,2,9750.03,6308.59,5352.873333333334,3658.729961250974,1465,3,82,0,none
1135,4,1,8056.109999999999,1159.19,1843.06,2311.299683883507,497,5,224,0,none
1136,3,3,3715.9399999999996,9244.69,2160.105,2169.782654236364,707,6,207,0,none
1137,2,2,1572.28,2223.75,949.0074999999999,606.6185270569554,654,4,124,0,none
1138,3,1,3247.14,1024.06,1067.8,170.99753258453765,105,4,146,0,none
1139,5,2,6812.74,5122.08,1704.9742857142858,1186.3415882072936,1018,7,258,0,none
1140,3,2,6033.08,2304.31,1667.4779999999998,1074.032068392746,549,5,534,0,none
1141,5,4,5963.57,4407.610000000001,1152.3533333333335,880.8114023381445,1187,9,226,0,none
1142,1,1,4645.71,594.91,2620.31,2025.4,1253,2,476,0,none
1143,4,1,2583.8199999999997,4760.38,1468.84,1662.6673049410697,1237,5,634,0,none
1144,5,5,6227.84,5166.21,1139.405,1293.7861292056734,642,10,655,0,none
1145,3,1,3454.51,913.08,1091.8975,666.6244545234971,502,4,276,0,none
1146,3,1,5220.91,629.68,1462.6475,929.5797584762429,1130,4,164,0,none
1147,4,2,14264.089999999998,5425.38,3281.578333333333,4062.4824152292917,1208,6,500,0,none
1148,2,2,1440.53,1707.07,786.9,368.35572379155445,752,4,117,0,none
1149,2,1,2890.43,451.77,1114.0666666666666,1104.5603783205133,1342,3,155,0,none
1150,1,3,212.09,33049.99,8315.52,11317.112303564898,241,4,187,0,none
1151,4,4,3456.09,8268.51,1465.575,1985.1764536433534,1322,8,398,0,none
1152,1,0,778.95,0.0,389.475,389.475,171,1,641,0,none
1153,2,2,7781.129999999999,4509.37,3072.625,2685.4168732107496,255,4,228,0,none
1154,2,2,2884.71,1714.34,1149.7625,626.9560829266671,814,4,215,0,none
1155,2,2,2229.37,1728.3,989.4175,540.67200359252,129,4,196,0,none
1156,3,7,2246.23,20231.83,2247.806,1793.1718207645358,107,10,357,0,none
1157,2,1,3359.35,6361.72,3240.3566666666666,2547.6657869814003,30,3,158,0,none
1158,1,6,2737.26,21204.02,3420.182857142857,3234.5515870705185,671,7,60,0,none
1159,3,3,5239.719999999999,9533.16,2462.146666666667,1537.4921061007835,1168,6,595,0,none
1160,4,3,3520.88,14219.89,2534.3957142857143,4475.389108998096,81,7,69,0,none
1161,1,0,671.48,0.0,335.74,335.74,988,1,236,0,none
1162,4,3,3322.29,6237.07,1365.622857142857,1039.930496753293,1239,7,522,0,none
1163,2,1,1763.55,3270.64,1678.0633333333333,1254.730502440885,276,3,239,0,none
1164,3,5,5943.62,13235.330000000002,2397.36875,1524.2854011834322,245,8,18,0,none
1165,3,2,2523.29,2568.85,1018.4279999999999,601.8099748392344,1295,5,45,0,none
1166,4,1,9835.140000000001,3735.26,2714.0800000000004,1231.557841321308,1239,5,187,0,none
1167,3,1,833.6599999999999,1582.64,604.075,575.2139812495868,822,4,387,0,none
1168,4,4,5274.16,4808.15,1260.28875,1240.632645754148,1234,8,318,0,none
1169,3,3,5772.030000000001,2541.5,1385.5883333333334,1073.8996150853932,166,6,30,0,none
1170,2,5,676.74,14519.32,2170.865714285714,2425.603114313499,609,7,296,0,none
1171,2,1,6650.93,1165.63,2605.52,2380.248146769576,1114,3,381,0,none
1172,2,1,2501.19,258.83,920.0066666666667,563.6667405677066,408,3,411,0,none
1173,2,7,3099.23,10728.259999999998,1536.3877777777775,931.88814016106,1135,9,229,0,none
1174,3,0,3721.7799999999997,0.0,930.4449999999999,766.0028930265211,771,3,141,0,none
1175,5,2,12379.45,4073.25,2350.3857142857146,1449.0754735037801,1132,7,377,0,none
1176,4,4,8571.11,5988.95,1820.0075000000002,1310.4423945537437,713,8,500,0,none
1177,4,3,5428.41,6158.35,1655.2514285714283,907.9817093882858,570,7,216,0,none
1178,1,3,3245.37,1791.8,1259.2925,1152.625537509364,352,4,288,0,none
1179,2,1,2821.33,10867.21,4562.846666666666,4460.486494709841,336,3,437,0,none
1180,5,1,17864.19,1236.92,3183.5183333333334,2838.9251012746395,1134,6,454,0,none
1181,5,2,5068.98,5298.64,1481.0885714285712,1117.283923813569,204,7,673,0,none
1182,5,2,6746.280000000001,2259.25,1286.5042857142857,738.3850311874103,156,7,531,0,none
1183,4,2,4298.51,1140.52,906.5050000000001,534.0998945500115,289,6,236,0,none
1184,1,2,1105.25,1052.3999999999999,719.2166666666667,450.8446831103688,287,3,113,0,none
1185,2,3,8028.15,2358.92,2077.4139999999998,2165.3416283127244,1239,5,30,0,none
1186,4,1,12907.679999999998,2043.65,2990.2659999999996,820.8141555455776,615,5,42,0,none
1187,5,2,3471.85,2016.33,784.0257142857142,468.2425329084168,1485,7,489,0,none
1188,1,1,662.35,1104.87,883.6099999999999,221.2599999999999,231,2,597,0,none
1189,5,5,12101.660000000002,10505.83,2260.7490000000003,1941.2683031896954,990,10,691,0,none
1190,1,3,1189.6,5314.22,1625.955,1320.8839062063705,689,4,125,0,none
1191,5,2,2353.71,2323.66,668.1957142857143,426.7256816690535,607,7,642,0,none
1192,5,3,5271.37,8476.529999999999,1718.4875000000002,1466.0651373041887,1316,8,128,0,none
1193,5,2,5431.64,5633.58,1580.7457142857145,954.7595762113867,1464,7,667,0,none
1194,4,4,2273.2,3855.8399999999992,766.1299999999999,439.49641696491676,1313,8,668,0,none
1195,4,1,11182.48,1526.15,2541.7259999999997,2150.8690846873965,312,5,318,0,none
1196,1,1,469.96,5415.54,2942.75,2472.79,354,2,432,0,none
1197,1,3,1348.31,3096.7200000000003,1111.2575,443.1035361162784,994,4,331,0,none
1198,4,2,8696.09,1123.36,1636.575,1460.043944529867,454,6,662,0,none
1199,5,2,10787.81,4104.56,2127.4814285714288,1512.6535039972312,1110,7,176,0,none
1200,3,5,2331.68,3906.8999999999996,779.8225,458.0191222741142,862,8,4,0,none
1201,5,0,9053.949999999999,0.0,1508.9916666666666,2655.5528277768994,839,5,522,0,none
1202,3,9,6587.32,10480.53,1422.3208333333332,1325.6214586843055,1247,12,268,0,none
1203,5,5,18608.8,14494.61,3310.3409999999994,2410.110819275537,1074,10,259,0,none
1204,3,3,1664.6699999999998,3852.77,919.5733333333334,589.0770727068649,69,6,324,0,none
1205,4,3,8215.0,2044.7900000000002,1465.6842857142858,1107.979109071455,102,7,371,0,none
1206,5,2,7212.150000000001,3567.3,1539.9214285714286,918.9580742562831,914,7,651,0,none
1207,4,1,6899.1,2589.96,1897.8120000000004,1359.3392745506915,744,5,260,0,none
1208,2,7,2030.38,6487.04,946.38,537.8116776964467,412,9,433,0,none
1209,5,3,8059.619999999999,6387.36,1805.8725,1071.9076251565477,645,8,201,0,none
1210,2,4,2512.4700000000003,3977.0800000000004,1081.5916666666665,446.4656136597258,1144,6,181,0,none
1211,1,3,2132.86,2326.7,1114.8899999999999,589.4393411115346,1245,4,72,0,none
1212,1,2,14082.79,3743.21,5942.0,5765.126100690832,854,3,243,0,none
1213,2,4,2356.46,11072.18,2238.1066666666666,2269.1774631619764,596,6,110,0,none
1214,1,5,344.09,8397.990000000002,1457.0133333333335,941.25278083107,427,6,528,0,none
1215,4,2,9896.93,1528.3600000000001,1904.2150000000001,1545.3121523794687,797,6,92,0,none
1216,4,3,2474.41,2130.44,657.8357142857142,392.9391450469195,492,7,113,0,none
1217,4,6,4282.47,8595.06,1287.7530000000002,882.0582423519436,859,10,315,0,none
1218,1,3,524.64,4070.1,1148.685,809.8270421670296,1024,4,447,0,none
1219,2,4,1937.46,4165.9,1017.2266666666668,398.2153349912861,127,6,591,0,none
1220,4,9,6512.4400000000005,17749.469999999998,1866.3007692307688,1331.4842284773874,31,13,253,0,none
1221,4,2,13365.67,1811.47,2529.5233333333335,2638.018089075374,342,6,6,0,none
1222,4,1,14513.869999999999,1955.81,3293.936,3328.5337249521745,1344,5,418,0,none
1223,5,4,6504.2,8173.0,1630.8000000000002,1451.3447963947858,980,9,541,0,none
1224,2,2,14488.880000000001,9717.91,6051.6975,3145.318341657765,282,4,544,0,none
1225,5,3,4278.39,13601.61,2235.0,2529.2724180285522,1338,8,587,0,none
1226,2,6,1609.22,7942.140000000001,1193.92,1715.1357933484453,720,8,66,0,none
1227,4,1,14432.34,907.24,3067.916,4642.644546745313,729,5,581,0,none
1228,5,1,18067.879999999997,1766.18,3305.6766666666663,2218.0534984806436,1405,6,588,0,none
1229,3,0,7681.95,0.0,1920.4875,1989.7875866958136,117,3,332,0,none
1230,1,2,1658.79,1941.4,1200.0633333333333,325.33268975346175,346,3,238,0,none
1231,2,3,938.0699999999999,11005.71,2388.756,2066.4109955243657,891,5,331,0,none
1232,3,4,1546.1499999999999,11700.460000000001,1892.3728571428571,2707.4561584405296,317,7,324,0,none
1233,3,4,4346.12,14440.94,2683.8657142857146,3132.0796420400347,1028,7,210,0,none
1234,4,0,5571.650000000001,0.0,1114.3300000000002,1174.568155178745,344,4,18,0,none
1235,1,3,735.43,4409.91,1286.3349999999998,1657.0170640717613,175,4,624,0,none
1236,1,2,301.01,2391.85,897.62,630.5154336466845,334,3,290,0,none
1237,3,4,1797.21,5545.6900000000005,1048.9857142857143,1174.602975195779,651,7,73,0,none
1238,3,1,1392.73,895.47,572.05,280.25706949156523,288,4,365,0,none
1239,2,3,3393.41,2523.95,1183.472,868.5436705059797,227,5,54,0,none
1240,1,4,3462.73,1911.2,1074.786,1228.9919508540322,1294,5,456,0,none
1241,4,4,2541.4900000000002,5340.26,985.21875,652.806462560641,500,8,126,0,none
1242,3,4,5694.870000000001,3108.18,1257.5785714285716,982.0766110562219,560,7,240,0,none
1243,5,2,9325.23,2688.75,1716.282857142857,1111.9519585037874,111,7,171,0,none
1244,2,5,3449.05,13022.7,2353.1071428571436,2029.298580795938,555,7,367,0,none
1245,2,1,2715.41,1960.98,1558.7966666666664,459.39604615432006,419,3,239,0,none
1246,2,1,1527.26,2606.64,1377.9666666666665,945.7236289858799,927,3,650,0,none
1247,4,4,5485.57,5774.71,1407.5349999999999,715.0959460974451,331,8,293,0,none
1248,5,8,11386.559999999998,29417.620000000003,3138.7830769230777,6107.342137677573,1335,13,560,0,none
1249,2,2,12007.75,5317.8099999999995,4331.389999999999,3831.2389671032006,1396,4,22,0,none
1250,2,3,1481.22,2669.83,830.21,368.50625530647375,176,5,489,0,none
1251,4,2,2946.7599999999998,1962.51,818.2116666666666,384.90556259151265,187,6,527,0,none
1252,1,4,1617.26,5823.17,1488.0859999999998,651.5549160155266,199,5,35,0,none
1253,2,3,3363.7799999999997,10670.84,2806.924,3447.7412254901033,940,5,321,0,none
1254,4,3,15367.71,2503.81,2553.074285714286,2867.76454420939,209,7,285,0,none
1255,3,2,2740.3199999999997,1171.79,782.4219999999999,354.45613637797277,1283,5,139,0,none
1256,5,6,11681.689999999999,12413.220000000001,2190.4463636363635,1614.818137631337,1138,11,673,0,none
1257,1,5,1351.11,7507.9400000000005,1476.5083333333332,1042.177570529077,1235,6,72,0,none
1258,5,2,6750.02,4177.78,1561.1142857142859,801.8055993436163,803,7,484,0,none
1259,4,4,1999.14,8543.05,1317.7737499999998,987.825175650245,1495,8,100,0,none
1260,3,3,3281.32,1676.69,826.335,758.4584017323122,94,6,309,0,none
1261,3,6,3473.9500000000003,7223.599999999999,1188.6166666666666,666.7957657000796,619,9,146,0,none
1262,1,2,207.97,1881.8899999999999,696.62,346.8412807995419,506,3,43,0,none
1263,5,3,6045.58,9135.72,1897.6625000000001,2100.181145054814,1424,8,327,0,none
1264,3,4,3771.4399999999996,13331.85,2443.327142857143,1811.6582376116426,877,7,60,0,none
1265,5,5,8860.830000000002,7073.3,1593.413,1778.3185764426462,1215,10,641,0,none
1266,4,3,2249.98,3549.78,828.5371428571428,510.7365393433371,280,7,647,0,none
1267,3,1,4214.77,1727.68,1485.6125000000002,1105.5078547747862,1468,4,560,0,none
1268,3,6,1307.1100000000001,19121.920000000002,2269.8922222222227,3748.547275393726,763,9,228,0,none
1269,2,2,3701.8999999999996,3949.0099999999998,1912.7274999999997,1334.1428313035865,755,4,371,0,none
1270,4,4,4039.49,5131.86,1146.41875,791.4192639877662,1457,8,202,0,none
1271,2,4,3421.1000000000004,1975.37,899.4116666666667,872.8020649497546,589,6,669,0,none
1272,4,3,10276.46,3881.98,2022.6342857142859,2327.5401660235775,614,7,563,0,none
1273,2,2,2052.98,3295.1000000000004,1337.02,810.9967603819389,889,4,556,0,none
1274,5,2,10041.130000000001,5172.05,2173.3114285714287,1443.489558470114,218,7,329,0,none
1275,4,3,8385.16,6836.24,2174.485714285714,2592.546414847529,501,7,458,0,none
1276,1,2,764.69,607.45,457.38000000000005,218.02643922240262,314,3,151,0,none
1277,3,2,2855.65,7686.69,2108.468,1916.5147951779552,181,5,687,0,none
1278,3,1,7426.95,506.59,1983.385,2026.2744667554293,1303,4,558,0,none
1279,4,1,9261.050000000001,652.72,1982.7540000000001,1438.4066821535557,896,5,21,0,none
1280,2,3,1331.1,4677.22,1201.664,777.6519061791079,557,5,404,0,none
1281,5,3,7666.01,3098.79,1345.6,716.0061422920895,630,8,466,0,none
1282,3,8,1937.29,9144.89,1007.470909090909,772.0466585459073,664,11,307,0,none
1283,4,2,5343.129999999999,3050.79,1398.9866666666667,1000.4613244509866,960,6,560,0,none
1284,3,3,3462.05,3716.8,1196.4750000000001,537.5286356945709,1392,6,265,0,none
1285,4,4,5058.76,5790.46,1356.1525000000001,770.2423372509136,1401,8,561,0,none
1286,1,2,368.14,1884.69,750.9433333333333,270.70419431959715,605,3,511,0,none
1287,2,5,2455.58,6496.45,1278.8614285714284,1179.8179983180041,514,7,541,0,none
1288,1,0,2829.09,0.0,1414.545,1414.545,693,1,189,0,none
1289,3,0,2837.4700000000003,0.0,709.3675000000001,470.7164508159344,864,3,678,0,none
1290,2,5,8229.78,4609.19,1834.1385714285718,2104.632080309855,708,7,268,0,none
1291,3,1,1265.04,356.52,405.39,254.9083448025976,998,4,203,0,none
1292,1,2,739.11,2789.46,1176.19,1001.8299837131381,844,3,245,0,none
1293,4,1,4115.28,1163.07,1055.6699999999998,277.5351030050073,501,5,258,0,none
1294,3,4,2162.13,14363.14,2360.752857142857,2832.6454353015474,538,7,679,0,none
1295,5,1,8975.67,885.56,1643.5383333333332,908.8948705143089,586,6,49,0,none
1296,2,3,2899.3199999999997,3282.42,1236.348,927.1105360505833,169,5,372,0,none
1297,1,1,1955.81,249.13,1102.47,853.3399999999999,274,2,213,0,none
1298,2,3,5653.3,6318.17,2394.2940000000003,1615.7008766427034,1092,5,350,0,none
1299,4,2,2398.56,2266.88,777.5733333333334,641.5851198832121,601,6,677,0,none
1300,4,4,3302.48,3071.6099999999997,796.76125,581.7580429705613,345,8,604,0,none
1301,3,2,17627.89,3867.79,4299.136,5911.868185474368,857,5,546,0,none
1302,5,7,7758.92,11493.19,1604.3425,1227.3851914138788,1140,12,530,0,none
1303,2,3,1870.9699999999998,5774.610000000001,1529.116,961.9004371680055,408,5,372,0,none
1304,2,2,3159.23,1485.95,1161.295,959.9457509802312,1245,4,368,0,none
1305,3,2,3696.08,823.51,903.918,556.7146144803457,1393,5,679,0,none
1306,4,2,6043.299999999999,1994.8600000000001,1339.6933333333334,957.6067629019522,908,6,127,0,none
1307,4,2,5683.25,2458.96,1357.035,738.7682177731164,1013,6,73,0,none
1308,4,2,7626.9400000000005,2896.99,1753.9883333333335,1720.910762100664,107,6,694,0,none
1309,1,5,1732.85,9940.48,1945.555,1415.671686370702,1419,6,459,0,none
1310,5,2,7887.76,3491.42,1625.597142857143,915.1934313218676,606,7,593,0,none
1311,2,5,6688.24,3884.7,1510.42,1871.6037049012273,1388,7,72,0,none
1312,5,3,15298.67,10703.960000000001,3250.32875,3114.737878134521,881,8,644,0,none
1313,2,2,3144.49,2005.55,1287.51,947.9186684784725,36,4,685,0,none
1314,2,0,591.38,0.0,197.12666666666667,142.49059883218808,86,2,431,0,none
1315,4,5,8162.19,6153.43,1590.6244444444446,1416.7771680285202,1030,9,654,0,none
1316,2,3,6096.86,2077.56,1634.8839999999998,1230.1002919372063,857,5,639,0,none
1317,3,5,23153.960000000003,6839.049999999999,3749.1262500000003,3918.708100289359,69,8,58,0,none
1318,2,2,4938.34,3074.1200000000003,2003.115,1687.3901484467071,1122,4,234,0,none
1319,2,3,3859.41,2967.46,1365.3739999999998,1048.5695824426723,1282,5,105,0,none
1320,3,4,2953.84,3443.01,913.8357142857142,491.8877214759233,759,7,167,0,none
1321,1,3,1445.17,3816.65,1315.455,1184.975566003367,714,4,142,0,none
1322,4,3,8070.42,2988.2599999999998,1579.8114285714287,1700.8018322160249,38,7,316,0,none
1323,2,0,2476.19,0.0,825.3966666666666,837.8257962262932,1186,2,397,0,none
1324,2,3,3105.25,3228.04,1266.658,843.067208979213,516,5,655,0,none
1325,1,2,528.46,932.21,486.89000000000004,253.09163597400845,1321,3,616,0,none
1326,2,1,2064.32,858.23,974.1833333333334,481.09613844035607,578,3,691,0,none
1327,2,0,1601.15,0.0,533.7166666666667,382.54275249818664,860,2,595,0,none
1328,1,4,374.5,4420.46,958.992,615.6136681848446,427,5,40,0,none
1329,5,3,4903.5,4290.18,1149.21,1033.519178595637,266,8,470,0,none
1330,1,3,2157.65,6945.1900000000005,2275.7100000000005,2020.5781543904704,1169,4,304,0,none
1331,5,2,7870.890000000001,5676.87,1935.394285714286,1816.9546006110427,759,7,104,0,none
1332,1,1,14793.96,1565.07,8179.514999999999,6614.445,818,2,150,0,none
1333,1,3,690.99,4437.389999999999,1282.095,535.2260751542286,1449,4,168,0,none
1334,5,2,10474.71,1069.8400000000001,1649.2214285714285,1588.068625167318,1446,7,53,0,none
1335,3,7,2009.5,10363.0,1237.25,1211.9679513171955,1287,10,554,0,none
1336,3,9,1437.8000000000002,13687.45,1260.4375,1394.351187459153,305,12,596,0,none
1337,3,5,10549.42,8181.33,2341.34375,2584.9549760872897,903,8,651,0,none
1338,2,1,1094.83,906.38,667.07,169.34548532511872,1320,3,673,0,none
1339,4,4,4449.1,8842.39,1661.43625,1500.3455296858913,580,8,405,0,none
1340,2,1,8943.16,1340.53,3427.896666666667,3072.7665361400664,178,3,82,0,none
1341,5,0,10480.09,0.0,1746.6816666666666,2288.9713952953966,1222,5,272,0,none
1342,4,5,3223.58,7058.2300000000005,1142.4233333333334,820.8504084721459,738,9,353,0,none
1343,2,4,1680.31,5648.09,1221.3999999999999,1145.9744276378945,859,6,171,0,none
1344,2,3,2605.61,13284.24,3177.9700000000003,3679.9979717657457,1473,5,446,0,none
1345,1,6,527.23,11969.740000000002,1785.2814285714287,2828.271059465879,922,7,510,0,none
1346,1,2,1090.38,1591.5300000000002,893.9700000000001,139.18978722114161,654,3,637,0,none
1347,4,3,16645.010000000002,12359.41,4143.488571428572,3168.561369226593,573,7,654,0,none
1348,3,2,6675.5599999999995,6031.72,2541.4559999999997,1315.4193931609798,643,5,89,0,none
1349,4,1,7210.969999999999,404.6,1523.114,1661.5774408025648,204,5,90,0,none
1350,3,5,2028.59,26134.57,3520.3949999999995,5722.003861718812,1198,8,616,0,none
1351,4,3,7453.25,2145.24,1371.212857142857,1342.4302091326151,1261,7,154,0,none
1352,5,2,4997.96,4274.86,1324.6885714285713,1165.7126731553974,448,7,48,0,none
1353,1,2,275.81,5597.0599999999995,1957.6233333333332,2099.2544915172994,476,3,494,0,none
1354,4,4,4781.8,21379.579999999998,3270.1725,4688.888391915908,1315,8,511,0,none
1355,4,2,2739.9300000000003,1138.53,646.41,367.7362793270924,65,6,46,0,none
1356,4,1,7396.280000000001,893.42,1657.94,994.5580831505016,795,5,658,0,none
1357,1,2,2256.14,759.65,1005.2633333333332,895.1474685336611,711,3,354,0,none
1358,1,4,577.51,3795.02,874.5060000000001,375.87253810833266,1044,5,303,0,none
1359,4,2,11239.019999999999,2499.21,2289.7049999999995,2653.5377226434275,270,6,405,0,none
1360,1,3,7274.89,3009.1499999999996,2571.01,2759.1538867286836,1012,4,438,0,none
1361,2,1,815.2,4383.5,1732.8999999999999,1874.8952468515854,583,3,79,0,none
1362,4,7,8637.980000000001,10444.4,1734.7618181818182,1825.5461677278352,939,11,553,0,none
1363,1,3,4522.08,6670.3099999999995,2798.0975,1385.9058809921942,88,4,95,0,none
1364,5,3,5176.5,17305.62,2810.265,4009.119222843716,708,8,406,0,none
1365,1,3,186.66,2611.83,699.6225000000001,374.8756208647743,797,4,672,0,none
1366,3,6,1836.27,20730.17,2507.382222222222,3356.724126227096,345,9,652,0,none
1367,4,1,2201.76,1084.78,657.308,363.00273681612924,235,5,313,0,none
1368,4,6,6328.17,6441.49,1276.966,1128.840203210357,307,10,401,0,none
1369,4,2,5645.890000000001,468.61,1019.0833333333335,946.2028375858717,535,6,344,0,none
1370,2,2,4071.13,3338.63,1852.44,1129.742668686104,172,4,130,0,none
1371,1,3,248.57,5347.09,1398.915,917.5393256558544,1422,4,358,0,none
1372,4,4,2722.3,4033.5599999999995,844.4825000000001,415.3771997759988,625,8,139,0,none
1373,3,4,4182.57,2691.0299999999997,981.9428571428571,786.3311753546936,1219,7,157,0,none
1374,5,3,3037.04,4771.61,976.08125,883.5040474785259,1462,8,290,0,none
1375,5,0,7854.570000000001,0.0,1309.095,1746.2146998269332,148,5,171,0,none
1376,5,2,7845.33,18339.149999999998,3740.6399999999994,5786.646893115217,987,7,407,0,none
1377,1,2,624.32,6155.19,2259.8366666666666,2165.4842800681377,1310,3,693,0,none
1378,1,6,3028.46,9486.439999999999,1787.8428571428572,1463.0530315426445,962,7,618,0,none
1379,2,1,1785.78,2071.88,1285.8866666666665,663.7198518116578,660,3,251,0,none
1380,4,3,3324.2099999999996,7068.650000000001,1484.6942857142858,1815.2616163663743,663,7,93,0,none
1381,3,1,1478.12,383.35,465.36749999999995,153.89752164589913,82,4,255,0,none
1382,1,1,2575.28,354.05,1464.6650000000002,1110.6150000000002,815,2,143,0,none
1383,1,2,2794.94,530.63,1108.5233333333333,1196.94317766365,1490,3,258,0,none
1384,2,2,1044.43,1201.01,561.36,276.4853421973758,1439,4,334,0,none
1385,4,1,6917.91,3863.54,2156.29,1844.3128205160858,89,5,462,0,none
1386,1,1,207.78,5384.4,2796.0899999999997,2588.3099999999995,1067,2,142,0,none
1387,2,2,1189.49,2268.8,864.5725,460.9383763245907,473,4,381,0,none
1388,4,2,4417.139999999999,1823.79,1040.155,530.2652077262849,1357,6,365,0,none
1389,5,3,13814.34,5255.4400000000005,2383.7225000000003,1709.141328428913,96,8,272,0,none
1390,3,3,10338.86,6174.11,2752.161666666667,2189.8908593764563,1405,6,217,0,none
1391,2,5,708.1700000000001,4873.08,797.3214285714286,838.0231415732176,1261,7,533,0,none
1392,1,2,1992.31,663.47,885.2599999999999,800.4132565535548,202,3,638,0,none
1393,2,4,7388.67,16955.58,4057.375,1678.1488789610812,117,6,197,0,none
1394,1,3,692.24,3647.44,1084.92,431.2671220948798,1257,4,3,0,none
1395,2,0,1436.0300000000002,0.0,478.67666666666673,587.6631045269239,258,2,655,0,none
1396,3,2,3941.81,5370.99,1862.56,1357.772403431444,816,5,505,0,none
1397,1,0,2609.3,0.0,1304.65,1304.65,1376,1,48,0,none
1398,5,3,4946.01,4849.42,1224.42875,1385.145806742358,864,8,609,0,none
1399,2,4,1999.6799999999998,11268.75,2211.405,1670.8293475571745,613,6,495,0,none
1400,5,0,7415.73,0.0,1235.955,1162.7797869151034,684,5,554,0,none
1401,3,1,1616.94,3956.67,1393.4025000000001,1490.2151765999265,122,4,692,0,none
1402,1,2,593.95,6264.41,2286.1200000000003,2391.6262021060065,1454,3,120,0,none
1403,2,1,1643.4,899.77,847.7233333333334,244.2994961563004,486,3,202,0,none
1404,3,2,6959.219999999999,2276.2,1847.084,1066.6602676128891,308,5,553,0,none
1405,5,2,10556.32,5203.820000000001,2251.4485714285715,1978.3304445807587,450,7,359,0,none
1406,4,4,5579.199999999999,5292.51,1358.96375,1300.349693005092,1447,8,138,0,none
1407,1,2,1220.43,667.72,629.3833333333333,427.89786572135284,168,3,139,0,none
1408,2,5,6240.58,9187.259999999998,2203.977142857143,1588.8272997916624,1304,7,471,0,none
1409,2,5,755.52,10251.74,1572.465714285714,1484.9089524648316,1070,7,89,0,none
1410,3,3,1755.72,3317.68,845.5666666666667,475.56899333558556,1250,6,378,0,none
1411,2,2,8363.43,3932.04,3073.8675000000003,3043.9626968343014,1464,4,88,0,none
1412,3,4,9837.369999999999,3711.9,1935.6100000000001,1700.1885690794923,1267,7,433,0,none
1413,1,3,994.8,5328.95,1580.9375,1119.688045358505,1416,4,253,0,none
1414,5,3,3577.7000000000003,4827.28,1050.6225,694.525873829586,216,8,438,0,none
1415,1,3,1960.3,8547.66,2626.99,1555.3810436835083,1199,4,646,0,none
1416,5,5,4202.5199999999995,8139.400000000001,1234.1920000000002,874.789650896717,832,10,210,0,none
1417,1,2,959.51,5703.7,2221.07,1127.3043259031697,828,3,271,0,none
1418,5,5,9250.62,13186.130000000001,2243.675,1483.6042718680073,1351,10,675,0,none
1419,5,4,19757.53,4534.85,2699.1533333333336,3975.4184794727375,1458,9,150,0,none
1420,2,3,3255.71,6693.05,1989.752,2109.0773470065055,1066,5,306,0,none
1421,1,3,261.99,1235.53,374.38,227.30293640866145,739,4,534,0,none
1422,1,0,1710.26,0.0,855.13,855.13,700,1,319,0,none
1423,1,1,1195.65,665.95,930.8000000000001,264.85,597,2,603,0,none
1424,4,3,5562.320000000001,2499.92,1151.7485714285717,976.902673415592,561,7,195,0,none
1425,5,2,6480.71,2921.08,1343.112857142857,814.7124566849037,605,7,136,0,none
1426,5,4,3573.92,5116.55,965.6077777777779,673.206004557921,161,9,79,0,none
1427,1,5,1366.65,20805.7,3695.3916666666664,2589.5152282323465,143,6,506,0,none
1428,4,3,7135.37,5132.879999999999,1752.607142857143,1022.2477270172025,1176,7,397,0,none
1429,5,3,4174.82,3145.0,914.9775,430.71827677003677,685,8,507,0,none
1430,1,6,1069.13,16188.94,2465.4385714285713,3151.470415384034,1398,7,135,0,none
1431,5,2,12444.480000000001,1843.75,2041.1757142857145,3320.1701119149097,929,7,584,0,none
1432,1,6,1288.82,10468.01,1679.547142857143,1294.9056811952894,81,7,60,0,none
1433,3,3,6058.6,5037.73,1849.3883333333333,1502.1331648405508,261,6,220,0,none
1434,5,3,19928.29,9210.59,3642.3599999999997,4651.470119239186,332,8,602,0,none
1435,1,1,1896.84,302.74,1099.79,797.05,1464,2,197,0,none
1436,3,5,3079.9100000000003,12574.24,1956.76875,2201.058099803578,351,8,572,0,none
1437,4,2,961.42,1699.94,443.56,312.7097690084743,788,6,268,0,none
1438,3,2,1904.27,753.54,531.562,285.83253750404276,1406,5,464,0,none
1439,2,4,1366.74,3209.91,762.7750000000001,337.3110055398924,1466,6,609,0,none
1440,1,2,504.47,1344.35,616.2733333333334,104.69075741864174,377,3,28,0,none
1441,3,5,4018.86,12331.42,2043.785,2293.1296004260207,102,8,394,0,none
1442,4,6,10602.24,24969.019999999997,3557.1259999999993,4650.329449469575,255,10,248,0,none
1443,1,6,192.38,7140.08,1047.4942857142858,668.4069173758738,123,7,653,0,none
1444,3,3,10010.199999999999,5635.66,2607.643333333333,1646.2032272440995,316,6,103,0,none
1445,4,2,12460.44,5402.6900000000005,2977.1883333333335,3241.6582110570957,865,6,104,0,none
1446,2,6,1836.22,15162.259999999998,2124.81,1745.566963116855,1371,8,255,0,none
1447,2,4,4651.99,9976.9,2438.148333333333,1396.5350688927301,819,6,182,0,none
1448,2,4,1535.51,9174.79,1785.0500000000002,1328.1813011909683,950,6,462,0,none
1449,2,5,2283.39,14276.45,2365.691428571429,2928.2443310939198,326,7,557,0,none
1450,2,7,1261.3400000000001,12256.25,1501.9544444444446,1352.7592841391595,1206,9,355,0,none
1451,4,5,5166.95,9792.16,1662.1233333333334,1179.8954499163615,938,9,604,0,none
1452,4,1,5712.41,183.67,1179.216,894.67518480396,1300,5,456,0,none
1453,1,3,774.59,5919.06,1673.4125000000001,751.651351571159,1424,4,437,0,none
1454,2,3,6860.18,1645.17,1701.0700000000002,2115.2559576278236,541,5,89,0,none
1455,1,0,318.2,0.0,159.1,159.1,163,1,78,0,none
1456,2,0,1830.1799999999998,0.0,610.06,470.39074615330884,362,2,330,0,none
1457,1,2,313.95,4532.63,1615.5266666666666,920.4221094814174,673,3,285,0,none
1458,3,4,7211.9,8181.14,2199.005714285714,2473.2336562129526,1420,7,434,0,none
1459,2,1,6153.95,1933.11,2695.6866666666665,2487.3589425510922,586,3,594,0,none
1460,3,2,18709.38,17430.73,7228.022,6836.321476716555,1163,5,227,0,none
1461,5,3,7658.48,2408.9500000000003,1258.42875,910.6190802338471,824,8,86,0,none
1462,2,1,1296.12,2769.88,1355.3333333333333,1000.8043586813337,298,3,296,0,none
1463,1,3,2729.49,2456.62,1296.5275000000001,1023.2868141526841,501,4,431,0,none
1464,1,1,711.33,1423.92,1067.625,356.295,990,2,129,0,none
1465,3,2,3799.17,3897.7799999999997,1539.3899999999999,1134.5393003505872,1019,5,121,0,none
1466,5,6,9587.939999999999,6654.990000000001,1476.63,1769.813257586029,669,11,113,0,none
1467,5,6,9895.650000000001,9288.789999999999,1744.0400000000002,1374.7296353696738,366,11,565,0,none
1468,2,4,1638.19,5917.16,1259.2250000000001,575.2986580536525,1091,6,537,0,none
1469,5,5,12016.109999999999,8040.01,2005.6120000000003,1767.9570339507688,278,10,631,0,none
1470,3,6,1650.1200000000001,12945.29,1621.7122222222224,2648.1552215532056,1406,9,500,0,none
1471,2,3,960.16,2780.17,748.066,316.4158674023792,306,5,534,0,none
1472,5,1,6096.13,285.49,1063.6033333333332,729.3670904664917,187,6,575,0,none
1473,3,2,5953.54,3536.34,1897.976,1163.2037786836836,761,5,412,0,none
1474,2,4,2240.19,7454.73,1615.82,1247.1786596421007,793,6,371,0,none
1475,3,5,7939.21,11805.210000000001,2468.0525,1675.6020238316585,777,8,22,0,none
1476,1,2,646.21,1037.07,561.0933333333334,206.12184621938766,671,3,655,0,none
1477,4,6,11600.51,7951.340000000001,1955.185,2001.234519026943,1492,10,193,0,none
1478,2,4,907.62,9319.05,1704.445,2216.245370596782,744,6,69,0,none
1479,3,3,7004.54,7051.37,2342.6516666666666,2313.8575702306935,732,6,358,0,none
1480,4,4,6714.83,7822.85,1817.21,1438.3077684122406,649,8,645,0,none
1481,4,2,2419.17,1276.6899999999998,615.9766666666666,476.54077631288686,128,6,681,0,none
1482,1,4,1036.77,1098.38,427.0299999999999,309.8428488766523,901,5,513,0,none
1483,4,4,3146.54,6558.64,1213.1475,900.3209110471389,365,8,168,0,none
1484,5,2,6028.68,8834.57,2123.3214285714284,2295.0697311375257,967,7,503,0,none
1485,1,1,3875.04,5479.7,4677.37,802.3299999999999,104,2,427,0,none
1486,3,5,5695.78,12993.4,2336.1475,2578.2361875308766,1472,8,418,0,none
1487,3,1,1944.64,332.29,569.2325000000001,359.3671672798588,719,4,12,0,none
1488,3,6,11752.419999999998,12203.96,2661.82,2215.9426320442303,1348,9,346,0,none
1489,3,5,3539.87,6596.699999999999,1267.07125,1074.0303963626623,729,8,197,0,none
1490,1,3,3648.11,6841.91,2622.505,607.0216448158995,118,4,502,0,none
1491,2,2,2057.94,4187.4,1561.335,1058.4351323888488,1238,4,560,0,none
1492,4,1,8603.89,463.51,1813.48,1087.7558434134012,982,5,503,0,none
1493,1,5,979.68,8203.61,1530.5483333333332,819.1436256525606,1179,6,523,0,none
1494,2,2,3873.62,1553.92,1356.885,1151.262056646965,659,4,632,0,none
1495,3,3,9454.63,7753.58,2868.035,2763.723485708788,967,6,319,0,none
1496,5,0,7506.25,0.0,1251.0416666666667,848.9875543928124,1288,5,135,0,none
1497,5,3,6594.7,3946.38,1317.635,537.3739425437374,957,8,539,0,none
1498,5,2,3792.96,2961.51,964.9242857142856,521.545974657683,541,7,211,0,none
1499,5,2,6010.66,1923.75,1133.4871428571428,981.5984261501279,1003,7,304,0,none
1500,2,3,13922.48,17377.06,6259.908,4765.218948092102,1017,5,544,0,none
1501,2,6,1961.37,17271.51,2404.1099999999997,2380.926966020798,1442,8,650,0,none
1502,1,3,295.86,15579.87,3968.9325000000003,4905.675464033342,575,4,493,0,none
1503,3,4,3372.76,13805.81,2454.0814285714287,1661.1130590182045,654,7,419,0,none
1504,2,2,3223.83,1387.6599999999999,1152.8725,518.2268563754199,1223,4,440,0,none
1505,2,1,3350.17,1946.38,1765.5166666666667,1139.058422333503,773,3,258,0,none
1506,3,5,4209.82,7014.24,1403.0075000000002,761.7010042291857,1112,8,31,0,none
1507,5,3,4940.07,7731.99,1584.0075000000002,1074.0470141915343,705,8,342,0,none
1508,2,3,5258.11,9686.08,2988.8379999999997,2964.0676573074375,346,5,372,0,none
1509,4,6,5684.87,10755.740000000002,1644.0610000000001,1447.220549663734,1125,10,418,0,none
1510,3,7,3001.92,5501.72,850.3639999999999,449.03892502098296,222,10,244,0,none
1511,5,2,15693.990000000002,1441.07,2447.8657142857146,2439.011551398037,321,7,270,0,none
1512,4,4,8738.73,10239.23,2372.245,1958.8354820913369,951,8,261,0,none
1513,5,0,8065.1900000000005,0.0,1344.1983333333335,1048.0386771396156,1128,5,79,0,none
1514,1,3,5176.95,2549.62,1931.6425,1902.2106488685079,1345,4,157,0,none
1515,5,0,4089.1800000000003,0.0,681.5300000000001,525.7897611530043,430,5,512,0,none
1516,3,4,6304.48,3691.4300000000003,1427.9871428571425,956.2008564509608,192,7,394,0,none
1517,3,2,2469.91,2047.18,903.418,516.2068857890216,1435,5,69,0,none
1518,5,4,3078.9,6633.88,1079.1977777777777,861.3741082038342,257,9,561,0,none
1519,1,1,1633.5,280.22,956.86,676.64,320,2,197,0,none
1520,5,5,17766.55,17567.12,3533.3670000000006,4888.56278452686,458,10,276,0,none
1521,3,8,6155.139999999999,17421.4,2143.321818181818,2036.6587692315084,808,11,229,0,none
1522,3,3,12307.04,2380.18,2447.8700000000003,3474.3774587303164,1327,6,132,0,none
1523,2,1,3772.9900000000002,932.72,1568.57,591.1779371728956,1148,3,509,0,none
1524,4,3,5654.03,2753.9700000000003,1201.142857142857,800.4889630668475,1070,7,118,0,none
1525,3,3,5751.870000000001,1976.24,1288.0183333333334,875.9270953189476,287,6,585,0,none
1526,5,4,4970.49,8368.92,1482.1566666666668,1546.5446298118914,555,9,525,0,none
1527,2,3,2448.8,3562.23,1202.2060000000001,618.1138003507122,733,5,551,0,none
1528,4,2,3700.98,3457.5,1193.08,585.6536572924308,246,6,561,0,none
1529,2,5,3428.17,5113.38,1220.2214285714285,728.8067234170932,431,7,272,0,none
1530,2,3,5160.59,3565.13,1745.1439999999998,1222.616225585118,483,5,173,0,none
1531,1,2,1122.5,1365.49,829.3299999999999,402.98702766549036,217,3,267,0,none
1532,1,1,758.2,5237.86,2998.0299999999997,2239.83,838,2,494,0,none
1533,5,3,3126.32,3797.62,865.4925000000001,705.913646573538,1066,8,580,0,none
1534,1,2,3045.1,2207.0299999999997,1750.7099999999998,915.7563466701537,132,3,104,0,none
1535,5,4,12905.700000000003,8259.289999999999,2351.665555555556,2036.5539211898076,737,9,295,0,none
1536,1,2,194.94,2891.94,1028.96,645.9243042854687,1179,3,168,0,none
1537,5,1,9618.79,1110.27,1788.176666666667,1305.38904219734,1129,6,407,0,none
1538,2,2,5433.7,826.8,1565.125,1264.4432079476721,1228,4,76,0,none
1539,4,1,5685.44,497.03,1236.494,576.5402443056339,688,5,144,0,none
1540,1,3,761.32,4986.19,1436.8775,1127.7718424702534,1236,4,307,0,none
1541,1,5,1888.86,9984.26,1978.8533333333335,2699.9915686390987,383,6,193,0,none
1542,5,2,7883.37,1269.58,1307.5642857142855,749.9430374722211,560,7,237,0,none
1543,5,2,2280.83,8943.38,1603.4585714285713,1984.0246518948627,289,7,127,0,none
1544,3,2,4407.6,7118.65,2305.25,1647.0254870766269,717,5,161,0,none
1545,2,0,2239.39,0.0,746.4633333333333,597.8565988782111,606,2,240,0,none
1546,1,4,783.32,3084.2300000000005,773.51,302.44664818774237,384,5,503,0,none
1547,1,4,4599.87,7670.21,2454.016,2653.6134867806204,1135,5,636,0,none
1548,2,1,2958.26,729.78,1229.3466666666666,451.92328938536554,491,3,122,0,none
1549,4,1,8723.88,1245.28,1993.8319999999999,1746.499543159402,431,5,128,0,none
1550,2,3,1319.52,4480.639999999999,1160.032,1158.5427265042924,222,5,255,0,none
1551,2,3,3633.09,5097.349999999999,1746.0879999999997,769.1248360675918,675,5,10,0,none
1552,4,3,4021.8500000000004,4617.81,1234.2371428571428,979.1699585248473,475,7,490,0,none
1553,4,4,4311.67,1884.6100000000001,774.535,533.3743878599721,572,8,602,0,none
1554,1,4,969.44,10441.210000000001,2282.13,2417.8004370584435,376,5,630,0,none
1555,2,2,2723.7799999999997,7469.34,2548.2799999999997,2383.7607739347504,1151,4,377,0,none
1556,2,4,4728.02,3811.09,1423.1850000000002,1277.0260104470597,1397,6,41,0,none
1557,1,3,765.29,7305.23,2017.63,1047.5943418136621,761,4,255,0,none
1558,2,1,2594.75,1359.82,1318.1899999999998,473.9401051469127,975,3,439,0,none
1559,2,6,1891.3999999999999,13276.26,1895.9575,1441.0042086315188,1304,8,16,0,none
1560,3,3,2991.58,2076.01,844.5983333333334,446.7931537604647,1498,6,436,0,none
1561,3,3,1112.93,8962.12,1679.175,1998.841217145157,931,6,330,0,none
1562,4,5,3842.43,8643.11,1387.2822222222223,975.3699109885073,1337,9,308,0,none
1563,2,4,5135.92,8832.69,2328.101666666667,896.9373284017984,1365,6,582,0,none
1564,5,0,4644.02,0.0,774.0033333333334,712.8178074530841,1193,5,352,0,none
1565,5,3,8269.94,1535.65,1225.69875,1021.3185805790167,707,8,251,0,none
1566,1,4,208.76,4203.77,882.5060000000001,526.9932022559684,149,5,532,0,none
1567,5,4,9720.58,19909.02,3292.1777777777775,4069.503810031603,53,9,497,0,none
1568,2,3,6431.89,4124.5599999999995,2111.29,1860.0011760964026,731,5,406,0,none
1569,2,3,979.0699999999999,16352.149999999998,3466.2439999999997,3945.1546901767992,756,5,328,0,none
1570,4,2,8728.130000000001,692.53,1570.1100000000004,1497.6240516676182,628,6,344,0,none
1571,3,5,4949.51,19781.989999999998,3091.4375,4972.022220364039,865,8,315,0,none
1572,5,2,10203.38,4705.969999999999,2129.907142857143,1681.705829122954,841,7,534,0,none
1573,1,5,2470.06,13140.5,2601.76,3298.363653449995,1259,6,449,0,none
1574,1,4,3465.4,3542.76,1401.632,1128.186393454557,189,5,692,0,none
1575,3,6,11986.78,6735.77,2080.2833333333338,2868.8240968189193,361,9,499,0,none
1576,1,2,267.07,7979.66,2748.91,2540.0502987276977,1195,3,137,0,none
1577,5,1,13390.34,119.2,2251.59,3139.540090719234,1276,6,48,0,none
1578,4,4,5521.73,4874.68,1299.55125,1026.6667874539128,1492,8,539,0,none
1579,4,3,5522.6900000000005,2585.82,1158.3585714285714,667.182969237687,1313,7,467,0,none
1580,1,4,4760.21,10243.96,3000.834,1087.474459407668,1338,5,82,0,none
1581,4,4,5779.719999999999,11977.57,2219.66125,1787.5462278038958,492,8,112,0,none
1582,2,1,4263.2,844.56,1702.5866666666668,686.063761921749,620,3,89,0,none
1583,4,3,7238.69,3826.07,1580.68,830.6835132072176,424,7,524,0,none
1584,5,3,8915.73,8375.45,2161.3975,1474.431629423267,921,8,575,0,none
1585,5,1,9832.87,196.21,1671.5133333333333,1900.403648471088,1410,6,440,0,none
1586,5,2,4152.629999999999,7437.24,1655.695714285714,1946.7465270464324,536,7,302,0,none
1587,3,2,3232.26,1098.52,866.156,358.0448386780628,848,5,696,0,none
1588,5,7,13998.289999999999,9509.81,1959.0083333333332,1377.2245395409889,465,12,430,0,none
1589,3,4,3552.68,1710.81,751.9271428571429,720.7121701823687,279,7,150,0,none
1590,4,5,3980.1700000000005,15882.779999999999,2206.9944444444445,2237.760267023511,316,9,156,0,none
1591,4,4,6040.54,4804.410000000001,1355.61875,946.9881802910412,115,8,522,0,none
1592,3,2,4259.3,5539.03,1959.666,1967.1272750139985,1425,5,440,0,none
1593,3,5,11055.130000000001,4326.91,1922.7549999999999,2911.095965328179,622,8,535,0,none
1594,2,2,6036.01,5840.51,2969.13,1860.620348660629,1256,4,41,0,none
1595,1,2,2681.01,3750.28,2143.763333333334,1473.0238260425012,1031,3,2,0,none
1596,5,2,13069.410000000002,2642.37,2244.5400000000004,2287.016874776897,312,7,469,0,none
1597,2,1,3701.03,932.63,1544.5533333333333,637.637197071257,287,3,517,0,none
1598,2,4,2881.02,4402.09,1213.8516666666667,631.3746971336082,1223,6,157,0,none
1599,1,6,1168.89,4255.07,774.8514285714288,684.174421859317,419,7,685,0,none
1600,1,4,806.18,9334.859999999999,2028.2079999999999,2177.805497085541,1372,5,644,0,none
1601,1,1,522.78,1107.88,815.33,292.55000000000007,235,2,538,0,none
1602,3,4,6077.459999999999,4169.36,1463.8314285714284,987.0674772190973,1026,7,209,0,none
1603,4,3,9265.189999999999,10546.859999999999,2830.292857142857,2710.2436998106396,1227,7,699,0,none
1604,5,1,17223.4,504.89,2954.715,3021.505770427222,375,6,294,0,none
1605,3,2,7708.5,1400.46,1821.7920000000001,1929.0799375702395,436,5,672,0,none
1606,4,3,4527.89,7510.35,1719.7485714285715,1208.7552438347307,1447,7,239,0,none
1607,1,4,829.61,4204.08,1006.7379999999999,965.3083375668108,418,5,393,0,none
1608,5,1,8243.44,448.23,1448.6116666666667,1396.2278457378968,662,6,3,0,none
1609,4,2,9943.119999999999,4250.24,2365.56,2186.041681609327,665,6,690,0,none
1610,3,2,6609.03,1650.7199999999998,1651.95,716.2499579336811,401,5,489,0,none
1611,2,5,6775.759999999999,7531.1900000000005,2043.85,1935.9937011999068,1170,7,542,0,none
1612,1,1,848.33,586.78,717.5550000000001,130.77500000000003,1164,2,425,0,none
1613,4,1,8826.529999999999,2324.62,2230.2299999999996,2446.48256552954,586,5,405,0,none
1614,3,3,2852.25,5620.69,1412.1566666666665,1290.8364993376279,1257,6,516,0,none
1615,4,4,7188.049999999999,7287.84,1809.48625,2078.604343441396,343,8,588,0,none
1616,1,3,1610.23,1445.13,763.84,569.8443369465033,36,4,473,0,none
1617,4,4,7107.8099999999995,11995.809999999998,2387.9524999999994,1691.8570728252284,869,8,400,0,none
1618,2,2,5402.89,2473.15,1969.0100000000002,1475.3298113811704,1491,4,254,0,none
1619,3,3,4774.049999999999,4478.030000000001,1542.0133333333333,846.0980704123816,86,6,618,0,none
1620,2,3,4072.74,9847.9,2784.1279999999997,2193.726295875582,335,5,146,0,none
1621,4,3,3361.6899999999996,5281.9,1234.7985714285714,1167.6931671025395,792,7,628,0,none
1622,4,4,7195.860000000001,2094.8,1161.3325,741.9683608609938,1220,8,510,0,none
1623,4,8,24268.92,19934.29,3683.6008333333334,3586.6137513711037,160,12,537,0,none
1624,4,3,3639.0699999999997,9930.579999999998,1938.5214285714287,2285.6328005011064,610,7,98,0,none
1625,2,2,5556.77,1661.35,1804.5300000000002,1947.6890985601374,1128,4,236,0,none
1626,5,4,6250.370000000001,2139.2999999999997,932.1855555555555,983.2702239422069,576,9,109,0,none
1627,3,3,1612.2,5280.969999999999,1148.8616666666665,1140.8062572499132,307,6,165,0,none
1628,4,3,8730.11,3907.36,1805.3528571428574,1051.0127443934973,317,7,120,0,none
1629,2,1,1079.21,632.09,570.4333333333334,46.80519510576673,632,3,395,0,none
1630,5,5,4724.429999999999,5168.79,989.3219999999999,555.7472111994805,734,10,304,0,none
1631,2,3,631.05,2861.67,698.5440000000001,675.4957526913104,1296,5,518,0,none
1632,2,4,1068.5,8407.96,1579.4099999999999,1367.771960294064,974,6,368,0,none
1633,5,3,10348.41,2255.63,1575.505,1335.7488937296562,1044,8,516,0,none
1634,1,2,293.77,8247.21,2846.9933333333333,2413.03752649827,1474,3,93,0,none
1635,5,3,17615.61,6558.95,3021.8199999999997,4051.071173279359,635,8,115,0,none
1636,2,5,5135.3099999999995,15845.359999999999,2997.238571428571,1586.3408185815426,622,7,456,0,none
1637,4,4,12845.359999999999,6444.8,2411.2699999999995,3407.571861076446,1387,8,170,0,none
1638,3,3,4914.830000000001,2736.41,1275.206666666667,593.502615963532,391,6,50,0,none
1639,3,6,3406.09,7811.9,1246.4433333333336,698.7592235765717,1102,9,695,0,none
1640,2,3,4866.52,3866.0,1746.5040000000001,803.8354385220895,1139,5,60,0,none
1641,4,2,1768.09,1255.76,503.9750000000001,149.75354639651553,173,6,678,0,none
1642,2,1,1789.77,1676.58,1155.45,386.78128350098154,718,3,289,0,none
1643,5,1,18329.82,4168.71,3749.7549999999997,4762.523526891145,324,6,91,0,none
1644,3,5,3009.91,5304.55,1039.3075,932.6148181021734,302,8,121,0,none
1645,1,0,3338.94,0.0,1669.47,1669.47,711,1,282,0,none
1646,5,1,6931.56,1592.51,1420.6783333333333,841.2473563389202,455,6,166,0,none
1647,1,3,1457.79,7227.24,2171.2575,1851.7556531488572,1200,4,134,0,none
1648,5,2,11464.2,3462.95,2132.4500000000003,1646.2736044256349,1364,7,148,0,none
1649,2,1,1450.49,2725.47,1391.9866666666667,957.9437771370277,1209,3,377,0,none
1650,4,5,2307.42,6955.58,1029.2222222222222,1092.5625192767666,421,9,445,0,none
1651,1,4,359.37,6314.56,1334.786,1619.614952988518,432,5,420,0,none
1652,3,1,3505.92,608.96,1028.72,832.4075195479676,404,4,82,0,none
1653,2,3,1660.34,6887.34,1709.536,1544.5723565647545,228,5,192,0,none
1654,2,4,1432.76,9564.939999999999,1832.95,1464.6192860034766,1417,6,16,0,none
1655,3,1,2192.21,1411.56,900.9425,311.93479834534327,621,4,359,0,none
1656,1,2,281.96,973.83,418.59666666666664,156.33931097313803,360,3,650,0,none
1657,2,10,1782.6399999999999,15878.930000000002,1471.7975,1186.9247319798408,1274,12,282,0,none
1658,1,3,1159.41,5236.88,1599.0725,1204.7655554583018,616,4,442,0,none
1659,3,6,5853.52,8633.06,1609.62,1141.306165272443,81,9,179,0,none
1660,4,3,3736.41,7007.51,1534.8457142857144,1100.8965566022885,268,7,59,0,none
1661,4,2,12060.73,741.6,2133.721666666667,2252.1380447359843,969,6,550,0,none
1662,1,2,391.93,3805.79,1399.2399999999998,1186.9783413637617,1180,3,303,0,none
1663,2,1,1321.31,495.53,605.6133333333333,443.9681751607378,340,3,112,0,none
1664,1,5,1819.77,5763.360000000001,1263.8549999999998,596.2737199404874,1378,6,274,0,none
1665,2,6,2823.23,5527.990000000001,1043.9025000000001,437.8493257317521,1280,8,429,0,none
1666,2,3,974.74,1784.8000000000002,551.908,173.10870080963582,1277,5,173,0,none
1667,3,1,1075.48,964.45,509.9825,305.87553566565276,364,4,50,0,none
1668,1,3,18936.09,4344.41,5820.124999999999,7609.319025380983,104,4,366,0,none
1669,2,3,506.12,7325.17,1566.258,1745.3619454474192,1305,5,600,0,none
1670,1,5,3276.08,7156.77,1738.8083333333332,1053.0618682903785,479,6,379,0,none
1671,3,3,2878.69,6227.9,1517.765,1218.9809610592777,939,6,69,0,none
1672,4,2,3248.51,5096.45,1390.8266666666666,1678.380124025014,1147,6,376,0,none
1673,4,0,10261.48,0.0,2052.296,2354.772252024386,218,4,421,0,none
1674,2,2,6119.76,9879.83,3999.8975,2656.3265803772606,1177,4,85,0,none
1675,5,2,8285.67,1379.91,1380.797142857143,933.4258829359158,1409,7,111,0,none
1676,1,3,543.52,1915.9499999999998,614.8675,254.76311206442344,1100,4,74,0,none
1677,2,3,1884.42,3827.51,1142.386,653.6341652514807,678,5,682,0,none
1678,3,7,7958.79,14422.470000000001,2238.1259999999997,2653.463527852606,1318,10,39,0,none
1679,5,3,10917.98,1456.71,1546.83625,1283.6504620703556,805,8,131,0,none
1680,4,1,5905.25,1046.4,1390.33,1543.8677381563487,1124,5,689,0,none
1681,4,2,10860.54,1324.06,2030.7666666666667,1972.664957307472,1236,6,32,0,none
1682,3,4,7665.6,6699.610000000001,2052.172857142857,1388.2570316532504,1131,7,112,0,none
1683,2,3,3552.45,3970.5699999999997,1504.6039999999998,630.3022108354055,453,5,434,0,none
1684,3,2,2599.9,1079.35,735.85,349.20989779787175,203,5,296,0,none
1685,3,4,5889.14,5936.360000000001,1689.357142857143,1302.5743275717434,380,7,690,0,none
1686,5,2,5486.27,2392.27,1125.5057142857145,739.7691744795833,769,7,216,0,none
1687,5,3,10835.29,2835.66,1708.86875,1929.9854854275297,772,8,470,0,none
1688,2,4,6362.88,4922.83,1880.9516666666666,1535.01942056571,886,6,353,0,none
1689,3,1,5061.92,1330.52,1598.1100000000001,1622.3075626557377,610,4,600,0,none
1690,2,2,3995.24,771.6700000000001,1191.7275,1027.3103811500932,1186,4,582,0,none
1691,1,3,1172.63,3846.04,1254.6675,712.3019444510522,1372,4,672,0,none
1692,4,2,14118.7,2579.69,2783.065,4370.301454132388,392,6,558,0,none
1693,3,5,2367.1000000000004,14529.83,2112.11625,3393.2931123649546,1112,8,542,0,none
1694,2,0,1294.5700000000002,0.0,431.52333333333337,337.65002061635096,1026,2,202,0,none
1695,3,4,5316.84,3248.07,1223.5585714285714,1149.967645724107,798,7,177,0,none
1696,5,4,9687.59,4505.64,1577.0255555555555,1183.8538205474067,307,9,557,0,none
1697,5,2,3922.2099999999996,9006.43,1846.9485714285713,2528.6220766170463,1198,7,235,0,none
1698,4,2,11386.6,1731.77,2186.395,2495.1405459930174,1442,6,317,0,none
1699,3,1,2236.3999999999996,350.66,646.7649999999999,191.50919044526293,1091,4,5,0,none
1700,4,7,5581.5,9888.14,1406.330909090909,1179.4836432212387,1379,11,569,0,none
1701,3,6,1850.24,8784.12,1181.5955555555556,683.051548048431,1476,9,109,0,none
1702,1,2,1766.18,2512.49,1426.2233333333334,607.4396003079007,547,3,274,0,none
1703,5,0,7513.53,0.0,1252.2549999999999,1513.5437323023298,968,5,248,0,none
1704,5,5,13351.539999999999,6458.25,1980.9789999999998,1071.969248163864,726,9,461,0,none
1705,2,3,3348.9700000000003,2704.1400000000003,1210.622,922.2617110430206,1480,5,49,0,none
1706,4,2,1478.31,5886.69,1227.5,1385.3257573341127,167,6,155,0,none
1707,4,5,16864.98,3430.6099999999997,2255.0655555555554,4430.666555647785,636,9,418,0,none
1708,4,0,2283.24,0.0,456.64799999999997,383.9076557402835,1317,4,430,0,none
1709,4,2,4849.37,1722.71,1095.3466666666666,616.3836553821185,447,6,68,0,none
1710,2,2,1312.37,4355.46,1416.9575,916.7665937787818,1188,4,361,0,none
1711,5,1,15954.250000000002,642.19,2766.0733333333337,1401.024321162516,592,6,420,0,none
1712,3,1,9586.91,1694.69,2820.4,2871.5289788717087,1470,4,427,0,none
1713,3,3,2064.18,6622.219999999999,1447.7333333333333,1160.474809976024,1328,6,336,0,none
1714,1,2,1331.88,3905.95,1745.9433333333334,1337.2205685010315,472,3,545,0,none
1715,5,3,12064.670000000002,2640.46,1838.1412500000001,2326.8485095319243,1162,8,174,0,none
1716,5,3,13534.829999999998,6612.57,2518.4249999999997,1636.197828633506,525,8,145,0,none
1717,3,4,3012.7,11186.009999999998,2028.3871428571426,1724.1640124396044,921,7,164,0,none
1718,3,4,5415.77,2537.41,1136.1685714285716,1573.8252330405376,997,7,205,0,none
1719,5,4,9556.519999999999,6005.21,1729.0811111111109,1188.5978197434006,1249,9,654,0,none
1720,1,5,4031.9,11846.3,2646.366666666667,917.8149521311775,65,6,663,0,none
1721,1,1,327.6,234.71,281.15500000000003,46.44500000000001,353,2,318,0,none
1722,4,0,8503.2,0.0,1700.64,2403.6937165537543,1076,4,642,0,none
1723,1,3,1182.09,1839.12,755.3024999999999,309.0021564144011,858,4,224,0,none
1724,3,5,12431.009999999998,5262.07,2211.6349999999998,2223.491409040071,758,8,423,0,none
1725,2,5,5469.72,10532.52,2286.034285714286,1987.3590859864912,111,7,332,0,none
1726,4,5,7406.369999999999,4381.88,1309.8055555555557,813.3704265737053,541,9,316,0,none
1727,2,3,18742.989999999998,8368.220000000001,5422.242,5466.661087396584,1301,5,572,0,none
1728,5,3,7144.9,9843.17,2123.50875,1846.900413750275,75,8,525,0,none
1729,5,2,8534.83,3034.36,1652.7414285714287,745.7557401805533,612,7,588,0,none
1730,2,6,1705.35,3960.8199999999997,708.27125,428.45258764644836,1419,8,291,0,none
1731,2,3,813.5,2064.5,575.6,230.85272577987897,104,5,607,0,none
1732,2,1,2174.8,517.28,897.36,593.4215394360629,1132,3,251,0,none
1733,2,5,803.54,16600.34,2486.2685714285712,2470.994222126728,408,7,377,0,none
1734,4,2,4388.17,1836.83,1037.5,548.2326543843711,1303,6,367,0,none
1735,2,3,2562.5699999999997,5504.58,1613.4299999999998,1196.1277570560765,1126,5,156,0,none
1736,1,5,376.46,11282.07,1943.0883333333331,2610.367433468685,1331,6,514,0,none
1737,3,1,10321.220000000001,1563.4,2971.155,2486.9656527835286,347,4,208,0,none
1738,4,4,2744.42,2153.15,612.19625,226.15484252705602,811,8,383,0,none
1739,1,0,3327.6,0.0,1663.8,1663.8,1175,1,286,0,none
1740,3,7,3837.71,12547.81,1638.5520000000001,1107.1019737567087,391,10,559,0,none
1741,2,3,3382.1099999999997,6590.73,1994.568,1708.3674634152924,369,5,556,0,none
1742,2,3,4321.82,3405.66,1545.496,1162.5331881645359,69,5,285,0,none
1743,2,1,1071.27,636.86,569.3766666666667,131.57515174057582,1439,3,238,0,none
1744,5,3,15538.87,4482.6,2502.68375,2574.3346346868807,1073,8,309,0,none
1745,4,4,7644.969999999999,3399.7200000000003,1380.5862499999998,719.8651332183255,964,8,75,0,none
1746,5,5,2965.2000000000003,5002.8099999999995,796.801,448.78878465153286,1123,10,260,0,none
1747,4,5,6066.36,7578.18,1516.0600000000002,1477.435431798403,811,9,649,0,none
1748,1,2,2842.67,1404.72,1415.7966666666669,1009.1282390041196,729,3,71,0,none
1749,4,2,10337.779999999999,5355.45,2615.5383333333334,1636.9376228333265,690,6,86,0,none
1750,5,1,6290.879999999999,1670.73,1326.9349999999997,969.0030175348612,971,6,42,0,none
1751,2,2,1921.19,5064.839999999999,1746.5075,1847.1035673639824,326,4,217,0,none
1752,1,3,497.0,1792.27,572.3175,214.83237865542986,1335,4,12,0,none
1753,3,3,4531.5,3343.1,1312.4333333333334,1142.0272884898834,1223,6,586,0,none
1754,1,3,1242.18,11417.16,3164.835,3232.2532103897743,543,4,40,0,none
1755,3,1,3576.07,1395.1,1242.7925,342.2353908770249,880,4,679,0,none
1756,5,4,19255.57,11751.22,3445.198888888889,3786.855898172122,237,9,89,0,none
1757,2,2,5424.63,1545.85,1742.6200000000001,1304.8027790244778,1459,4,184,0,none
1758,5,2,3928.25,5738.55,1380.9714285714288,1571.6599232606504,1357,7,118,0,none
1759,5,1,5940.44,2223.95,1360.7316666666666,664.5557371261061,1385,6,474,0,none
1760,4,1,8476.38,646.7,1824.616,1790.2336602644918,518,5,578,0,none
1761,2,2,7261.030000000001,6388.91,3412.4850000000006,1231.4887709699185,278,4,579,0,none
1762,2,1,12553.9,650.64,4401.513333333333,4184.666089397761,341,3,203,0,none
1763,5,1,1808.6999999999998,2098.03,651.1216666666667,663.3403858104996,162,6,93,0,none
1764,3,3,10799.91,7914.329999999999,3119.0399999999995,1391.7868507186483,206,6,131,0,none
1765,4,4,4396.82,2319.46,839.535,612.6403908697173,134,8,266,0,none
1766,1,5,436.21,8638.42,1512.4383333333335,1735.4237294045959,1485,6,42,0,none
1767,4,5,6718.39,4283.35,1222.4155555555556,1476.39180943957,138,9,61,0,none
1768,5,1,10394.59,6496.77,2815.226666666667,2784.2002339491,224,6,21,0,none
1769,4,1,6150.710000000001,6185.47,2467.236,1879.3495340633153,1246,5,369,0,none
1770,2,3,820.1500000000001,9438.79,2051.788,1845.7887488810845,882,5,514,0,none
1771,3,0,7313.889999999999,0.0,1828.4724999999999,1737.269977944922,1168,3,59,0,none
1772,3,2,3112.67,2933.02,1209.138,1186.4370006603806,957,5,26,0,none
1773,3,4,5847.74,6195.0199999999995,1720.394285714286,1044.8558298343248,1326,7,286,0,none
1774,3,1,5816.58,555.7,1593.07,1348.3653631341915,968,4,215,0,none
1775,1,6,214.15,7832.9800000000005,1149.5900000000001,554.2463778862249,797,7,307,0,none
1776,3,4,4950.82,3165.52,1159.4771428571428,855.1648989307648,1077,7,657,0,none
1777,2,2,8399.119999999999,2439.06,2709.5449999999996,2172.4484840439827,687,4,290,0,none
1778,5,1,6288.03,840.29,1188.0533333333333,1127.8963131226008,538,6,493,0,none
1779,5,1,5806.389999999999,1520.72,1221.185,553.3763443549667,717,6,117,0,none
1780,1,8,4817.42,45294.91,5568.036666666667,6946.480255555486,279,9,47,0,none
1781,5,4,5984.67,7324.92,1478.8433333333332,1328.8329626906961,1200,9,294,0,none
1782,4,1,3714.31,1201.47,983.156,360.08771973506674,413,5,546,0,none
1783,2,3,932.49,4045.39,995.576,1040.6177891733353,255,5,295,0,none
1784,4,4,10086.72,8995.97,2385.3362500000003,2255.6494873203233,392,8,528,0,none
1785,5,3,10269.480000000001,6761.85,2128.91625,1867.089086545802,1267,8,559,0,none
1786,1,0,2018.24,0.0,1009.12,1009.12,515,1,482,0,none
1787,2,4,2808.1099999999997,11760.28,2428.065,2148.5084586424914,1038,6,667,0,none
1788,2,4,6781.17,20695.649999999998,4579.47,6364.69897650313,1288,6,452,0,none
1789,5,4,5377.65,5027.9,1156.1722222222222,748.3906336010147,144,9,617,0,none
1790,1,3,1505.63,25259.32,6691.237499999999,8639.462162473932,1154,4,617,0,none
1791,2,1,469.34000000000003,519.37,329.57,136.1946019488291,482,3,144,0,none
1792,5,3,10899.68,2535.25,1679.3662500000003,1683.709223670595,348,8,526,0,none
1793,2,1,467.42999999999995,372.49,279.9733333333333,83.88338426384307,1042,3,316,0,none
1794,4,2,6627.35,9223.66,2641.835,1670.563533060526,1367,6,455,0,none
1795,1,5,1160.12,6343.52,1250.6066666666666,743.2985097224099,463,6,78,0,none
1796,4,3,17805.0,10495.1,4042.871428571429,3879.9009394807586,866,7,689,0,none
1797,4,4,12214.470000000001,1760.0700000000002,1746.8175,2573.0145994472614,456,8,174,0,none
1798,5,2,5566.64,2109.42,1096.58,741.4416446934407,844,7,237,0,none
1799,5,1,5436.5599999999995,786.93,1037.2483333333332,790.3187029381811,944,6,199,0,none
1800,5,7,10731.320000000002,14552.580000000002,2106.991666666667,2345.2592873988488,927,12,311,0,none
1801,5,3,12165.1,6437.69,2325.34875,1156.4413926399113,946,8,108,0,none
1802,2,2,4177.21,1318.39,1373.8999999999999,1538.5348043349559,228,4,647,0,none
1803,3,2,6104.34,4445.1,2109.888,1228.3387715023898,1049,5,229,0,none
1804,2,2,5870.17,1701.65,1892.955,2055.610416038263,1021,4,432,0,none
1805,4,5,8737.06,14445.980000000001,2575.8933333333334,2931.2117136130278,1033,9,391,0,none
1806,3,3,5786.56,5583.79,1895.0583333333336,1107.2216238166695,138,6,426,0,none
1807,3,3,7891.7699999999995,5797.99,2281.6266666666666,1678.8967682545451,686,6,525,0,none
1808,5,2,8560.619999999999,4357.3,1845.4171428571428,1067.4450560462355,631,7,36,0,none
1809,2,3,1776.38,3565.9000000000005,1068.4560000000001,520.3272204526686,157,5,304,0,none
1810,5,4,11303.16,4313.83,1735.221111111111,1902.1575242833212,356,9,697,0,none
1811,4,4,4542.03,13739.7,2285.21625,3497.188009111526,678,8,231,0,none
1812,3,7,6431.72,18110.88,2454.26,1961.974868274311,1122,10,582,0,none
1813,1,1,195.43,2469.48,1332.455,1137.025,378,2,539,0,none
1814,2,3,6679.2300000000005,2442.31,1824.3080000000002,1494.8326332991264,1249,5,591,0,none
1815,3,0,15461.160000000002,0.0,3865.2900000000004,5318.152538415009,832,3,324,0,none
1816,4,0,7782.18,0.0,1556.4360000000001,1513.227159491925,1147,4,25,0,none
1817,2,4,1241.79,2619.8,643.5983333333332,337.26952260848526,724,6,672,0,none
1818,5,2,11436.949999999999,1744.25,1883.0285714285712,1827.0857721318205,763,7,378,0,none
1819,1,5,1683.61,11195.4,2146.5016666666666,1313.9300018572358,940,6,57,0,none
1820,3,3,22719.850000000002,5505.82,4704.278333333334,5776.487675440319,1394,6,505,0,none
1821,2,6,1952.04,7128.21,1135.03125,792.6044379045184,752,8,650,0,none
1822,5,3,16392.94,2663.39,2382.0412499999998,4165.684499378336,807,8,671,0,none
1823,4,4,10231.149999999998,13356.789999999999,2948.4925,2902.9810338716907,914,8,449,0,none
1824,3,2,4841.42,2178.31,1403.946,1143.9619302162112,1114,5,699,0,none
1825,1,2,3631.0,5764.44,3131.813333333333,1760.147921763648,135,3,84,0,none
1826,4,1,6342.34,1001.35,1468.738,811.7415459467379,788,5,286,0,none
1827,5,2,3968.01,2937.54,986.5071428571429,452.09094542436253,737,7,468,0,none
1828,4,2,2783.1000000000004,1657.8200000000002,740.1533333333333,200.28481009691063,1384,6,360,0,none
1829,3,5,4492.3,12029.88,2065.2725,2592.6266507287064,755,8,234,0,none
1830,4,2,9793.88,2592.54,2064.403333333333,2180.4222096547164,718,6,390,0,none
1831,4,4,6827.13,4314.92,1392.75625,1028.5302007590433,1444,8,677,0,none
1832,5,4,10509.17,4771.12,1697.81,1508.435486529743,692,9,359,0,none
1833,4,1,3979.8399999999997,703.81,936.7299999999999,657.1872908692011,295,5,412,0,none
1834,3,5,2470.4700000000003,7883.349999999999,1294.2275,730.6103823302473,348,8,298,0,none
1835,3,1,15759.73,3870.4,4907.5325,3548.7456192954646,169,4,100,0,none
1836,1,7,1389.05,8073.639999999999,1182.8362499999998,990.7047307212364,30,8,410,0,none
1837,3,3,4577.67,3869.1399999999994,1407.8016666666665,708.2438610492073,664,6,452,0,none
1838,2,3,5780.35,2846.77,1725.4240000000002,1282.8373187680502,1160,5,256,0,none
1839,1,8,1018.2,6395.67,823.7633333333333,456.63375849798933,1108,9,377,0,none
1840,1,1,2122.79,1210.33,1666.56,456.23,77,2,496,0,none
1841,3,3,4261.16,3717.9900000000002,1329.8583333333333,922.741328387262,867,6,150,0,none
1842,3,2,6015.13,3921.1400000000003,1987.2540000000001,1023.7400210912924,256,5,682,0,none
1843,4,4,5423.61,4421.1,1230.58875,669.035516759714,1413,8,73,0,none
1844,1,1,10107.44,236.66,5172.05,4935.39,276,2,676,0,none
1845,3,4,3426.5399999999995,6877.58,1472.0171428571427,1285.6591288041907,951,7,281,0,none
1846,4,2,4074.4900000000002,3875.23,1324.9533333333331,943.3105612799119,509,6,136,0,none
1847,2,7,12926.470000000001,10282.519999999999,2578.776666666667,2805.492074200175,973,9,276,0,none
1848,5,4,4836.29,24969.6,3311.7655555555557,4845.696732027321,636,9,215,0,none
1849,1,3,1737.63,3718.4299999999994,1364.0149999999999,718.2429546295599,1146,4,202,0,none
1850,4,1,3185.54,1498.47,936.802,300.41482422809963,369,5,107,0,none
1851,4,3,1488.07,4306.54,827.8014285714287,868.0081090047254,1361,7,174,0,none
1852,4,5,7840.76,11119.84,2106.733333333333,952.8709509453814,765,9,661,0,none
1853,5,3,7445.7699999999995,2401.08,1230.85625,1118.5139004270075,1141,8,109,0,none
1854,2,2,1611.68,2715.92,1081.9,566.3405141785285,1279,4,344,0,none
1855,5,1,12100.37,514.49,2102.476666666667,1974.2453937447142,1498,6,251,0,none
1856,3,0,3819.61,0.0,954.9025,571.2040818470663,359,3,564,0,none
1857,1,3,1429.04,10393.02,2955.515,1993.0257391024832,451,4,507,0,none
1858,3,3,12543.7,4658.4400000000005,2867.023333333333,3187.9916824163074,398,6,244,0,none
1859,1,4,720.36,7096.41,1563.354,929.3973831811664,416,5,477,0,none
1860,5,2,6830.050000000001,658.0799999999999,1069.7328571428573,1621.019691258863,886,7,447,0,none
1861,5,6,18591.09,12187.93,2798.0927272727276,1951.6845433582423,1490,11,525,0,none
1862,1,3,7024.11,2472.72,2374.2075,2686.373875081194,1485,4,6,0,none
1863,4,3,23646.350000000002,11730.060000000001,5053.772857142858,6849.963257767392,804,7,76,0,none
1864,1,1,1201.6,1416.88,1309.24,107.6400000000001,969,2,238,0,none
1865,3,2,10786.67,2411.07,2639.548,2861.646109059609,1294,5,505,0,none
1866,5,6,6688.67,12824.32,1773.908181818182,2111.74975409587,1401,11,281,0,none
1867,1,3,1643.65,3096.9800000000005,1185.1575,291.5775089384468,329,4,225,0,none
1868,1,2,1066.41,1085.6599999999999,717.3566666666667,283.5961867789403,806,3,265,0,none
1869,4,2,3155.5299999999997,2120.41,879.3233333333333,546.8590483743402,1254,6,467,0,none
1870,1,2,602.45,4019.1400000000003,1540.53,907.9565384973006,475,3,157,0,none
1871,1,2,2696.99,3418.0,2038.33,885.1714691892563,676,3,657,0,none
1872,1,4,2768.9,2819.7999999999997,1117.74,939.3023037765851,1478,5,169,0,none
1873,1,2,103.77,2665.13,922.9666666666666,761.8199454960178,1478,3,314,0,none
1874,5,2,13031.25,452.69,1926.2771428571427,1903.1615852403847,1361,7,643,0,none
1875,4,3,3008.7899999999995,4973.19,1140.282857142857,714.7752359551175,1203,7,407,0,none
1876,3,3,2020.3400000000001,3840.01,976.7249999999999,912.616133482017,425,6,672,0,none
1877,1,4,804.01,7860.17,1732.836,940.5433903568725,501,5,26,0,none
1878,3,7,4560.160000000001,8228.19,1278.835,1412.1542849933219,834,10,445,0,none
1879,4,4,10499.46,6907.6,2175.8824999999997,1528.8038398757212,854,8,56,0,none
1880,4,2,5659.4400000000005,7801.15,2243.431666666667,2356.048195994136,773,6,122,0,none
1881,4,3,4249.67,6612.67,1551.7628571428572,963.7434392396925,965,7,402,0,none
1882,5,2,20413.03,1748.2400000000002,3165.8957142857143,2863.4998952224137,630,7,288,0,none
1883,2,0,10421.21,0.0,3473.736666666666,4730.472221532316,1131,2,475,0,none
1884,3,4,4529.75,6206.419999999999,1533.7385714285717,1322.2012672642172,520,7,565,0,none
1885,3,4,5141.610000000001,6562.0,1671.9442857142858,1113.6765375978423,516,7,296,0,none
1886,2,0,1992.67,0.0,664.2233333333334,799.1959961667031,217,2,369,0,none
1887,5,1,6687.15,317.82,1167.495,1149.793457709543,307,6,301,0,none
1888,5,2,16711.38,1309.26,2574.377142857143,2006.0995783126327,1280,7,372,0,none
1889,5,4,6943.779999999999,11714.6,2073.1533333333336,2671.852961236203,686,9,689,0,none
1890,1,3,367.18,7595.86,1990.76,2145.081995041215,364,4,39,0,none
1891,4,3,8428.13,5997.52,2060.807142857143,2145.3377955578417,1146,7,73,0,none
1892,2,4,1750.39,2647.8900000000003,733.0466666666666,484.5057611513912,844,6,689,0,none
1893,4,3,8955.64,5444.789999999999,2057.2042857142856,1560.2905646875715,61,7,123,0,none
1894,4,1,5488.75,2160.23,1529.7959999999998,618.1082968089006,495,5,683,0,none
1895,5,2,6122.369999999999,1041.3899999999999,1023.3942857142856,635.7426350308106,290,7,78,0,none
1896,5,3,6153.56,5379.26,1441.6025,1225.6112259475883,994,8,178,0,none
1897,2,2,1291.8899999999999,2600.81,973.175,754.1405645667127,434,4,624,0,none
1898,1,1,237.76,500.17,368.96500000000003,131.205,125,2,481,0,none
1899,4,1,7343.19,1537.69,1776.176,1671.1175689531838,110,5,7,0,none
1900,1,2,3522.06,3775.83,2432.6299999999997,1110.6625958408792,885,3,646,0,none
1901,2,1,6383.77,501.91,2295.226666666667,1708.4705802234025,61,3,563,0,none
1902,4,7,16965.77,15063.939999999999,2911.791818181818,2931.0615673872967,1277,11,15,0,none
1903,4,7,5800.43,12684.650000000001,1680.4618181818184,640.2865913553254,258,11,71,0,none
1904,3,4,1270.87,20501.759999999995,3110.3757142857135,5489.927137249655,921,7,363,0,none
1905,3,2,6412.58,537.52,1390.02,1230.9210689723368,683,5,160,0,none
1906,3,4,2190.62,4607.990000000001,971.2299999999999,647.6642418502264,680,7,472,0,none
1907,4,6,7017.25,6771.68,1378.893,761.7052779264433,135,10,267,0,none
1908,1,3,1597.13,1648.2400000000002,811.3425000000001,490.221351553306,1210,4,316,0,none
1909,2,3,6074.99,10206.349999999999,3256.2679999999996,2775.4917648402416,1342,5,438,0,none
1910,1,4,1727.61,8913.41,2128.204,2216.6637313909387,46,5,88,0,none
1911,1,0,829.15,0.0,414.575,414.575,292,1,383,0,none
1912,4,2,2062.69,2865.81,821.4166666666666,593.303538886762,1358,6,415,0,none
1913,5,5,9202.869999999999,11805.71,2100.8579999999997,1930.013328875218,837,10,235,0,none
1914,4,3,5584.790000000001,1830.6200000000001,1059.344285714286,523.0532537994617,250,7,477,0,none
1915,5,4,26252.83,4561.7,3423.8366666666666,4358.917765077831,328,9,628,0,none
1916,1,4,841.83,4493.66,1067.0980000000002,431.2401938316975,1000,5,565,0,none
1917,3,2,2887.87,2125.21,1002.6159999999998,547.346779385793,1095,5,98,0,none
1918,3,5,11047.599999999999,2710.87,1719.80875,2099.14898199507,911,8,137,0,none
1919,2,3,2037.59,5112.1,1429.938,1196.1586370277146,1431,5,671,0,none
1920,1,2,1903.41,5270.33,2391.2466666666664,1554.3217364568452,756,3,609,0,none
1921,4,1,5956.74,1623.76,1516.1,1101.550554500337,471,5,391,0,none
1922,5,2,6238.5,2086.16,1189.2371428571428,1267.8903657506296,731,7,644,0,none
1923,1,2,1238.99,880.5799999999999,706.5233333333332,420.14985654591806,558,3,540,0,none
1924,2,5,6576.96,17196.16,3396.16,5004.316228517138,359,7,518,0,none
1925,1,1,2299.1,3040.72,2669.91,370.80999999999995,97,2,513,0,none
1926,2,2,2491.63,2397.14,1222.1925,407.2888342058373,547,4,73,0,none
1927,1,3,821.89,4397.29,1304.795,882.2876791755623,1075,4,337,0,none
1928,3,4,5631.15,9415.68,2149.5471428571427,926.3701003334666,57,7,251,0,none
1929,3,2,13115.84,3841.22,3391.4120000000003,2508.526729061502,675,5,227,0,none
1930,4,0,8492.150000000001,0.0,1698.4300000000003,1475.8337969161705,976,4,380,0,none
1931,1,2,412.47,1636.81,683.0933333333334,318.4665257483465,927,3,173,0,none
1932,5,6,11346.57,7860.0,1746.0518181818186,1953.8992068952239,1171,11,442,0,none
1933,4,2,14783.650000000001,2552.63,2889.3799999999997,4730.892477799512,1221,6,365,0,none
1934,3,3,2509.54,6986.33,1582.6449999999998,1851.92028743815,1076,6,155,0,none
1935,2,1,784.27,1561.85,782.04,588.886164041914,181,3,32,0,none
1936,5,3,11690.99,12019.26,2963.78125,3362.3469740437167,728,8,605,0,none
1937,3,2,3420.5299999999997,5626.469999999999,1809.4,1265.6131097772336,917,5,434,0,none
1938,3,6,8389.04,23303.130000000005,3521.3522222222223,3123.595837303105,390,9,486,0,none
1939,2,0,6041.25,0.0,2013.75,1454.180641208879,92,2,124,0,none
1940,5,3,15530.310000000001,1608.92,2142.40375,1888.938485968624,358,8,605,0,none
1941,4,3,3139.61,18887.88,3146.7842857142855,4647.490227813771,698,7,402,0,none
1942,1,6,938.62,19262.58,2885.8857142857146,3974.830200937096,638,7,113,0,none
1943,1,5,938.65,19115.59,3342.3733333333334,2337.692031803068,289,6,58,0,none
1944,3,5,3394.8900000000003,10308.46,1712.9187499999998,1150.507152383651,1241,8,97,0,none
1945,5,6,10259.74,11171.05,1948.2536363636364,1212.1300120207081,1390,11,397,0,none
1946,4,2,16811.55,3526.26,3389.6349999999998,3010.1646721718844,325,6,305,0,none
1947,3,1,5873.34,2102.2,1993.885,1079.6624932010002,1396,4,426,0,none
1948,3,3,6331.73,980.4699999999999,1218.7,1186.3488789137875,56,6,372,0,none
1949,4,4,4022.33,5885.42,1238.46875,495.6563129689135,1389,8,212,0,none
1950,4,5,3981.24,12837.52,1868.751111111111,1880.8125894436896,1429,9,362,0,none
1951,1,3,138.85,13119.789999999999,3314.66,4079.2908077323928,47,4,356,0,none
1952,1,6,1824.81,6828.110000000001,1236.1314285714286,499.9617479490255,1151,7,611,0,none
1953,1,4,6029.27,24297.809999999998,6065.415999999999,8765.125939071497,1456,5,500,0,none
1954,3,4,2973.55,6417.790000000001,1341.6200000000001,567.2784081408856,1361,7,137,0,none
1955,2,2,5811.5599999999995,2595.57,2101.7825,955.8867639886797,1456,4,162,0,none
1956,1,4,9256.05,6124.21,3076.052,3226.4195053427256,838,5,134,0,none
1957,5,0,7350.27,0.0,1225.045,1270.5828792428301,144,5,552,0,none
1958,1,4,150.3,5524.9400000000005,1135.048,1115.7614691751996,1279,5,46,0,none
1959,3,3,8991.26,5554.84,2424.3500000000004,2267.897125554861,932,6,42,0,none
1960,2,4,5033.93,6230.6,1877.4216666666669,1256.9739615364176,933,6,656,0,none
1961,2,1,4085.0299999999997,2106.81,2063.9466666666667,956.1774884867814,643,3,336,0,none
1962,5,1,5312.969999999999,4050.62,1560.5983333333334,1231.681662598155,870,6,446,0,none
1963,2,3,2717.5,2597.96,1063.092,453.8263819303589,255,5,351,0,none
1964,1,6,3046.62,8188.18,1604.9714285714285,881.688863868308,1117,7,463,0,none
1965,4,6,9581.91,8030.01,1761.1920000000002,1158.5132564524242,140,10,496,0,none
1966,1,3,894.3,6184.25,1769.6374999999998,1135.5196835893028,1102,4,492,0,none
1967,3,2,1817.48,1715.6100000000001,706.618,336.03848287956544,1277,5,128,0,none
1968,2,2,11092.16,4696.44,3947.15,4314.123017387196,724,4,366,0,none
1969,5,5,9676.41,6325.830000000001,1600.224,1862.5184064228733,779,10,505,0,none
1970,1,1,1701.02,689.37,1195.195,505.825,488,2,381,0,none
1971,2,3,26690.13,6079.76,6553.978,9704.705433442892,1455,5,649,0,none
1972,2,3,3533.99,3297.23,1366.2440000000001,580.2644965392936,1107,5,91,0,none
1973,1,3,1639.03,10848.869999999999,3121.975,1921.669820319037,572,4,16,0,none
1974,4,3,6332.8099999999995,4337.54,1524.3357142857144,1267.2846593051634,286,7,678,0,none
1975,5,6,6199.5,9481.240000000002,1425.5218181818184,848.7225762480091,352,11,263,0,none
1976,5,2,5421.85,2144.42,1080.8957142857143,627.5629464127117,711,7,509,0,none
1977,2,1,5449.73,4512.43,3320.72,1718.3248914179958,1415,3,415,0,none
1978,1,4,3844.98,4213.98,1611.792,1295.8768553130349,1109,5,364,0,none
1979,5,3,6987.71,2746.37,1216.7600000000002,671.886522338408,346,8,68,0,none
1980,3,3,4198.57,11053.609999999999,2542.0299999999997,3067.5450326876485,1293,6,662,0,none
1981,4,5,25215.96,9029.15,3805.012222222222,5410.863740364847,585,9,459,0,none
1982,4,5,1751.08,8272.02,1113.677777777778,870.5086111741774,1282,9,139,0,none
1983,4,2,13753.0,2263.17,2669.3616666666667,2479.7142677562447,385,6,549,0,none
1984,1,2,768.16,3290.23,1352.7966666666669,419.359352372428,939,3,412,0,none
1985,4,2,4614.09,1756.76,1061.8083333333334,1067.2648786409848,1392,6,334,0,none
1986,2,0,5759.09,0.0,1919.6966666666667,1834.8414336999867,409,2,86,0,none
1987,4,1,11303.43,4498.08,3160.302,2140.2949462389524,1048,5,66,0,none
1988,1,3,943.81,7514.160000000001,2114.4925,1631.5198731301898,1481,4,450,0,none
1989,1,2,814.34,3268.38,1360.9066666666668,473.09921224012015,251,3,379,0,none
1990,2,3,1879.12,4631.55,1302.134,1302.706012891627,159,5,315,0,none
1991,5,2,5991.880000000001,2917.8,1272.8114285714287,525.462510214398,1021,7,469,0,none
1992,4,5,4417.73,8040.32,1384.2277777777776,1041.4659542392665,529,9,600,0,none
1993,5,5,10925.69,9214.490000000002,2014.018,1767.1105626519243,134,10,217,0,none
1994,2,5,2756.02,9063.1,1688.4457142857143,1926.8405309866878,728,7,290,0,none
1995,2,3,6306.63,8546.96,2970.718,2184.462544841637,1138,5,528,0,none
1996,5,2,7152.2699999999995,6336.34,1926.9442857142856,1922.0658356708443,449,7,98,0,none
1997,2,3,3348.55,2598.7,1189.4500000000003,608.9274392569283,522,5,358,0,none
1998,2,3,17900.55,6596.59,4899.428000000001,4406.173488855835,1273,5,17,0,none
1999,1,5,1815.46,10223.58,2006.506666666667,1459.7759985886723,794,6,511,0,none
2000,2,4,1497.7,3365.11,810.4683333333332,282.1294091616273,1268,6,222,0,none
2001,3,9,3114.3999999999996,24726.6,2320.0833333333335,2007.512898042141,686,12,24,0,none
2002,2,2,1649.1100000000001,386.64,508.9375,350.0321461933889,1430,4,560,0,none
2003,5,3,8481.880000000001,2995.52,1434.6750000000002,1059.987194415574,986,8,175,0,none
2004,5,4,4683.2,4420.59,1011.5322222222221,452.94932566158434,200,9,132,0,none
2005,5,1,12099.43,362.21,2076.94,2675.914958620073,1331,6,247,0,none
2006,2,2,3926.55,1963.75,1472.575,677.1534897827819,749,4,482,0,none
2007,1,4,1429.65,1800.19,645.9680000000001,445.0664699300544,238,5,197,0,none
2008,2,4,4573.91,10032.620000000003,2434.421666666667,1783.9962333986457,254,6,189,0,none
2009,3,0,5364.33,0.0,1341.0825,1381.11733568106,1040,3,130,0,none
2010,4,2,22470.6,1594.21,4010.8016666666663,4277.164675815887,99,6,92,0,none
2011,5,2,10662.36,2791.89,1922.0357142857142,987.9968884111954,451,7,379,0,none
2012,3,0,2351.3399999999997,0.0,587.8349999999999,524.7646073479041,235,3,318,0,none
2013,1,2,2116.17,10388.77,4168.3133333333335,2633.8144449996644,678,3,146,0,none
2014,2,4,2015.0800000000002,3719.5600000000004,955.7733333333332,598.8992808941714,639,6,483,0,none
2015,5,3,5731.610000000001,5254.11,1373.2150000000001,1001.6668605254944,797,8,379,0,none
2016,2,1,871.14,11894.85,4255.33,5402.7417561333305,441,3,188,0,none
2017,2,5,11884.77,4122.87,2286.805714285714,3124.8321128244274,77,7,298,0,none
2018,4,4,3293.09,4751.62,1005.5887500000001,617.5345122225458,933,8,479,0,none
2019,2,3,1101.63,4747.41,1169.808,1038.1072222347748,579,5,214,0,none
2020,4,0,12002.0,0.0,2400.4,1620.2867653103879,987,4,230,0,none
2021,3,3,6310.910000000001,3942.2999999999997,1708.8683333333336,1093.7263621585407,189,6,531,0,none
2022,3,3,1720.5,4304.68,1004.1966666666667,676.7982163014977,50,6,289,0,none
2023,2,2,2877.44,9429.289999999999,3076.6825,2726.2840377918715,394,4,316,0,none
2024,5,3,9446.519999999999,7255.92,2087.805,1275.142536709132,701,8,235,0,none
2025,5,9,12346.86,5055.35,1243.015,2128.7125354802406,609,14,226,0,none
2026,2,2,6094.66,1605.59,1925.0625,2073.716249518904,1221,4,535,0,none
2027,5,2,3418.37,943.79,623.1657142857142,267.63137766376366,585,7,4,0,none
2028,2,2,3186.24,2372.24,1389.62,676.5952720053547,809,4,592,0,none
2029,1,2,204.04,6706.67,2303.57,2213.2975988028966,902,3,143,0,none
2030,5,1,6336.210000000001,8496.47,2472.1133333333332,2746.0069426573236,62,6,101,0,none
2031,5,3,7470.63,10775.74,2280.7962500000003,2604.95697133819,787,8,442,0,none
2032,1,2,364.67,2706.68,1023.7833333333333,863.3039595002961,536,3,529,0,none
2033,1,3,2112.11,1960.46,1018.1425,650.4015203462782,649,4,597,0,none
2034,1,0,741.36,0.0,370.68,370.68,177,1,516,0,none
2035,3,5,5757.66,4334.5199999999995,1261.5225,682.9102973991166,1180,8,68,0,none
2036,2,2,1818.8200000000002,5810.6900000000005,1907.3775,1117.748816894364,1415,4,583,0,none
2037,5,0,9360.149999999998,0.0,1560.0249999999996,2223.9860624094895,62,5,227,0,none
2038,3,3,2335.7799999999997,3700.94,1006.1199999999999,688.1988978970154,914,6,685,0,none
2039,3,6,3827.71,12876.11,1855.98,1776.3612553569542,1152,9,172,0,none
2040,4,5,6407.25,18565.95,2774.8,3316.4212730693102,448,9,632,0,none
2041,4,7,6314.99,8612.56,1357.0500000000002,952.3992225188687,1187,11,538,0,none
2042,2,1,2167.74,1376.88,1181.54,255.5804421312398,959,3,351,0,none
2043,2,3,3168.69,1864.46,1006.6299999999999,981.8268837223801,1395,5,188,0,none
2044,3,5,1230.76,33476.85,4338.45125,6583.416480613309,1472,7,688,0,none
2045,1,4,82.51,6028.879999999999,1222.2779999999998,705.7560917880908,92,5,515,0,none
2046,1,1,842.52,4459.1,2650.8100000000004,1808.2900000000002,684,2,256,0,none
2047,2,1,1399.5,530.67,643.39,200.137243577168,834,3,671,0,none
2048,5,4,8074.92,4006.57,1342.3877777777775,1136.7375469374115,245,9,375,0,none
2049,1,4,7043.73,3299.81,2068.7079999999996,2535.975818807427,524,5,555,0,none
2050,2,2,2244.56,1106.15,837.6775,587.108512005021,1481,4,64,0,none
2051,2,7,4617.12,8303.56,1435.6311111111113,1252.8765703101399,53,9,133,0,none
2052,3,4,3435.2599999999998,10020.21,1922.2099999999998,890.8403745100144,695,7,54,0,none
2053,5,3,6936.84,3662.6499999999996,1324.93625,1190.0717361249438,1268,8,72,0,none
2054,3,4,10339.730000000001,6067.23,2343.851428571429,1817.741444952488,506,7,358,0,none
2055,4,5,8994.07,17513.010000000002,2945.231111111111,2745.2994787472417,735,9,2,0,none
2056,3,2,11297.02,1463.84,2552.172,1990.583805042129,1467,5,105,0,none
2057,4,4,3188.67,24001.02,3398.7112500000003,5902.125914775195,728,8,203,0,none
2058,1,5,1786.26,10749.6,2089.31,1080.5844248985516,222,6,13,0,none
2059,1,5,368.79,8497.94,1477.7883333333332,2056.4654770456414,106,6,145,0,none
2060,2,2,6213.74,1183.69,1849.3574999999998,2401.035774976864,1419,4,508,0,none
2061,1,0,2208.81,0.0,1104.405,1104.405,420,1,689,0,none
2062,2,5,2403.88,23612.429999999997,3716.615714285714,3388.3077941898,770,6,552,0,none
2063,2,3,7334.55,11232.78,3713.4660000000003,2300.416870817983,163,5,32,0,none
2064,5,5,12638.69,11771.77,2441.046,2009.1079612066644,652,10,383,0,none
2065,4,1,5815.0199999999995,17092.08,4581.42,6330.8996195643485,1397,5,5,0,none
2066,5,3,7766.48,12945.1,2588.9475,2792.3709424866443,768,8,511,0,none
2067,1,4,256.48,4387.0,928.6959999999999,684.2032311703884,1457,5,690,0,none
2068,1,3,2795.08,11765.84,3640.23,3533.087830545683,410,4,681,0,none
2069,1,2,383.79,2599.34,994.3766666666667,569.8013257462834,771,3,616,0,none
2070,1,1,337.08,713.59,525.335,188.25500000000002,1293,2,508,0,none
2071,2,5,2541.43,6044.72,1226.5928571428572,738.8487975940154,688,7,114,0,none
2072,5,5,5302.380000000001,7465.49,1276.787,571.79034671897,440,9,90,0,none
2073,1,1,829.26,1275.58,1052.42,223.15999999999997,1287,2,289,0,none
2074,4,4,5052.599999999999,6069.51,1390.26375,955.4555009122284,603,8,603,0,none
2075,3,4,12337.49,7096.01,2776.2142857142862,2340.0708688710206,810,7,230,0,none
2076,2,4,2471.33,6738.7,1535.005,1020.4448328833525,1465,6,638,0,none
2077,1,2,1312.24,5479.94,2264.06,2273.976583271399,304,3,158,0,none
2078,1,2,5510.56,1659.1599999999999,2389.906666666667,2210.2022280074034,473,3,494,0,none
2079,4,2,2762.24,6643.22,1567.5766666666666,2210.3218611525535,75,6,139,0,none
2080,2,3,3558.5699999999997,3379.0599999999995,1387.526,548.4669703309398,606,5,282,0,none
2081,5,5,10574.970000000001,8071.380000000001,1864.6350000000002,986.5693316665586,324,10,394,0,none
2082,1,6,1270.0,17242.07,2644.5814285714287,1467.079130395091,1029,7,500,0,none
2083,2,3,5103.200000000001,4055.94,1831.8280000000002,731.7887368195825,296,5,323,0,none
2084,1,3,2214.82,4473.43,1672.0625000000002,778.9756142965903,1021,4,354,0,none
2085,4,0,18833.43,0.0,3766.686,2466.64828894271,417,4,260,0,none
2086,1,3,1103.59,3525.02,1157.1525000000001,862.9625304257133,552,4,354,0,none
2087,5,2,9958.869999999999,6893.93,2407.542857142857,1875.3266977304004,542,7,280,0,none
2088,3,5,7767.919999999999,4745.76,1564.21,1737.458666047915,1083,8,212,0,none
2089,2,4,10571.050000000001,8047.87,3103.153333333333,3443.6250000770347,715,6,322,0,none
2090,3,5,9926.13,3705.32,1703.93125,1866.1435940023314,561,8,457,0,none
2091,2,2,1641.99,2343.66,996.4125,355.3521730181905,1283,4,70,0,none
2092,3,2,1395.77,4533.96,1185.9460000000001,1155.8430104404317,870,5,38,0,none
2093,3,3,2382.83,3109.62,915.4083333333333,520.4690094333721,344,6,186,0,none
2094,3,5,2890.13,8393.2,1410.41625,1108.316805508893,1353,8,29,0,none
2095,4,0,3142.4700000000003,0.0,628.494,356.66813407423996,533,4,300,0,none
2096,3,4,2111.44,9674.59,1683.7185714285713,2337.0320656668578,87,7,518,0,none
2097,1,3,795.72,2828.92,906.1600000000001,346.72111328847575,757,4,395,0,none
2098,2,1,2445.33,680.21,1041.8466666666666,795.4691006918845,212,3,387,0,none
2099,4,2,4378.51,5262.59,1606.8500000000001,1416.3900369954597,380,6,666,0,none
2100,4,1,5826.37,247.7,1214.8139999999999,722.4608660294341,1128,5,474,0,none
2101,5,4,10201.14,6438.110000000001,1848.8055555555557,2363.2463796655793,222,9,240,0,none
2102,1,3,1436.79,5192.02,1657.2024999999999,986.4025203073793,1216,4,207,0,none
2103,5,3,8787.99,3096.16,1485.51875,1243.9919006814062,1407,8,634,0,none
2104,5,4,2611.79,10129.83,1415.7355555555557,2013.4997296256263,921,9,158,0,none
2105,4,3,2870.13,1812.87,669.0,377.81074169861444,1074,7,105,0,none
2106,5,5,9144.119999999999,9655.939999999999,1880.0059999999999,1167.2847912244895,1078,10,291,0,none
2107,3,4,7020.73,6649.13,1952.8371428571427,1212.4728030966219,1489,7,479,0,none
2108,5,1,7997.380000000001,1426.94,1570.7200000000003,1334.9530726708463,532,6,342,0,none
2109,2,6,3869.06,17519.15,2673.52625,1302.5707262365593,269,8,368,0,none
2110,4,3,5761.11,5069.1900000000005,1547.185714285714,1470.2117054439777,793,7,78,0,none
2111,2,3,2826.67,5435.150000000001,1652.3640000000003,1714.3465717362988,813,5,577,0,none
2112,3,4,3307.7,7490.54,1542.6057142857146,1054.3576813919478,291,7,547,0,none
2113,3,3,14205.32,4636.459999999999,3140.296666666667,2520.486822286961,931,6,314,0,none
2114,2,4,1577.28,3269.09,807.7283333333335,362.8963230004159,50,6,243,0,none
2115,5,1,5887.09,314.94,1033.6716666666666,748.255584285135,1393,6,51,0,none
2116,5,1,2878.2,389.65,544.6416666666667,530.2471913305047,418,6,423,0,none
2117,2,4,2894.52,8682.25,1929.4616666666668,1428.3495981075112,88,6,181,0,none
2118,2,2,1435.6799999999998,2551.24,996.73,547.2745975741976,189,4,661,0,none
2119,2,4,1670.56,6641.33,1385.3149999999998,912.4967147475107,383,6,531,0,none
2120,1,4,285.86,19454.66,3948.1040000000003,5378.763710767002,432,5,234,0,none
2121,4,3,10781.94,5092.84,2267.825714285714,2299.31129604284,78,7,577,0,none
2122,3,3,2422.08,2302.0699999999997,787.3583333333332,538.9828941755842,440,6,246,0,none
2123,1,2,407.11,2478.99,962.0333333333333,986.8102700564525,313,3,191,0,none
2124,3,2,3582.6900000000005,2870.44,1290.6260000000002,1031.1022890790225,586,5,638,0,none
2125,1,3,3646.18,5459.29,2276.3675,1111.4864156024355,596,4,292,0,none
2126,1,2,4849.17,4414.21,3087.793333333333,1250.9647686041717,528,3,686,0,none
2127,1,1,3040.72,662.35,1851.5349999999999,1189.185,512,2,239,0,none
2128,4,5,18738.219999999998,7327.42,2896.182222222222,2423.1021336789554,161,9,228,0,none
2129,4,3,6335.93,6915.14,1893.01,1529.214978150554,67,7,422,0,none
2130,1,1,2334.93,292.09,1313.51,1021.42,327,2,158,0,none
2131,2,3,9473.37,1094.65,2113.6040000000003,3522.8585841534996,1142,5,204,0,none
2132,4,0,3231.6899999999996,0.0,646.338,811.7365761723443,1486,4,419,0,none
2133,1,6,820.79,7944.8,1252.2271428571428,826.2885430424806,1394,7,245,0,none
2134,4,6,3096.43,12616.539999999999,1571.297,2268.636321718622,771,10,31,0,none
2135,1,1,927.73,5179.54,3053.635,2125.9049999999997,811,2,559,0,none
2136,1,2,3165.88,2565.66,1910.5133333333333,1257.505009992229,492,3,653,0,none
2137,2,0,2251.49,0.0,750.4966666666666,575.047032994307,1167,2,23,0,none
2138,2,2,3286.49,1502.27,1197.19,606.5585912754019,1154,4,47,0,none
2139,1,4,2717.46,7093.42,1962.176,732.3015328018917,1271,5,513,0,none
2140,4,3,9476.570000000002,3915.06,1913.0900000000004,1178.142218591869,1346,7,335,0,none
2141,1,3,2699.42,1907.81,1151.8075,923.0009645275296,668,4,118,0,none
2142,1,3,1139.28,27636.510000000002,7193.9475,7544.024786522693,1157,4,85,0,none
2143,3,5,7166.960000000001,3846.62,1376.6975,1061.9633175485628,1215,8,499,0,none
2144,4,1,5312.04,82.33,1078.874,782.5839815023049,483,5,535,0,none
2145,3,1,3000.89,2340.59,1335.37,835.9253456200499,1395,4,47,0,none
2146,3,4,4976.33,5116.16,1441.7842857142857,1058.2704603382304,168,7,344,0,none
2147,1,2,159.0,2415.5299999999997,858.1766666666666,499.15477121051566,1491,3,648,0,none
2148,2,6,2904.5,9976.07,1610.07125,1002.0995611394795,1162,8,311,0,none
2149,2,4,2906.0600000000004,8978.31,1980.7283333333332,1352.3558440664037,167,6,25,0,none
2150,5,2,8404.1,1226.9,1375.857142857143,1469.4010925807665,994,7,193,0,none
2151,3,5,5097.219999999999,15455.180000000002,2569.05,2192.2742732662355,80,8,93,0,none
2152,4,1,8507.69,696.52,1840.842,1928.227921169072,1162,5,468,0,none
2153,4,5,7138.2300000000005,8539.98,1742.0233333333333,1952.8535245179608,1204,9,517,0,none
2154,3,4,4123.08,7637.08,1680.0228571428574,1101.2751439090218,915,7,561,0,none
2155,4,2,6007.14,4604.82,1768.66,1281.2100624279637,1289,6,363,0,none
2156,2,2,2240.35,8071.08,2577.8575,1874.5125161275262,173,4,243,0,none
2157,3,3,6251.880000000001,6004.549999999999,2042.738333333333,1718.8584422557576,435,6,526,0,none
2158,1,4,3474.61,2358.71,1166.664,1200.3957702957805,638,5,685,0,none
2159,2,4,7852.969999999999,2433.8999999999996,1714.4783333333332,1605.0020132948605,92,6,596,0,none
2160,2,2,2602.01,697.18,824.7975,498.58254569203484,688,4,461,0,none
2161,3,2,3836.13,1561.54,1079.534,833.4102776328117,419,5,323,0,none
2162,3,4,7664.17,12845.81,2929.997142857143,2863.825891259624,607,7,679,0,none
2163,5,5,14360.62,6352.76,2071.3379999999997,1458.966862377621,654,10,595,0,none
2164,1,2,1933.11,5395.3,2442.8033333333333,692.2981609265058,1322,3,33,0,none
2165,2,4,784.0799999999999,5053.08,972.86,791.8194329938276,427,6,129,0,none
2166,1,2,501.27,1950.0700000000002,817.1133333333333,330.66256156726035,1343,3,602,0,none
2167,5,5,3271.04,10936.210000000001,1420.725,1337.1304247622968,656,10,641,0,none
2168,2,4,4495.25,3164.65,1276.65,1061.630088558785,511,6,529,0,none
2169,1,2,1177.35,6524.92,2567.423333333333,1612.798368247631,768,3,518,0,none
2170,5,2,16071.87,5507.98,3082.8357142857144,1793.668615172006,644,7,36,0,none
2171,4,8,7055.46,34743.75,3483.2675,2301.9774132331136,408,12,327,0,none
2172,1,3,2914.43,3248.84,1540.8175,897.4956441502932,768,4,262,0,none
2173,4,1,5020.57,500.64,1104.242,953.6158856772469,253,5,34,0,none
2174,5,5,4207.240000000001,6833.18,1104.042,657.385676400087,547,10,536,0,none
2175,5,4,12637.49,7999.1900000000005,2292.9644444444443,1893.8845389428875,861,9,425,0,none
2176,5,3,12089.2,3251.69,1917.61125,1503.8257757669062,637,8,385,0,none
2177,2,6,3576.37,8272.19,1481.0700000000002,1007.3598039181433,1241,8,338,0,none
2178,2,3,3580.89,3991.88,1514.554,601.4371411411171,407,5,675,0,none
2179,5,4,4886.16,2334.66,802.3133333333333,583.4079263164745,1455,9,468,0,none
2180,5,4,7551.679999999999,3223.19,1197.207777777778,1460.5122010885068,1183,9,5,0,none
2181,5,4,16825.05,5607.77,2492.5355555555557,2764.252778263197,1452,9,347,0,none
2182,1,1,160.13,9247.04,4703.585,4543.455,1262,2,404,0,none
2183,1,4,1163.07,5431.5599999999995,1318.926,366.33957518127903,238,5,116,0,none
2184,1,2,1562.98,1998.28,1187.0866666666668,416.3242734802871,803,3,648,0,none
2185,2,0,3111.0299999999997,0.0,1037.01,901.8253478732267,279,2,390,0,none
2186,2,3,3302.71,1484.7499999999998,957.492,585.2440246392953,1232,5,158,0,none
2187,1,0,562.39,0.0,281.195,281.195,888,1,212,0,none
2188,5,6,15590.010000000002,16032.19,2874.745454545455,3222.5167204710824,417,11,221,0,none
2189,3,0,1436.54,0.0,359.135,252.60981498152444,1396,3,116,0,none
2190,2,4,11321.33,4169.860000000001,2581.865,3365.2056201008486,199,6,658,0,none
2191,3,2,3050.09,1720.75,954.168,225.221632211473,858,5,247,0,none
2192,5,4,13743.87,6394.47,2237.5933333333337,1050.9396298551121,1089,9,268,0,none
2193,1,6,1053.97,25318.17,3767.4485714285715,6080.933607087997,116,7,182,0,none
2194,3,4,6012.7,6834.06,1835.2514285714283,2105.9189540600532,908,7,235,0,none
2195,3,1,2436.5,734.72,792.8050000000001,296.3056503426825,1229,4,126,0,none
2196,5,4,13938.480000000001,11360.54,2811.002222222223,3237.259158447253,129,9,8,0,none
2197,2,2,3238.48,2898.45,1534.2324999999998,518.4087715005892,782,4,356,0,none
2198,1,2,2356.73,3689.75,2015.493333333333,801.9058569987433,410,3,206,0,none
2199,5,5,7560.860000000001,6066.009999999999,1362.687,914.635734356033,1004,10,48,0,none
2200,1,4,205.2,20306.769999999997,4102.393999999999,4397.927861671221,204,5,265,0,none
2201,1,4,3009.48,5382.46,1678.3880000000001,865.8363679448905,1407,5,279,0,none
2202,3,3,1675.17,15820.310000000001,2915.9133333333334,5075.424083317788,1345,6,182,0,none
2203,3,5,7190.96,5552.95,1592.98875,993.7494532506357,303,8,181,0,none
2204,1,1,302.73,2857.81,1580.27,1277.54,505,2,182,0,none
2205,1,8,881.68,19624.66,2278.482222222222,2511.382936926177,893,9,84,0,none
2206,4,2,6820.86,4929.93,1958.4650000000001,665.0471635092257,1085,6,233,0,none
2207,1,3,3537.75,3237.01,1693.69,1090.6817238543974,680,4,343,0,none
2208,3,8,2464.28,10638.970000000001,1191.2045454545455,1122.5803813889404,259,11,329,0,none
2209,5,3,9293.0,7582.16,2109.395,2089.7578917783753,183,8,499,0,none
2210,5,3,8585.97,3448.1400000000003,1504.26375,1088.2847819957042,1499,8,505,0,none
2211,3,2,6523.42,2302.4700000000003,1765.1779999999999,1752.8149147973381,699,5,534,0,none
2212,2,7,1895.22,6439.95,926.13,937.3931444881243,1312,9,220,0,none
2213,1,4,1273.22,5118.1900000000005,1278.2820000000002,539.7574605468645,739,5,180,0,none
2214,1,2,2773.43,1575.71,1449.7133333333334,993.8291078561857,1385,3,539,0,none
2215,5,3,4916.73,4738.950000000001,1206.96,1077.5433743358085,159,8,644,0,none
2216,1,3,2989.49,1974.71,1241.05,1071.5507226678537,197,4,628,0,none
2217,1,4,2478.57,5191.49,1534.0120000000002,1006.576378868489,1396,5,409,0,none
2218,3,3,4436.05,4399.94,1472.665,1207.3445956692176,1422,6,458,0,none
2219,2,4,25634.47,9228.84,5810.551666666667,8455.638687080193,492,6,241,0,none
2220,3,3,2474.47,7559.0,1672.245,2352.8381842982035,552,6,228,0,none
2221,5,2,10371.349999999999,910.0699999999999,1611.6314285714284,1712.0200643469486,695,7,477,0,none
2222,5,3,7714.090000000001,4689.06,1550.39375,1056.049937466708,641,8,516,0,none
2223,5,2,8176.99,793.1500000000001,1281.4485714285713,847.3348383427816,309,7,215,0,none
2224,5,3,9723.91,5764.75,1936.0825,1489.3168149083492,1350,8,385,0,none
2225,1,6,586.13,6140.84,960.9957142857141,1039.7802570578779,402,7,601,0,none
2226,3,2,2663.8399999999997,4689.120000000001,1470.592,1495.2728247166135,1066,5,334,0,none
2227,3,2,8900.789999999999,975.69,1975.2959999999998,1900.0645987397377,128,5,428,0,none
2228,2,1,1541.23,661.0,734.0766666666667,221.07064396301513,86,3,413,0,none
2229,1,3,638.89,3632.8199999999997,1067.9275,915.5027559318158,990,4,81,0,none
2230,4,2,11862.529999999999,4123.59,2664.353333333333,2471.147108899473,528,6,71,0,none
2231,5,4,4815.64,3900.96,968.5111111111112,720.05434584164,993,9,411,0,none
2232,1,1,2747.72,272.22,1509.9699999999998,1237.75,168,2,312,0,none
2233,3,5,2960.71,13717.93,2084.83,2035.736387317867,1426,8,559,0,none
2234,3,4,4294.98,16070.08,2909.2942857142853,3605.234126405096,1130,7,622,0,none
2235,4,2,11197.560000000001,376.5,1929.0100000000002,2239.445410363914,1318,6,281,0,none
2236,4,1,6330.87,591.59,1384.492,1672.1901473504738,230,5,341,0,none
2237,3,5,4752.57,5293.43,1255.75,605.4687516090322,500,8,595,0,none
2238,5,2,6018.64,2044.78,1151.917142857143,1141.6862441358305,571,7,657,0,none
2239,2,3,1497.3400000000001,11577.970000000001,2615.0620000000004,2459.70283624994,819,5,608,0,none
2240,5,3,4748.98,6154.780000000001,1362.97,1091.8759000912146,466,8,327,0,none
2241,5,4,3068.9300000000003,6345.620000000001,1046.0611111111111,733.9056086513281,119,9,584,0,none
2242,5,8,8059.629999999999,10651.32,1439.3038461538458,1266.7311997453462,572,12,328,0,none
2243,3,2,2656.76,3522.87,1235.926,659.0863205559649,404,5,380,0,none
2244,3,5,6352.74,9753.249999999998,2013.2487500000002,1687.4219621766033,597,8,465,0,none
2245,4,6,5376.700000000001,7472.15,1284.885,1016.5477923762364,319,10,131,0,none
2246,1,3,4157.47,3741.71,1974.795,1435.502952600586,414,4,487,0,none
2247,2,2,7280.0,12252.939999999999,4883.235,4679.170770951301,951,4,215,0,none
2248,2,3,1696.69,6237.06,1586.75,1270.3212852975423,600,5,230,0,none
2249,3,3,7406.86,3980.2,1897.8433333333332,1686.350384436428,537,6,171,0,none
2250,2,3,1681.1999999999998,16628.41,3661.922,3784.4625093949603,814,5,484,0,none
2251,4,4,10886.580000000002,4036.7799999999997,1865.42,2755.882968111128,1164,8,698,0,none
2252,4,2,12655.67,3959.7699999999995,2769.24,2827.772822870796,586,6,11,0,none
2253,1,5,3271.43,5191.9,1410.555,1044.1114521887337,893,6,202,0,none
2254,2,4,6659.76,4491.34,1858.5166666666667,1446.944850223701,1450,6,185,0,none
2255,4,3,6325.259999999999,3905.73,1461.57,843.8265980977033,797,7,209,0,none
2256,1,5,1719.61,8914.36,1772.3283333333336,620.2567582438922,1367,6,86,0,none
2257,2,6,3210.1200000000003,13913.159999999998,2140.41,2581.2461024232075,1196,8,638,0,none
2258,4,3,9373.71,9553.95,2703.9514285714286,2154.960715057427,116,7,246,0,none
2259,4,3,10410.61,2900.29,1901.5571428571432,1307.7903319472484,660,7,497,0,none
2260,4,1,6981.84,358.5,1468.068,888.9920123240703,1056,5,693,0,none
2261,5,2,8058.17,3398.13,1636.6142857142856,791.7938095752155,1480,7,377,0,none
2262,5,3,15939.32,3971.26,2488.8225,2649.9125072525976,703,8,560,0,none
2263,5,1,16976.52,910.38,2981.15,3041.4565029329833,166,6,13,0,none
2264,3,4,7403.03,1469.9700000000003,1267.5714285714282,1332.7574278210739,856,7,310,0,none
2265,4,0,15748.07,0.0,3149.614,4293.883399835631,216,4,21,0,none
2266,5,0,11053.740000000002,0.0,1842.2900000000002,2816.085883521074,1134,5,493,0,none
2267,3,0,4688.830000000001,0.0,1172.2075000000002,1114.5380185389595,776,3,20,0,none
2268,2,3,3259.24,13007.16,3253.2799999999997,3272.7754093368526,1093,5,56,0,none
2269,4,3,7607.46,3755.2,1623.2371428571425,1003.6375312932495,1307,7,583,0,none
2270,2,4,1464.46,8354.68,1636.5233333333333,1852.850553774433,954,6,418,0,none
2271,4,0,7424.56,0.0,1484.912,2470.350948552857,930,4,648,0,none
2272,1,1,1595.58,614.5,1105.04,490.53999999999996,1139,2,312,0,none
2273,5,3,6021.01,2804.51,1103.19,906.1808056756665,1268,8,413,0,none
2274,3,3,4548.11,5284.88,1638.8316666666663,1443.5718969673417,1307,6,367,0,none
2275,5,5,3019.2400000000002,5705.639999999999,872.488,779.0786261835193,83,10,31,0,none
2276,3,3,5249.1,1922.3899999999999,1195.2483333333334,932.8328861308559,847,6,69,0,none
2277,4,3,8125.11,6247.610000000001,2053.2457142857143,1080.7869097871915,347,7,496,0,none
2278,5,4,4777.909999999999,8828.17,1511.7866666666664,1491.942419971733,1294,9,109,0,none
2279,3,2,3800.04,7784.07,2316.822,1478.0713844655813,983,5,525,0,none
2280,3,5,1540.59,5451.55,874.0174999999999,465.168974694949,647,8,341,0,none
2281,3,7,9362.43,12470.470000000001,2183.29,2300.0154971651823,306,10,14,0,none
2282,3,1,6301.9,2518.31,2205.0525,1369.2247763675439,528,4,627,0,none
2283,2,2,365.34999999999997,7264.01,1907.3400000000001,1729.591021123202,1064,4,493,0,none
2284,2,3,8540.82,2681.27,2244.4179999999997,2652.686715082654,330,5,216,0,none
2285,2,2,618.12,2147.75,691.4675,523.8645032532268,167,4,484,0,none
2286,1,2,761.33,3466.6,1409.3100000000002,462.7696195732818,1335,3,346,0,none
2287,5,1,2893.0499999999997,2532.4,904.2416666666667,781.6840311664014,1153,6,497,0,none
2288,5,4,8374.38,7949.35,1813.7477777777776,1842.8126355280203,323,9,58,0,none
2289,2,0,12976.87,0.0,4325.623333333334,5054.817896517693,459,2,192,0,none
2290,3,6,3294.05,4883.45,908.6111111111111,747.3233034629426,1458,9,135,0,none
2291,3,1,9163.41,1246.45,2602.465,3466.904424371258,1071,4,115,0,none
2292,2,4,7129.719999999999,5818.2300000000005,2157.991666666667,1585.5237886202008,927,6,410,0,none
2293,5,2,12987.46,3869.22,2408.097142857143,1249.266844441334,482,7,150,0,none
2294,1,7,2422.86,11145.63,1696.0612499999997,1401.6195737024855,469,8,424,0,none
2295,1,2,794.91,5292.3,2029.07,1003.2469805918514,88,3,485,0,none
2296,1,3,3815.36,7851.93,2916.8225,1208.6588296615178,1100,4,50,0,none
2297,5,2,4784.299999999999,3432.9,1173.8857142857141,876.0210421454685,93,7,431,0,none
2298,3,2,4979.02,2878.5699999999997,1571.518,1281.370465422081,37,5,629,0,none
2299,3,5,5583.43,14889.65,2559.135,2284.4331754835816,1102,8,668,0,none
2300,1,3,5023.03,4204.8,2306.9575,1721.6812550146296,1424,4,691,0,none
2301,5,2,15482.280000000002,6354.12,3119.4857142857145,2640.4433017953475,1142,7,219,0,none
2302,5,3,28671.89,3742.67,4051.8199999999997,4120.544952821775,723,8,147,0,none
2303,4,1,4482.4,495.17,995.5139999999999,500.7102117033365,744,5,168,0,none
2304,3,3,3025.58,2116.54,857.02,267.51309961694716,671,6,610,0,none
2305,3,3,2305.43,6410.620000000001,1452.675,940.5081696038939,507,6,64,0,none
2306,4,2,7520.620000000001,1197.3500000000001,1452.9950000000001,1461.5502799282458,796,6,550,0,none
2307,4,2,6555.65,2904.6000000000004,1576.7083333333333,1069.8136615849924,663,6,392,0,none
2308,1,3,731.39,3025.38,939.1925000000001,189.6001473331443,909,4,204,0,none
2309,5,3,7369.8,5444.22,1601.7525,788.3609485310329,1350,8,443,0,none
2310,5,4,7987.500000000001,3926.33,1323.7588888888888,1223.20315887286,1492,9,432,0,none
2311,2,2,3010.38,3071.85,1520.5575,623.5091606133385,145,4,578,0,none
2312,4,1,6038.620000000001,1243.24,1456.372,872.5866670170935,595,5,274,0,none
2313,4,3,10741.66,9854.19,2942.2642857142855,1140.8810417624884,295,7,2,0,none
2314,1,1,6220.61,1187.22,3703.915,2516.6949999999997,547,2,533,0,none
2315,4,1,13415.829999999998,1790.71,3041.3079999999995,3524.3870781876385,452,5,103,0,none
2316,5,3,2481.81,6159.349999999999,1080.145,1506.334590695241,286,8,192,0,none
2317,1,4,400.21,3949.34,869.9099999999999,571.5398429855962,1153,5,70,0,none
2318,1,3,448.23,8511.68,2239.9775,2964.012998599829,759,4,577,0,none
2319,1,3,3621.76,2720.7400000000002,1585.625,1221.88229532349,1381,4,430,0,none
2320,5,9,11496.57,11773.960000000001,1662.1807142857142,1361.9212902286465,77,14,589,0,none
2321,5,1,7040.33,735.3,1295.9383333333333,1033.8263087259331,128,6,667,0,none
2322,4,1,11627.6,920.46,2509.612,2683.7148054694635,622,5,18,0,none
2323,4,2,5408.82,10553.199999999999,2660.3366666666666,3212.8451797727334,148,6,522,0,none
2324,3,5,7122.59,7600.95,1840.4425,1749.6220402614817,416,8,205,0,none
2325,3,5,9992.2,5794.539999999999,1973.3425,2184.013983973947,1479,8,278,0,none
2326,4,3,13701.04,5500.790000000001,2743.118571428571,2625.7747308416483,337,7,231,0,none
2327,5,1,8005.6,2971.48,1829.5133333333333,1353.717451399007,321,6,85,0,none
2328,5,2,9088.86,3140.21,1747.01,1187.0745845023507,873,7,93,0,none
2329,3,4,22613.71,9064.04,4525.392857142857,5813.372594187386,762,7,294,0,none
2330,2,0,3186.27,0.0,1062.09,754.4182294103626,883,2,582,0,none
2331,4,3,9397.69,5316.2,2101.9842857142858,2155.716358759772,583,7,108,0,none
2332,5,2,12529.69,2229.75,2108.4914285714285,1564.6449989459368,1245,7,218,0,none
2333,1,3,5930.0,1554.75,1871.1875,2348.019602211351,233,4,214,0,none
2334,2,1,2042.8999999999999,5121.2,2388.0333333333333,1973.4803959390008,659,3,515,0,none
2335,5,8,5174.58,16535.55,1670.0099999999998,1002.1504984858235,1043,12,67,0,none
2336,1,5,764.84,11677.5,2073.7233333333334,3140.965312557413,1306,6,147,0,none
2337,3,3,11920.3,8718.87,3439.861666666667,3196.5555614985356,573,6,582,0,none
2338,2,2,2040.77,3363.71,1351.12,615.6962273313034,864,4,388,0,none
2339,1,2,1538.01,2581.91,1373.3066666666666,329.2861892369952,131,3,457,0,none
2340,4,2,11950.460000000001,6373.030000000001,3053.9150000000004,2569.866224914895,280,6,227,0,none
2341,2,4,13729.42,14392.53,4686.991666666667,5128.334828731501,131,6,488,0,none
2342,2,8,2765.04,18463.44,2122.848,2031.6048333315214,1099,10,361,0,none
2343,4,4,7093.64,8574.48,1958.5149999999999,1972.8133353665269,453,8,663,0,none
2344,2,3,5416.04,14492.93,3981.7940000000003,2523.50467247913,1093,5,5,0,none
2345,2,1,1455.26,3537.95,1664.4033333333334,1328.769071241835,127,3,1,0,none
2346,4,4,20382.25,9894.85,3784.6375,4761.108223806065,1297,8,693,0,none
2347,3,2,42794.159999999996,1849.76,8928.784,14789.786823555774,1258,5,495,0,none
2348,3,3,4747.83,3828.57,1429.3999999999999,1110.9454213266583,160,6,52,0,none
2349,3,4,11900.32,5470.540000000001,2481.5514285714285,2239.7655550935847,64,7,210,0,none
2350,1,2,473.57,529.7,334.42333333333335,114.86834821752345,112,3,621,0,none
2351,2,5,3543.84,9608.02,1878.837142857143,1577.6180219804637,1284,7,380,0,none
2352,3,3,12183.990000000002,1285.5,2244.9150000000004,2416.7771958453955,375,6,514,0,none
2353,5,4,3927.7000000000003,6098.27,1113.9966666666667,996.1161601161003,835,9,329,0,none
2354,4,3,10330.210000000001,3597.6499999999996,1989.6942857142858,2103.3352717927182,656,7,537,0,none
2355,3,5,2450.34,6527.91,1122.28125,685.9881847276507,1199,8,199,0,none
2356,3,2,3733.83,1271.4,1001.046,626.9027195219367,748,5,620,0,none
2357,1,2,3421.58,7791.0199999999995,3737.533333333333,2795.96151305573,765,3,19,0,none
2358,5,2,24210.37,2221.0299999999997,3775.9142857142856,6805.010523812282,1483,7,622,0,none
2359,3,4,9235.689999999999,6011.280000000001,2178.138571428571,1968.5992706449106,250,7,280,0,none
2360,2,8,4223.6,14689.509999999998,1891.3110000000001,933.031040453103,1251,10,400,0,none
2361,4,3,19436.1,2430.55,3123.8071428571425,3611.6472862658993,106,7,661,0,none
2362,4,1,9022.769999999999,184.8,1841.5139999999997,1455.6170647337162,732,5,203,0,none
2363,3,4,1404.9,2574.2400000000002,568.4485714285714,237.64768144873452,1332,7,68,0,none
2364,1,3,671.2,19287.2,4989.6,6381.646697757562,1007,4,78,0,none
2365,1,4,298.99,5725.01,1204.8,1392.299628671932,1037,5,643,0,none
2366,4,3,4672.9400000000005,2704.02,1053.8514285714286,730.6964673599052,417,7,534,0,none
2367,5,0,13364.02,0.0,2227.3366666666666,2194.69393166539,645,5,579,0,none
2368,5,2,12343.6,2699.8,2149.057142857143,1613.86146621533,568,7,42,0,none
2369,4,2,7735.030000000001,9479.279999999999,2869.0516666666667,1600.5703227955619,796,6,244,0,none
2370,2,2,1231.53,4982.83,1553.5900000000001,1547.550890520244,709,4,185,0,none
2371,2,1,5282.1,1048.63,2110.2433333333333,1246.7476333065788,510,3,299,0,none
2372,3,2,4121.93,3095.92,1443.5700000000002,382.8958656345091,479,5,487,0,none
2373,1,2,1522.68,5121.32,2214.6666666666665,1461.4960635671318,398,3,536,0,none
2374,1,2,710.81,2318.44,1009.7499999999999,299.89435284224123,566,3,605,0,none
2375,3,3,4395.01,12707.54,2850.4250000000006,3490.0408298411544,250,6,28,0,none
2376,4,5,5908.52,11825.94,1970.4955555555555,1231.9720724929073,1311,9,564,0,none
2377,2,5,1889.85,12174.449999999999,2009.185714285714,2211.271367425518,915,7,148,0,none
2378,5,2,12771.050000000001,1270.68,2005.9614285714288,2022.9898460265515,226,7,402,0,none
2379,2,6,3220.65,6546.919999999999,1220.94625,592.09377350504,1049,8,316,0,none
2380,4,3,3076.3300000000004,908.6999999999999,569.2900000000001,632.2118754025425,1276,7,676,0,none
2381,3,3,13133.019999999999,8429.93,3593.8249999999994,3169.3469171358215,379,6,68,0,none
2382,1,3,427.53,5543.02,1492.6375,1033.8318411225057,251,4,305,0,none
2383,1,3,2859.99,3913.1900000000005,1693.295,1177.4578232467607,42,4,399,0,none
2384,5,5,4503.41,14391.74,1889.5149999999999,1946.8737010872069,99,10,79,0,none
2385,4,3,8521.04,3704.8099999999995,1746.55,1824.9721783711034,1150,7,206,0,none
2386,4,1,12038.810000000001,562.14,2520.19,4019.511743871387,1481,5,124,0,none
2387,5,1,2544.63,577.3,520.3216666666667,157.51936530859376,95,6,188,0,none
2388,4,1,4756.86,18936.09,4738.59,7189.281440586396,1129,5,234,0,none
2389,2,5,8132.42,7316.4400000000005,2206.98,2443.764404163614,135,7,74,0,none
2390,3,1,3395.42,212.92,902.085,503.36457947992324,900,4,594,0,none
2391,4,7,10115.53,9518.59,1784.9200000000003,1183.249876153884,1141,11,240,0,none
2392,5,2,10922.0,6962.9,2554.9857142857145,2268.2508915578674,558,7,591,0,none
2393,1,3,841.92,2844.91,921.7075,263.65795629707435,46,4,392,0,none
2394,5,1,9433.4,849.08,1713.7466666666667,1732.590539978278,904,6,214,0,none
2395,4,4,11301.019999999999,4534.93,1979.49375,2682.918161973719,1487,8,137,0,none
2396,2,3,10055.49,5466.400000000001,3104.3779999999997,2542.0594070666402,408,5,679,0,none
2397,5,2,9748.69,5279.219999999999,2146.844285714286,1563.6625269252327,308,7,277,0,none
2398,1,3,373.68,7372.6900000000005,1936.5925000000002,1882.721700310152,212,4,352,0,none
2399,2,5,648.2,8690.41,1334.087142857143,1122.0518042371468,846,7,273,0,none
2400,4,4,6697.59,13960.96,2582.31875,1541.6588848902138,906,8,428,0,none
2401,2,1,886.25,623.73,503.32666666666665,85.35012295766708,1194,3,154,0,none
2402,3,3,3805.91,3350.4,1192.7183333333332,286.61781617202763,1137,6,484,0,none
2403,5,2,7615.09,3778.61,1627.6714285714284,1287.495883626469,1342,7,327,0,none
2404,1,4,258.96,3042.0,660.192,281.206689493689,1214,5,272,0,none
2405,2,2,1926.4499999999998,821.04,686.8725,532.8826278072405,393,4,142,0,none
2406,2,3,5656.03,9586.33,3048.472,2231.6684682398504,847,5,368,0,none
2407,1,0,2052.65,0.0,1026.325,1026.325,467,1,522,0,none
2408,1,3,3428.87,8426.49,2963.8399999999997,1020.9067155475078,514,4,610,0,none
2409,1,2,498.19,869.85,456.0133333333333,58.224298669503575,1399,3,373,0,none
2410,2,3,5803.799999999999,10986.25,3358.0099999999998,2113.198609539577,1032,5,377,0,none
2411,2,1,9119.64,792.25,3303.963333333333,3916.650867874519,1462,3,636,0,none
2412,3,1,2861.25,1140.57,1000.4549999999999,521.9363399160859,642,4,349,0,none
2413,1,1,4110.17,1368.75,2739.46,1370.71,820,2,137,0,none
2414,3,2,3599.17,8476.42,2415.118,1516.7159455929775,746,5,642,0,none
2415,5,2,14445.779999999999,5129.89,2796.5242857142853,1708.7942808045104,187,7,243,0,none
2416,3,7,3685.96,11478.88,1516.484,1185.4766431372657,377,10,272,0,none
2417,1,0,85.68,0.0,42.84,42.84,805,1,683,0,none
2418,2,6,3173.61,10410.609999999999,1698.0275,1967.8010893110486,129,8,95,0,none
2419,3,3,2323.21,5918.95,1373.6933333333334,1037.0683071309986,1399,6,595,0,none
2420,2,2,1652.34,2800.58,1113.23,714.0893940187041,212,4,534,0,none
2421,1,1,2233.99,736.08,1485.0349999999999,748.9549999999998,321,2,68,0,none
2422,3,2,3697.1,779.16,895.2520000000001,708.075989888091,1155,5,525,0,none
2423,1,2,1211.93,2091.45,1101.1266666666668,183.40413123906333,172,3,586,0,none
2424,1,3,3896.85,4083.4799999999996,1995.0825,1178.7535005117695,1353,4,107,0,none
2425,2,6,8650.22,10157.139999999998,2350.92,2936.237263765481,1096,8,650,0,none
2426,4,5,2082.37,3255.64,593.1122222222223,375.0789957026172,130,9,74,0,none
2427,5,2,3636.61,3344.89,997.3571428571429,711.3265725934544,1047,7,38,0,none
2428,3,3,5395.1,7491.5,2147.766666666667,2322.822376167025,958,6,592,0,none
2429,5,1,9189.67,110.08,1549.9583333333333,1208.3088767835352,1143,6,183,0,none
2430,4,2,7539.860000000001,1077.32,1436.1966666666667,1111.6426985722026,1247,6,41,0,none
2431,1,3,657.67,3572.7999999999997,1057.6175,660.1472277975195,1085,4,624,0,none
2432,2,2,4688.01,864.6099999999999,1388.1550000000002,996.476228780697,891,4,615,0,none
2433,5,3,7236.719999999998,10933.37,2271.26125,2891.451464556502,504,8,327,0,none
2434,5,3,12490.43,7305.51,2474.4925,1788.7978561994503,1054,8,645,0,none
2435,4,1,13969.92,1042.54,3002.4919999999997,3068.7191575339702,1436,5,133,0,none
2436,1,4,772.11,7468.2,1648.062,1466.8040204117247,893,5,41,0,none
2437,1,3,2370.35,2983.24,1338.3975,666.7918241615969,1006,4,133,0,none
2438,3,3,7707.709999999999,1932.1,1606.6349999999995,1826.4356318774737,672,6,288,0,none
2439,3,0,2664.99,0.0,666.2475,573.5369814307967,1141,3,470,0,none
2440,4,3,4363.05,24031.999999999996,4056.4357142857143,7638.795519255369,1496,7,266,0,none
2441,4,2,2290.23,583.8299999999999,479.01,261.2578824967137,265,6,348,0,none
2442,3,3,8796.67,7456.8,2708.9116666666664,2786.894055954386,327,6,4,0,none
2443,1,7,974.97,13061.060000000001,1754.5037499999999,891.4529079533239,822,8,483,0,none
2444,5,5,5940.86,6187.709999999999,1212.857,788.0177972362045,737,10,236,0,none
2445,4,4,5974.2,4993.24,1370.9299999999998,954.9779496538126,870,8,586,0,none
2446,1,3,1445.48,4473.52,1479.75,1013.3936973111684,102,4,40,0,none
2447,4,3,1834.25,4288.32,874.652857142857,839.7143508652091,624,7,337,0,none
2448,3,2,3418.92,2250.19,1133.8220000000001,656.2808285909317,886,5,595,0,none
2449,4,4,11547.56,4805.77,2044.16625,1470.4220602087134,890,8,529,0,none
2450,1,4,105.2,5901.4,1201.32,787.3489815069299,996,5,241,0,none
2451,5,1,6493.91,7708.96,2367.145,2543.4721831566526,1088,6,435,0,none
2452,2,1,1491.49,803.36,764.9499999999999,207.24650266450013,973,3,132,0,none
2453,5,3,7723.53,5605.9400000000005,1666.18375,938.2626736279332,1191,8,199,0,none
2454,2,1,2164.99,1668.19,1277.7266666666667,281.30362272028344,948,3,558,0,none
2455,3,1,1841.62,292.32,533.485,209.3957793867871,820,4,662,0,none
2456,1,2,610.61,750.64,453.75,159.96408680284043,921,3,17,0,none
2457,4,2,3870.31,2850.3199999999997,1120.105,777.4686648079993,178,6,544,0,none
2458,1,4,9955.53,4357.42,2862.59,3576.3158260589908,431,5,73,0,none
2459,4,4,6078.27,6117.25,1524.44,1121.9687016022326,805,8,590,0,none
2460,4,4,5846.080000000001,14866.57,2589.08125,1426.3551540328017,1313,8,683,0,none
2461,3,1,5501.360000000001,1946.53,1861.9725,795.2582791890633,1028,4,388,0,none
2462,3,1,7896.15,1810.77,2426.73,2159.7807610959035,162,4,231,0,none
2463,3,4,2190.2000000000003,7771.490000000001,1423.0985714285714,1676.9768295139113,900,7,279,0,none
2464,1,3,737.06,4086.91,1205.9925,533.8852324879853,355,4,127,0,none
2465,5,2,6104.830000000001,2219.3,1189.1614285714288,586.8477303216513,1109,7,10,0,none
2466,5,3,13348.380000000001,1790.9599999999998,1892.4175000000002,2554.6724667741164,1246,8,629,0,none
2467,4,2,10169.64,3619.44,2298.18,903.3622596906146,902,6,265,0,none
2468,2,4,5691.79,7121.0,2135.465,1167.9149794362886,899,6,672,0,none
2469,3,1,2327.63,226.18,638.4525,442.022054618036,527,4,207,0,none
2470,5,1,12391.58,422.05,2135.605,1247.374793686725,685,6,508,0,none
2471,2,3,5921.68,2038.34,1592.0040000000001,2062.8034939043523,1300,5,586,0,none
2472,5,0,3055.46,0.0,509.24333333333334,536.8555183556269,1093,5,25,0,none
2473,1,2,1017.76,1404.5099999999998,807.4233333333333,382.1354718188593,794,3,258,0,none
2474,1,3,3566.31,7821.73,2847.0099999999998,1764.9176353019989,571,4,185,0,none
2475,1,1,801.67,793.33,797.5,4.169999999999959,104,2,231,0,none
2476,4,4,15985.27,5486.01,2683.91,3119.0585929411463,240,8,547,0,none
2477,5,4,14857.68,9384.27,2693.55,3012.8498018432097,313,9,263,0,none
2478,4,3,8030.81,4662.509999999999,1813.331428571429,1231.0852481846898,578,7,112,0,none
2479,5,4,10480.449999999999,3670.0400000000004,1572.2766666666666,1018.8711192513234,1417,9,643,0,none
2480,5,4,7300.2300000000005,2519.5299999999997,1091.0844444444444,956.0606537373512,772,9,267,0,none
2481,1,2,11297.16,2475.37,4590.843333333333,4742.086712495062,375,3,689,0,none
2482,4,3,5197.48,5054.92,1464.6285714285714,911.701980308236,185,7,661,0,none
2483,4,3,1552.9,4308.71,837.3728571428572,886.0060308842515,527,7,158,0,none
2484,5,1,5882.69,574.11,1076.1333333333332,745.7035679291217,1229,6,25,0,none
2485,1,6,1390.64,10948.11,1762.6785714285713,1740.290986813318,593,7,598,0,none
2486,1,1,381.69,14793.96,7587.825,7206.135,1165,2,585,0,none
2487,5,4,5667.35,7070.85,1415.3555555555556,880.9218777585105,1209,9,560,0,none
2488,1,6,1508.25,6242.28,1107.2185714285713,516.0101064189835,192,7,401,0,none
2489,5,2,8475.48,3482.54,1708.2885714285712,1334.3030685656365,924,7,646,0,none
2490,2,2,8319.95,925.06,2311.2525,1982.5038855746916,1439,4,630,0,none
2491,4,1,9588.95,420.16,2001.8220000000001,2080.484661384457,621,5,131,0,none
2492,5,1,10223.32,13461.42,3947.4566666666665,4431.864343481445,104,6,134,0,none
2493,4,3,9140.46,3698.0199999999995,1834.0685714285714,976.3971893567051,1387,7,676,0,none
2494,2,3,1258.14,3777.85,1007.198,948.1086074580274,1328,5,652,0,none
2495,4,1,3760.55,2347.83,1221.676,795.1300968923262,797,5,454,0,none
2496,4,3,2810.5899999999997,14010.310000000001,2402.9857142857145,3179.7370275851304,841,7,694,0,none
2497,2,3,2116.4700000000003,3105.33,1044.3600000000001,189.81130050658203,341,5,449,0,none
2498,1,4,285.74,8186.669999999999,1694.482,2045.6205049558926,1234,5,522,0,none
2499,3,6,4275.84,10890.41,1685.138888888889,1226.367147059825,762,9,474,0,none
2500,5,6,6965.0,25173.78,2921.7072727272725,2650.465425224548,79,11,138,0,none
2501,1,3,3346.65,2237.97,1396.155,1156.845889833646,1034,4,439,0,none
2502,4,5,8766.8,9302.34,2007.6822222222222,1386.1164441447174,1427,9,540,0,none
2503,3,1,10900.07,1842.54,3185.6525,2399.018393378581,1248,4,348,0,none
2504,5,2,10399.99,2128.76,1789.8214285714287,1465.199872932296,437,7,501,0,none
2505,3,1,4301.85,5576.61,2469.615,1860.4817481703494,108,4,591,0,none
2506,2,6,1399.51,8285.619999999999,1210.6412500000001,587.8075206740192,1412,8,419,0,none
2507,4,2,7571.92,2735.23,1717.8583333333336,595.174785095848,1407,6,461,0,none
2508,5,5,4621.75,5661.38,1028.313,551.7106975770907,812,10,39,0,none
2509,3,1,3458.13,1209.04,1166.7925,291.0582185212264,974,4,546,0,none
2510,3,5,3053.6600000000003,4687.95,967.7012500000001,537.859152925687,710,8,616,0,none
2511,2,6,1349.7,13067.43,1802.14125,1437.7393035894713,647,8,477,0,none
2512,3,3,3687.6,1464.71,858.7183333333332,513.8603992466133,205,6,610,0,none
2513,2,2,3375.68,4377.2,1938.22,1073.6983764773047,172,4,177,0,none
2514,3,0,1700.3000000000002,0.0,425.07500000000005,298.5878572129148,372,3,491,0,none
2515,5,4,6936.469999999999,2522.8,1051.03,585.1246128627455,1259,9,221,0,none
2516,5,4,5774.89,12081.21,1984.0111111111114,1877.1691236625693,244,9,252,0,none
2517,1,6,268.04,9591.35,1408.4842857142855,891.0364266380575,363,7,14,0,none
2518,3,6,9189.32,12028.8,2357.568888888889,1906.3611016771338,836,9,640,0,none
2519,5,3,8260.61,6421.46,1835.25875,1290.61236990854,346,8,696,0,none
2520,1,2,1667.69,1264.48,977.39,524.0664998515615,269,3,246,0,none
2521,1,2,873.56,4473.889999999999,1782.4833333333333,1247.303795027053,858,3,278,0,none
2522,1,2,975.85,1115.87,697.2400000000001,201.8636472143181,571,3,565,0,none
2523,4,3,9026.67,3615.54,1806.03,1105.1241199198266,950,7,540,0,none
2524,2,1,8750.94,291.95,3014.296666666667,2426.860596207006,1370,3,204,0,none
2525,3,3,2832.29,2423.58,875.9783333333335,524.6724758811179,251,6,303,0,none
2526,5,1,6152.27,1814.65,1327.82,702.0687065143031,1372,6,673,0,none
2527,5,2,6809.290000000001,3175.9799999999996,1426.467142857143,615.0890898471372,1356,7,34,0,none
2528,5,5,9520.589999999998,5606.52,1512.7109999999998,2344.2197931697874,1248,10,663,0,none
2529,3,3,4416.4,2909.73,1221.0216666666668,1133.690955616751,957,6,178,0,none
2530,4,5,4453.89,7967.389999999999,1380.142222222222,1277.857417952912,941,9,376,0,none
2531,3,5,7676.030000000001,7140.950000000001,1852.1225,1310.5862636597983,969,8,431,0,none
2532,4,4,3540.7200000000003,2274.62,726.9175,436.7214131099482,1045,8,359,0,none
2533,4,4,6068.6900000000005,6469.72,1567.30125,1561.3003378709484,54,8,368,0,none
2534,3,3,4067.4799999999996,1654.21,953.6149999999999,605.8880389079047,1438,6,24,0,none
2535,4,4,2492.0299999999997,6488.58,1122.57625,1292.631741341453,890,8,636,0,none
2536,1,4,2874.97,8010.2,2177.034,2206.462327333961,1178,5,122,0,none
2537,5,2,6539.450000000001,6394.5,1847.707142857143,1545.3615886046523,584,7,100,0,none
2538,2,0,1150.55,0.0,383.51666666666665,294.40391101719797,48,2,230,0,none
2539,3,1,3215.96,4114.71,1832.6675,1461.3007818614037,779,4,564,0,none
2540,5,4,4832.35,4929.56,1084.6566666666668,943.9444038713297,775,9,221,0,none
2541,1,4,519.37,21651.64,4434.202,4226.515937267479,672,5,0,0,none
2542,2,1,21448.84,1221.97,7556.936666666667,9003.204859279587,529,3,363,0,none
2543,4,5,10102.28,5040.78,1682.5622222222219,1232.3304365287186,397,9,581,0,none
2544,1,1,1022.43,297.86,660.145,362.28499999999997,805,2,96,0,none
2545,3,4,7919.96,7992.95,2273.2728571428574,1232.396669533617,581,7,621,0,none
2546,5,2,18686.26,7849.139999999999,3790.7714285714283,3667.9722518557405,1455,7,32,0,none
2547,4,1,13355.83,6850.0,4041.166,2372.8381312816095,284,5,311,0,none
2548,2,2,1196.37,4275.67,1368.01,1021.3206872721223,499,4,430,0,none
2549,1,1,1087.98,621.61,854.7950000000001,233.185,462,2,656,0,none
2550,2,4,4956.35,9630.939999999999,2431.215,1641.8382837818306,828,6,385,0,none
2551,1,5,484.75,19538.019999999997,3337.1283333333326,3074.8973976997277,763,6,169,0,none
2552,1,4,503.49,6916.689999999999,1484.036,779.623856807884,976,5,76,0,none
2553,5,5,8782.86,9513.31,1829.6170000000002,1234.4074477906393,1426,10,530,0,none
2554,3,3,4938.32,2595.53,1255.6416666666667,1321.7594988677865,449,6,228,0,none
2555,4,1,4575.69,295.0,974.1379999999999,972.677659358947,1048,5,384,0,none
2556,2,0,2310.05,0.0,770.0166666666668,765.4123774076879,66,2,694,0,none
2557,5,1,4665.63,217.78,813.9016666666666,931.8844998427768,415,6,166,0,none
2558,3,2,8220.32,962.4300000000001,1836.55,1846.407337171297,711,5,178,0,none
2559,1,3,2926.3,3728.63,1663.7324999999998,915.6668904239959,75,4,611,0,none
2560,3,2,5635.450000000001,1628.08,1452.7060000000001,1352.5772182851522,937,5,571,0,none
2561,5,5,11477.54,5312.330000000001,1678.9870000000003,1288.5015232047651,1027,10,430,0,none
2562,5,0,10065.0,0.0,1677.5,1410.727680962323,1127,5,80,0,none
2563,2,3,2467.81,3759.76,1245.514,1209.0407674284602,789,5,173,0,none
2564,4,0,12641.759999999998,0.0,2528.352,3236.86667976548,917,4,473,0,none
2565,1,3,555.64,5244.62,1450.065,738.519400371446,612,4,226,0,none
2566,4,1,2862.87,323.11,637.196,431.6986431574692,90,5,333,0,none
2567,5,1,7871.030000000001,3226.32,1849.5583333333334,1421.2523096130947,176,6,508,0,none
2568,5,0,13028.12,0.0,2171.3533333333335,1911.048979100803,992,5,321,0,none
2569,5,4,3006.2599999999998,6374.82,1042.3422222222223,1479.4597823588458,1493,9,56,0,none
2570,4,6,4082.6400000000003,3724.63,780.7270000000001,643.5149829032732,53,10,264,0,none
2571,1,3,878.62,5119.48,1499.525,1199.8654925969827,849,4,461,0,none
2572,1,2,802.04,3321.05,1374.3633333333335,825.768320629676,1133,3,448,0,none
2573,2,0,1848.6599999999999,0.0,616.2199999999999,602.1496581969192,1245,2,332,0,none
2574,2,0,2688.84,0.0,896.2800000000001,640.6753123072559,831,2,259,0,none
2575,4,2,2662.9300000000003,3886.16,1091.515,947.538958262403,941,6,110,0,none
2576,3,5,2329.61,4238.72,821.04125,424.7851138351455,1054,8,183,0,none
2577,4,1,3470.33,220.89,738.2439999999999,487.3629216343813,1292,5,560,0,none
2578,4,2,7543.91,849.3799999999999,1398.8816666666664,1448.8981069812635,209,6,650,0,none
2579,2,4,4277.46,4541.8,1469.8766666666668,1008.6409771844268,1391,6,96,0,none
2580,5,1,14122.079999999998,4359.41,3080.248333333333,1871.1707852698057,68,6,266,0,none
2581,2,6,6503.2300000000005,43809.100000000006,6289.04125,7265.886620114639,1259,8,200,0,none
2582,3,1,2089.74,4341.11,1607.7124999999999,1579.9602884625772,142,4,248,0,none
2583,1,3,3823.58,6549.26,2593.21,874.3653432347373,316,4,505,0,none
2584,2,5,2414.81,7539.030000000001,1421.9771428571428,1483.7825363067795,35,7,246,0,none
2585,1,4,2772.58,4211.7,1396.8560000000002,906.9155526199779,684,5,421,0,none
2586,5,2,6514.469999999999,4034.42,1506.9842857142855,1382.0938776659248,521,7,606,0,none
2587,2,3,1712.1,6107.65,1563.95,1252.3388956348836,274,5,143,0,none
2588,1,3,733.11,6433.2,1791.5774999999999,1649.5643958690275,693,4,140,0,none
2589,2,1,445.42,3802.22,1415.8799999999999,1687.4283590323669,621,3,61,0,none
2590,5,3,10308.68,4379.53,1836.02625,750.7907204230999,1158,8,598,0,none
2591,4,3,6148.7,2324.4399999999996,1210.4485714285713,1006.0239559406778,1342,7,446,0,none
2592,3,2,3879.79,5816.86,1939.33,1816.8558430541482,989,5,546,0,none
2593,1,4,2117.22,3217.41,1066.926,643.2875633680476,212,5,604,0,none
2594,5,0,6353.53,0.0,1058.9216666666666,1007.7894938828027,464,5,572,0,none
2595,3,2,4684.93,1923.27,1321.64,544.5059949348584,1372,5,513,0,none
2596,3,5,3018.3900000000003,4734.55,969.1175000000001,347.61750864815485,160,8,347,0,none
2597,4,4,5333.82,14344.01,2459.72875,1749.5321690771902,628,8,259,0,none
2598,5,5,5207.9800000000005,11426.330000000002,1663.4309999999998,1601.5326602879506,1415,10,655,0,none
2599,5,0,15256.16,0.0,2542.693333333333,2179.231028831551,1427,5,397,0,none
2600,1,4,622.32,11894.16,2503.296,2082.0956654543998,634,5,305,0,none
2601,5,4,2755.42,6892.85,1072.03,938.0175875394519,1011,9,585,0,none
2602,3,6,2848.12,5163.75,890.2077777777778,344.76260140623583,701,9,365,0,none
2603,4,4,7833.8099999999995,3204.85,1379.8325,752.8746002447884,1137,8,493,0,none
2604,1,3,1709.94,7822.040000000001,2382.995,2224.4510471181425,76,4,343,0,none
2605,1,0,399.78,0.0,199.89,199.89,241,1,71,0,none
2606,5,2,13589.16,2887.98,2353.8771428571426,3100.0459258658657,932,7,323,0,none
2607,4,3,6385.14,2172.75,1222.5557142857142,1010.6638554627228,371,7,562,0,none
2608,4,4,3372.8,7292.95,1333.21875,1746.3684821253896,1009,8,550,0,none
2609,4,3,5396.449999999999,3096.96,1213.3442857142857,721.8134331738388,546,7,36,0,none
2610,2,1,1039.5,1362.3,800.6,459.4776399347415,1333,3,211,0,none
2611,1,2,807.76,14317.560000000001,5041.7733333333335,3455.3902439071753,1234,3,644,0,none
2612,4,4,3963.06,32746.06,4588.639999999999,8734.385801468814,754,8,369,0,none
2613,1,2,793.7,853.48,549.0600000000001,173.58043687773883,1166,3,218,0,none
2614,4,3,4299.87,10593.88,2127.6785714285716,2965.4768362726063,428,7,60,0,none
2615,5,3,5080.910000000001,3863.34,1118.03125,830.0292091161234,756,8,94,0,none
2616,3,1,5810.97,2675.94,2121.7275,1157.6107438032657,320,4,209,0,none
2617,5,3,12317.890000000001,2926.88,1905.59625,1816.95784932492,1295,8,263,0,none
2618,2,2,1786.0900000000001,2680.7999999999997,1116.7225,931.9964072187993,1239,4,390,0,none
2619,5,2,5002.66,11090.68,2299.0485714285714,2382.607765558141,1356,7,639,0,none
2620,4,3,3485.04,5941.530000000001,1346.652857142857,1111.8154368639516,1319,7,245,0,none
2621,2,3,12771.55,813.71,2717.0519999999997,4821.629258354068,1440,5,636,0,none
2622,4,0,10407.22,0.0,2081.444,1882.103737423631,365,4,245,0,none
2623,2,4,6576.3099999999995,8879.17,2575.9133333333334,2664.540616239296,1399,6,408,0,none
2624,1,1,3903.63,799.01,2351.32,1552.31,869,2,630,0,none
2625,2,1,7177.08,1778.91,2985.33,2328.0659688820388,651,3,104,0,none
2626,2,6,1276.25,15672.8,2118.63125,2822.400040778404,853,8,499,0,none
2627,2,1,2301.7,693.51,998.4033333333333,228.40880110499734,533,3,241,0,none
2628,1,0,91.8,0.0,45.9,45.9,454,1,41,0,none
2629,1,3,378.59,2084.32,615.7275,444.29687301257246,384,4,468,0,none
2630,2,2,2898.7000000000003,1786.49,1171.2975000000001,830.528983792107,151,4,695,0,none
2631,3,2,1771.4499999999998,783.87,511.06399999999996,213.69861671054406,759,5,412,0,none
2632,1,5,642.7,12165.359999999999,2134.6766666666667,2177.09160337568,1335,6,583,0,none
2633,2,2,2706.31,9093.109999999999,2949.855,3581.495780414239,956,4,380,0,none
2634,4,3,11837.6,6102.0,2562.8,1250.7516315742764,795,7,489,0,none
2635,3,2,5695.49,8236.32,2786.362,2661.2625101962412,660,5,129,0,none
2636,4,6,2524.12,7928.34,1045.246,1053.9220217473398,712,10,169,0,none
2637,2,2,7649.54,3710.06,2839.8999999999996,2477.780836383638,337,4,430,0,none
2638,3,8,11164.720000000001,18716.74,2716.4963636363636,3188.9339577906617,1239,11,174,0,none
2639,4,1,6015.6,679.31,1338.982,1035.867743631396,321,5,264,0,none
2640,5,2,8847.210000000001,2110.96,1565.4528571428575,1549.1597031544395,1083,7,499,0,none
2641,2,4,1511.02,12241.11,2292.021666666667,3359.224866926975,1147,6,578,0,none
2642,3,4,5253.72,7696.65,1850.052857142857,1292.9284605743915,875,7,694,0,none
2643,5,4,6819.41,9071.910000000002,1765.702222222222,1435.460563479949,1298,9,200,0,none
2644,3,4,6409.58,6148.07,1793.95,1392.8868474810558,457,7,185,0,none
2645,5,5,4969.49,4588.999999999999,955.8489999999999,678.1916346350786,1325,10,579,0,none
2646,1,2,1393.8,1523.6299999999999,972.4766666666666,573.7393653529061,1102,3,237,0,none
2647,2,3,1585.86,8028.55,1922.882,2440.846264420601,1204,5,645,0,none
2648,5,1,13427.21,674.93,2350.3566666666666,1340.8544864086566,1006,6,3,0,none
2649,5,1,5017.15,1019.54,1006.1149999999999,292.0932049734582,1274,6,118,0,none
2650,1,2,328.45,1537.6599999999999,622.0366666666667,395.94973732645525,1489,3,46,0,none
2651,4,4,7026.57,6643.360000000001,1708.74125,748.6434118029341,647,8,124,0,none
2652,3,6,3930.36,6337.62,1140.8866666666665,912.6572935481679,1226,9,163,0,none
2653,2,5,2527.34,3069.0899999999997,799.49,395.4862454534382,1124,7,275,0,none
2654,2,5,8256.09,13003.189999999999,3037.0400000000004,2144.2138930220026,695,7,47,0,none
2655,5,3,7229.530000000001,3060.29,1286.2275,803.9775579540452,1392,8,637,0,none
2656,2,1,1678.77,1227.45,968.7400000000001,501.52096353658703,609,3,146,0,none
2657,2,8,2123.98,6437.97,856.195,708.2598648554075,861,10,286,0,none
2658,4,0,4273.63,0.0,854.726,1087.523938414231,185,4,376,0,none
2659,3,7,2883.2799999999997,11755.03,1463.8310000000001,1578.775139014103,361,10,533,0,none
2660,4,1,8714.56,463.34,1835.58,1316.968407472252,1265,5,220,0,none
2661,3,3,4861.17,5212.7300000000005,1678.983333333333,926.430684934868,612,6,482,0,none
2662,3,4,6212.3099999999995,4278.04,1498.6214285714286,782.3353824183548,609,7,638,0,none
2663,2,1,1969.46,2565.47,1511.6433333333334,948.1692912953653,391,3,395,0,none
2664,2,6,4053.61,13811.210000000003,2233.1025000000004,2359.4597796834237,752,8,128,0,none
2665,1,1,1470.97,1305.91,1388.44,82.52999999999997,1214,2,394,0,none
2666,3,1,3539.46,174.22,928.42,554.5826047127696,1345,4,273,0,none
2667,5,3,5256.41,3555.08,1101.4362499999997,609.27913139089,133,8,425,0,none
2668,4,3,8938.23,2871.46,1687.0985714285714,1498.7941659826652,874,7,517,0,none
2669,3,2,2784.48,5008.76,1558.648,1247.8599878736397,716,5,272,0,none
2670,2,4,4513.3,17238.13,3625.2383333333332,3284.700076214046,932,6,211,0,none
2671,2,2,1224.82,5768.68,1748.375,1183.2212192675552,687,4,396,0,none
2672,5,3,10896.2,2078.5299999999997,1621.84125,1520.6026255932013,616,8,199,0,none
2673,5,3,7995.0199999999995,11605.94,2450.12,2475.6730537421536,723,8,348,0,none
2674,3,3,2535.4700000000003,4936.63,1245.3500000000001,823.7850540847007,885,6,216,0,none
2675,5,0,8943.300000000001,0.0,1490.5500000000002,1556.7170497342584,766,5,158,0,none
2676,1,2,1626.3,9015.64,3547.313333333333,3371.127042769063,724,3,85,0,none
2677,4,4,3864.7799999999997,4073.51,992.28625,444.2392325633087,1232,8,548,0,none
2678,5,6,23910.14,9001.589999999998,2991.975454545455,3796.328849522352,1126,11,486,0,none
2679,4,1,14639.17,2041.83,3336.2,5115.5554231109645,531,5,46,0,none
2680,3,1,5402.37,2027.24,1857.4025,1161.444390153377,1206,4,457,0,none
2681,3,1,4798.959999999999,8245.0,3260.99,2912.5695714437447,1284,4,407,0,none
2682,2,2,11087.33,1660.52,3186.9625,4084.006276821664,255,4,191,0,none
2683,2,2,9834.24,1418.31,2813.1375000000003,2510.4146401179923,886,4,60,0,none
2684,3,4,5703.6900000000005,29038.98,4963.238571428571,8271.890493200328,449,7,465,0,none
2685,4,3,6968.66,2579.12,1363.9685714285715,965.7078411555887,1116,7,548,0,none
2686,4,5,4686.08,8095.610000000001,1420.1877777777781,609.2522752755176,381,9,252,0,none
2687,1,5,717.96,10717.68,1905.9399999999998,2119.1077041371286,1016,6,519,0,none
2688,1,2,3496.7,596.54,1364.4133333333332,1523.3295449405848,405,3,119,0,none
2689,2,5,1192.18,4351.15,791.9042857142857,546.6859483379869,781,7,340,0,none
2690,1,3,2407.95,11212.58,3405.1324999999997,3657.120348876798,1424,4,116,0,none
2691,4,2,5260.02,4644.05,1650.6783333333333,739.5451545694976,590,6,272,0,none
2692,4,5,9878.710000000001,3313.74,1465.8277777777778,1709.439291878271,1317,9,42,0,none
2693,2,3,3466.7000000000003,4574.14,1608.1680000000001,1261.7030413595744,1480,5,164,0,none
2694,1,1,954.12,713.93,834.025,120.09500000000003,1316,2,347,0,none
2695,3,5,4198.22,3707.1499999999996,988.17125,411.4166159879029,273,8,125,0,none
2696,3,4,4107.52,6500.54,1515.4371428571428,881.4429017844109,1234,7,560,0,none
2697,2,1,2009.85,1262.11,1090.6533333333334,143.11774274662412,77,3,380,0,none
2698,4,0,9657.060000000001,0.0,1931.4120000000003,2622.7391911617897,608,4,660,0,none
2699,5,3,26911.690000000002,3452.24,3795.4912500000005,5090.287046858059,1309,8,655,0,none
2700,5,1,6338.5599999999995,1947.86,1381.07,1029.474573200653,1042,6,596,0,none
2701,3,0,3122.36,0.0,780.59,887.7526088669073,813,3,471,0,none
2702,1,4,529.75,3926.8800000000006,891.326,656.0843828228196,600,5,17,0,none
2703,2,2,1019.07,962.96,495.50750000000005,344.3864591106189,1224,4,511,0,none
2704,5,3,7768.369999999999,5603.97,1671.5425,1302.5002487115887,1073,8,391,0,none
2705,4,5,8120.3,4246.16,1374.0511111111111,870.2276523792106,718,9,15,0,none
2706,1,2,2175.15,12480.65,4885.266666666666,4810.905912974072,1341,3,355,0,none
2707,4,7,10275.279999999999,12101.980000000001,2034.2963636363636,1684.7137589042602,368,11,217,0,none
2708,2,2,10876.42,1569.1499999999999,3111.3925,3602.8046093798584,280,4,246,0,none
2709,4,3,3130.89,10265.82,1913.8157142857144,2177.5362478390716,974,7,390,0,none
2710,5,2,7612.79,11084.27,2671.008571428571,2641.5503135979425,1458,7,560,0,none
2711,2,0,2147.7000000000003,0.0,715.9000000000001,812.1337704261945,393,2,51,0,none
2712,3,4,5663.33,3234.9300000000003,1271.18,933.4922001357513,397,7,210,0,none
2713,2,3,6024.91,6456.709999999999,2496.3239999999996,1888.5898964105468,235,5,579,0,none
2714,5,2,11043.079999999998,1789.13,1833.172857142857,988.4496808597981,1295,7,20,0,none
2715,1,3,127.7,9101.18,2307.22,1375.2282222780334,362,4,673,0,none
2716,2,4,1801.46,9559.909999999998,1893.5616666666667,1544.0148790347055,769,6,232,0,none
2717,2,3,2231.69,10177.67,2481.8720000000003,1960.631214679599,1486,5,368,0,none
2718,5,0,6249.52,0.0,1041.5866666666668,1282.662555294866,47,5,282,0,none
2719,3,0,4925.82,0.0,1231.455,1021.7767623238453,848,3,295,0,none
2720,1,3,1697.45,9290.28,2746.9325,2122.935073305058,783,4,361,0,none
2721,4,4,3749.5200000000004,9651.12,1675.08,1407.6923932095392,1216,8,645,0,none
2722,1,2,2071.24,2677.92,1583.0533333333333,626.6776962859154,552,3,176,0,none
2723,5,1,14833.45,3099.96,2988.9016666666666,1072.5465108549945,633,6,467,0,none
2724,1,2,903.22,1216.8600000000001,706.6933333333333,223.67530579440867,276,3,299,0,none
2725,5,3,5623.839999999999,3782.7200000000003,1175.82,569.9903764977089,1118,8,178,0,none
2726,5,4,12280.51,8993.460000000001,2363.7744444444447,2870.115070922384,1183,9,590,0,none
2727,5,4,16735.129999999997,15478.96,3579.3433333333332,4419.577606586906,230,9,215,0,none
2728,5,3,9966.54,2166.22,1516.595,1826.232643860031,608,8,111,0,none
2729,1,2,502.76,1536.21,679.6566666666666,375.5227308107401,1342,3,362,0,none
2730,4,3,3248.7,6434.57,1383.3242857142857,1039.9625432383493,33,7,629,0,none
2731,4,2,15073.630000000001,4799.95,3312.263333333334,4041.826405412396,469,6,495,0,none
2732,5,0,2484.25,0.0,414.0416666666667,249.27494722472392,845,5,138,0,none
2733,5,2,12124.68,1492.12,1945.257142857143,1918.1176695374652,521,7,23,0,none
2734,4,2,4215.8,2045.14,1043.49,583.4328081850272,429,6,386,0,none
2735,4,1,4277.780000000001,704.56,996.4680000000001,471.2046494847012,706,5,415,0,none
2736,3,2,1882.6799999999998,4727.7300000000005,1322.082,1615.0377168648415,296,5,559,0,none
2737,2,3,2173.59,4499.26,1334.5700000000002,616.4163473497438,808,5,39,0,none
2738,3,2,3856.1899999999996,3289.73,1429.184,1044.270405261013,1068,5,179,0,none
2739,4,0,11874.9,0.0,2374.98,2419.581662527636,875,4,65,0,none
2740,3,1,3565.41,408.74,993.5374999999999,670.1449700018273,166,4,692,0,none
2741,4,3,4541.95,1976.9099999999999,931.2657142857144,523.2107024314158,1271,7,211,0,none
2742,5,2,17774.03,1158.72,2704.678571428571,1935.8224247400717,287,7,373,0,none
2743,5,4,16889.519999999997,4430.69,2368.9122222222218,3422.131941302666,1154,9,149,0,none
2744,1,2,16655.96,3077.36,6577.773333333332,7199.795092164468,560,3,602,0,none
2745,4,1,4401.62,686.5,1017.624,924.9695235325324,1180,5,331,0,none
2746,4,5,4800.65,5258.42,1117.6744444444446,1013.0292204199698,333,9,123,0,none
2747,1,6,1643.39,13160.84,2114.89,1767.0171603095914,304,7,542,0,none
2748,3,2,999.8199999999999,976.8,395.32399999999996,144.40977883786127,760,5,539,0,none
2749,2,1,1684.03,7767.45,3150.4933333333333,3267.9051777995164,78,3,693,0,none
2750,1,2,488.73,2067.16,851.9633333333333,781.4701042408609,361,3,662,0,none
2751,4,0,6170.610000000001,0.0,1234.122,1081.739438060756,1094,4,24,0,none
2752,3,3,2222.1899999999996,5823.83,1341.0033333333333,1309.5603227631616,1260,6,372,0,none
2753,2,0,6223.540000000001,0.0,2074.513333333334,2122.088383964145,148,2,75,0,none
2754,3,9,5202.26,16140.78,1778.5866666666668,944.0362642428286,1326,12,397,0,none
2755,3,1,5628.14,1234.03,1715.5425,845.0620073513837,1202,4,284,0,none
2756,2,5,1798.73,7395.1,1313.4042857142856,571.67964467766,1308,7,634,0,none
2757,4,1,3927.3100000000004,456.63,876.7880000000001,954.7857426333932,1056,5,356,0,none
2758,4,3,5907.360000000001,6071.27,1711.2328571428573,1377.7171479009792,1021,6,367,0,none
2759,4,4,6407.93,4129.33,1317.1575,676.4263611944392,801,8,396,0,none
2760,3,4,4130.53,1950.7599999999998,868.7557142857141,784.1095928295655,989,7,305,0,none
2761,5,4,9270.81,3817.0099999999998,1454.2022222222222,1611.1449761222455,1381,9,525,0,none
2762,4,1,4922.860000000001,8093.59,2603.29,2798.1823671447864,177,5,429,0,none
2763,2,1,2837.77,355.68,1064.4833333333333,819.9596396706906,494,3,411,0,none
2764,3,9,4795.0599999999995,19544.07,2028.260833333333,1779.7507988267082,136,12,18,0,none
2765,3,7,2126.03,8864.05,1099.008,519.3780375179527,1418,10,413,0,none
2766,2,3,3108.5,2369.41,1095.5819999999999,680.0445670513074,684,5,353,0,none
2767,4,2,7237.5599999999995,3143.98,1730.2566666666664,1333.3584055142699,1022,6,62,0,none
2768,4,4,2768.04,9297.81,1508.2312499999998,2002.34520504356,1266,8,38,0,none
2769,5,0,13795.63,0.0,2299.2716666666665,3071.9449127787466,1486,5,571,0,none
2770,3,1,1803.52,5142.18,1736.4250000000002,1989.1001544605542,267,4,198,0,none
2771,1,4,1448.32,6295.87,1548.838,320.5193291768844,1205,5,209,0,none
2772,1,2,2671.32,1321.0,1330.7733333333333,962.6767344348893,1334,3,153,0,none
2773,1,5,2916.57,22219.19,4189.293333333334,4539.1366691646945,101,6,107,0,none
2774,5,2,5958.780000000001,1640.66,1085.6342857142859,607.4268900830111,1138,7,153,0,none
2775,5,1,8862.16,1391.59,1708.9583333333333,744.0099759505168,551,6,421,0,none
2776,1,2,1133.59,4080.6200000000003,1738.07,1510.1756311325737,983,3,459,0,none
2777,2,1,3914.39,3421.92,2445.4366666666665,1281.9684079397416,785,3,388,0,none
2778,1,2,834.67,3123.0099999999998,1319.2266666666667,1039.6233069829773,411,3,71,0,none
2779,3,3,3049.84,2513.51,927.225,478.6620920423231,228,6,369,0,none
2780,1,3,2160.23,3865.51,1506.435,925.9474716337854,201,4,333,0,none
2781,2,6,9409.53,11504.009999999998,2614.1925,2378.587790716111,181,8,551,0,none
2782,1,5,222.83,5539.85,960.4466666666667,1532.0368735191144,967,6,64,0,none
2783,2,1,1777.98,6760.33,2846.103333333333,2781.1380618532567,546,3,154,0,none
2784,2,2,2298.8500000000004,1715.37,1003.5550000000001,420.3620594499461,348,4,219,0,none
2785,5,6,11785.900000000001,19023.95,2800.895454545455,4565.397396569833,1047,11,533,0,none
2786,5,2,4967.1,1562.4099999999999,932.7871428571428,685.2546375454535,1039,7,167,0,none
2787,2,3,3516.3100000000004,5716.7699999999995,1846.616,1463.2175445859032,822,5,499,0,none
2788,4,3,5370.919999999999,2940.76,1187.382857142857,1412.5579635410595,1404,7,404,0,none
2789,5,0,6145.55,0.0,1024.2583333333334,1093.6213034747855,596,5,317,0,none
2790,1,3,580.73,8579.949999999999,2290.1699999999996,1239.7609162858782,1258,4,377,0,none
2791,1,3,1239.42,1793.11,758.1325,396.6210521628296,140,4,496,0,none
2792,5,3,11318.75,4501.26,1977.50125,1371.640537034371,1117,8,321,0,none
2793,4,4,3665.54,15247.2,2364.0925,1963.974956114194,1483,8,156,0,none
2794,1,3,174.37,9160.400000000001,2333.6925,2016.3192240983942,1274,4,565,0,none
2795,3,2,4086.56,1700.19,1157.35,573.4718097343582,882,5,57,0,none
2796,3,3,6349.49,3408.44,1626.3216666666665,921.3519749516046,951,6,369,0,none
2797,3,1,18317.42,1939.44,5064.214999999999,4772.188842389308,549,4,595,0,none
2798,3,1,2660.7200000000003,25790.36,7112.77,10798.221766071023,1028,4,373,0,none
2799,2,2,4826.72,5906.28,2683.25,1883.426443838463,1162,4,527,0,none
2800,3,3,8280.289999999999,6706.1,2497.7316666666666,2386.484322271408,1497,6,235,0,none
2801,3,3,6135.51,9767.550000000001,2650.51,2419.8166628555423,753,6,6,0,none
2802,5,0,24436.47,0.0,4072.7450000000003,7853.928205001941,120,5,426,0,none
2803,3,2,5172.98,2291.48,1492.892,699.5053153593616,905,5,315,0,none
2804,3,4,4608.12,9689.39,2042.5014285714285,1407.291483112442,204,7,425,0,none
2805,3,1,5295.86,922.35,1554.5525,1797.6113140133355,389,4,194,0,none
2806,4,2,2678.8,5230.9400000000005,1318.29,1381.4276962620954,513,6,447,0,none
2807,2,5,7920.53,10170.080000000002,2584.3728571428574,1668.3003883397898,1104,7,400,0,none
2808,3,4,4126.77,16818.21,2992.1400000000003,3310.814063049406,300,7,558,0,none
2809,1,0,2487.21,0.0,1243.605,1243.605,273,1,632,0,none
2810,2,3,2616.51,1979.34,919.1700000000001,599.7477333679553,96,5,15,0,none
2811,5,4,8467.29,2926.29,1265.9533333333336,1917.5122469665394,1313,9,140,0,none
2812,1,2,2990.24,4054.83,2348.3566666666666,1309.9977128309124,1049,3,145,0,none
2813,5,3,13898.73,3630.8599999999997,2191.19875,2216.768711776431,88,8,292,0,none
2814,5,4,4466.59,5164.56,1070.1277777777777,728.0690667142596,71,9,310,0,none
2815,2,1,1710.7599999999998,3774.21,1828.323333333333,1427.366477125697,851,3,333,0,none
2816,1,4,1084.07,4826.3099999999995,1182.076,204.54589564202945,445,5,364,0,none
2817,4,5,5335.55,16949.51,2476.1177777777775,3883.7605836891235,907,9,536,0,none
2818,2,4,6208.799999999999,8570.18,2463.163333333333,1673.0873706082684,668,6,178,0,none
2819,2,2,2312.16,1944.51,1064.1675,284.7574364590853,1387,4,75,0,none
2820,4,1,9794.35,460.25,2050.92,1772.448278534525,453,5,527,0,none
2821,3,2,9881.24,3156.54,2607.5559999999996,2496.234510294255,1028,5,472,0,none
2822,2,0,1610.8200000000002,0.0,536.94,440.8878790199008,109,2,426,0,none
2823,5,6,17821.94,4113.4,1994.1218181818178,2768.8064319283144,1435,11,614,0,none
2824,2,4,1048.96,17939.39,3164.725,3787.381463525734,1471,6,681,0,none
2825,4,3,3777.65,7598.09,1625.1057142857146,2287.8899405588118,1116,7,650,0,none
2826,4,4,6730.1,9591.32,2040.1775,1492.7344217555078,713,8,39,0,none
2827,4,5,2442.94,7929.5999999999985,1152.5044444444443,1179.6700978579759,353,9,171,0,none
2828,5,2,4145.450000000001,2492.0,948.2071428571429,317.29940190454124,1224,7,581,0,none
2829,3,5,4394.719999999999,9720.7,1764.4275,732.6681328328331,1112,8,365,0,none
2830,4,0,14505.72,0.0,2901.144,3442.707923263895,356,4,90,0,none
2831,4,5,3996.5,4423.039999999999,935.5044444444443,413.2460903925061,693,9,602,0,none
2832,3,2,6877.58,1520.08,1679.532,2165.0135142340337,710,5,382,0,none
2833,4,4,5592.52,7401.2699999999995,1624.2237499999999,1633.7654769422804,1244,8,141,0,none
2834,2,3,5632.17,3007.0299999999997,1727.8400000000001,1439.928075037083,1035,5,530,0,none
2835,3,2,11239.51,462.90000000000003,2340.482,2623.16454387749,975,5,247,0,none
2836,5,6,8298.460000000001,7021.969999999999,1392.7663636363638,1339.3745270852953,985,11,667,0,none
2837,5,3,11238.7,3690.91,1866.20125,1288.2186610726992,427,8,345,0,none
2838,3,4,7951.629999999999,19560.82,3930.3499999999995,4491.693327507058,576,7,365,0,none
2839,1,3,2852.21,1599.7,1112.9775,1010.7902186995826,97,4,427,0,none
2840,3,6,11154.33,5083.95,1804.253333333333,3026.9182816741745,1186,9,133,0,none
2841,3,3,2619.21,1027.61,607.8033333333333,430.28347240188316,666,6,266,0,none
2842,4,5,14307.8,16520.359999999997,3425.351111111111,4173.311357355463,674,9,380,0,none
2843,3,4,3185.3199999999997,7881.33,1580.95,816.174417563865,390,7,531,0,none
2844,2,2,1427.4099999999999,1168.81,649.055,74.43160837305615,337,4,530,0,none
2845,4,1,11148.22,11528.76,4535.396,3907.8526918122184,894,5,259,0,none
2846,4,2,6005.28,2081.95,1347.8716666666667,654.6718706195917,371,6,620,0,none
2847,3,3,12812.05,6777.44,3264.9150000000004,2807.442222882779,124,6,411,0,none
2848,4,3,2779.01,19296.829999999998,3153.691428571429,4242.441550948256,1158,7,52,0,none
2849,2,1,4798.35,513.38,1770.5766666666668,1848.0536246969555,583,3,503,0,none
2850,2,3,1819.46,9380.21,2239.934,1697.0525301309917,588,5,436,0,none
2851,4,2,6189.41,1026.32,1202.6216666666667,764.2086934299352,664,6,194,0,none
2852,4,8,6179.43,23066.67,2437.1749999999997,2511.970159859587,1228,12,218,0,none
2853,5,6,5283.55,9609.61,1353.9236363636364,1577.663223327882,501,11,288,0,none
2854,1,3,3072.15,3804.86,1719.2525,835.1857676102665,1144,4,375,0,none
2855,2,3,2157.56,18679.78,4167.468,4093.5391808722197,1411,5,191,0,none
2856,3,3,15327.8,3269.39,3099.5316666666663,3514.79617574247,1001,6,324,0,none
2857,5,2,10052.96,5093.25,2163.7442857142855,1381.6747734424866,664,7,670,0,none
2858,4,2,4293.45,1480.5,962.3249999999999,539.2921916039578,1129,6,139,0,none
2859,1,4,397.15,3933.06,866.042,482.6384454392335,703,5,4,0,none
2860,3,3,3716.15,3898.6,1269.1250000000002,846.2819532076766,639,6,685,0,none
2861,4,5,6984.61,6480.85,1496.1622222222222,1014.6015077827659,802,8,478,0,none
2862,5,2,9594.29,4291.78,1983.7242857142858,861.4108108356255,497,7,150,0,none
2863,3,3,3659.43,4166.42,1304.3083333333334,736.0719711282012,183,6,366,0,none
2864,1,0,617.9,0.0,308.95,308.95,639,1,290,0,none
2865,2,4,22710.96,9470.800000000001,5363.626666666666,6690.384182311373,212,6,584,0,none
2866,4,3,23958.86,5519.87,4211.2471428571425,5794.832672061535,633,7,589,0,none
2867,4,6,2763.3,13444.77,1620.807,1773.9896761032742,848,10,455,0,none
2868,4,4,9987.74,8023.71,2251.43125,1672.9831392862084,1398,8,209,0,none
2869,1,3,2994.73,2088.38,1270.7775,1004.3158936653098,83,4,157,0,none
2870,3,3,3140.31,4699.4,1306.6183333333336,689.2343373729205,943,6,525,0,none
2871,3,0,5491.92,0.0,1372.98,1207.4887218313884,702,3,623,0,none
2872,1,1,642.12,853.21,747.665,105.54500000000002,59,2,11,0,none
2873,2,6,3501.48,17416.37,2614.73125,2358.117993747543,396,8,303,0,none
2874,4,2,5385.48,2822.25,1367.955,958.0233029655386,204,6,645,0,none
2875,5,1,4346.9,393.78,790.1133333333332,696.9291770251041,348,6,616,0,none
2876,2,1,1848.72,1316.76,1055.16,259.0479647993141,433,3,83,0,none
2877,2,0,6027.360000000001,0.0,2009.1200000000001,2409.1910153133704,619,2,100,0,none
2878,3,5,2443.08,2769.45,651.56625,387.22324132654734,807,8,231,0,none
2879,5,4,7376.999999999999,5501.780000000001,1430.9755555555555,1225.0741469996474,31,9,375,0,none
2880,5,3,5573.54,7835.26,1676.1000000000001,1871.084566775377,267,8,87,0,none
2881,1,0,1645.22,0.0,822.61,822.61,167,1,136,0,none
2882,4,4,5800.78,38510.84999999999,5538.953749999999,7745.085156894559,838,8,220,0,none
2883,4,5,3203.88,4804.339999999999,889.8022222222222,652.0618897650364,513,9,216,0,none
2884,5,2,7707.280000000001,3092.75,1542.8614285714286,1031.1337809203528,836,7,328,0,none
2885,5,2,7062.67,1021.39,1154.8657142857141,976.2768580956229,356,7,231,0,none
2886,2,1,3067.08,625.12,1230.7333333333333,1143.7490459692438,65,3,286,0,none
2887,4,4,12893.010000000002,8476.35,2671.17,1502.9467175103048,1413,8,344,0,none
2888,4,3,12204.53,17221.010000000002,4203.648571428572,4426.166044185189,189,7,278,0,none
2889,5,1,8550.300000000001,223.85,1462.3583333333336,1625.0360779935181,216,6,494,0,none
2890,1,2,1557.25,5824.82,2460.69,1891.6976190360515,245,3,135,0,none
2891,5,2,7849.78,740.6800000000001,1227.2085714285715,881.1686978816999,1472,7,618,0,none
2892,5,1,11704.82,958.77,2110.5983333333334,1721.9930265772146,937,6,398,0,none
2893,1,7,1149.18,4239.18,673.5450000000001,339.8325248192116,927,8,451,0,none
2894,2,1,1565.6799999999998,420.55,662.0766666666666,294.4577348656717,1480,3,380,0,none
2895,5,2,4971.870000000001,2829.41,1114.4685714285715,605.2671300798532,160,7,513,0,none
2896,2,1,880.68,584.73,488.46999999999997,174.4256227354991,1462,3,274,0,none
2897,4,3,5198.5599999999995,5991.11,1598.524285714286,972.2955107646345,329,7,282,0,none
2898,5,3,4084.9499999999994,2828.4500000000003,864.175,460.98578237294913,945,8,607,0,none
2899,5,7,8794.16,8179.85,1414.5008333333333,1129.4677219562195,647,12,393,0,none
2900,4,4,4226.33,3623.08,981.17625,594.5506725447693,594,8,87,0,none
2901,2,1,22844.78,481.21,7775.329999999999,9857.892692024328,1398,3,306,0,none
2902,1,5,331.2,4814.62,857.6366666666667,862.9311764304007,249,6,215,0,none
2903,2,3,11692.76,3452.3900000000003,3029.03,3811.769822777865,1495,5,299,0,none
2904,5,4,8596.18,16823.26,2824.3822222222225,2765.9112085482498,587,9,337,0,none
2905,2,2,7535.73,1799.95,2333.92,2369.4448137802237,983,4,466,0,none
2906,2,0,2333.74,0.0,777.9133333333333,700.6040641395743,1452,2,209,0,none
2907,2,4,3246.87,4026.98,1212.3083333333334,845.3840697658602,114,6,415,0,none
2908,1,2,2701.88,1891.08,1530.9866666666667,870.8335221435202,1386,3,285,0,none
2909,4,2,6705.3,2386.7,1515.3333333333333,1336.481549350965,864,6,275,0,none
2910,3,1,4643.2,168.54,1202.935,1335.734826462573,1065,4,428,0,none
2911,4,3,17853.73,4299.63,3164.765714285714,3858.367269665304,249,7,610,0,none
2912,3,4,11152.78,9307.67,2922.921428571429,2158.770787914989,814,7,361,0,none
2913,2,3,2931.4,3118.6,1210.0,1004.9999128756181,1020,5,106,0,none
2914,5,3,5031.87,4776.6,1226.05875,764.516031869795,700,8,82,0,none
2915,4,5,1958.95,7276.66,1026.1788888888889,1448.515632259026,257,9,231,0,none
2916,3,1,1639.93,35.0,418.7325,296.2120589522817,388,4,575,0,none
2917,5,3,7301.16,3990.7,1411.4825,1232.9251753021147,1285,8,178,0,none
2918,3,3,11984.599999999999,4313.15,2716.2916666666665,3810.923620600028,80,6,614,0,none
2919,4,0,6461.54,0.0,1292.308,1283.2737287952248,1072,4,194,0,none
2920,3,2,6427.52,1567.4099999999999,1598.986,1573.432313696398,1499,5,544,0,none
2921,2,2,2663.29,1377.52,1010.2025,912.2120317496092,41,4,388,0,none
2922,3,0,3037.48,0.0,759.37,587.4607451992005,266,3,611,0,none
2923,4,2,5430.05,10659.849999999999,2681.65,3246.19720461753,1020,6,84,0,none
2924,4,8,3276.99,12119.02,1283.0008333333333,1149.2472441955092,118,12,422,0,none
2925,5,1,11278.179999999998,472.29,1958.4116666666666,1799.7736771921875,896,6,118,0,none
2926,3,3,1665.84,4468.99,1022.4716666666667,1177.477276318835,1035,6,178,0,none
2927,1,2,539.21,855.6700000000001,464.96000000000004,215.30627348036103,894,3,288,0,none
2928,5,4,3710.09,3700.23,823.3688888888888,336.55462206319316,566,9,332,0,none
2929,2,4,2737.77,9117.47,1975.8733333333332,2324.6995200861743,1055,6,239,0,none
2930,4,4,8942.21,5998.73,1867.6174999999998,1154.545954279755,903,8,360,0,none
2931,3,1,5208.52,3826.74,2258.815,940.6060247122596,335,4,404,0,none
2932,2,2,8324.72,1481.77,2451.6225,3136.6782816251252,857,4,639,0,none
2933,3,3,5982.24,2669.83,1442.0116666666665,1696.9179438462022,1326,6,502,0,none
2934,5,2,5908.879999999999,3174.31,1297.5985714285712,1176.844404418972,1010,7,647,0,none
2935,3,6,10037.17,26365.359999999997,4044.7255555555553,3511.233814272607,723,9,550,0,none
2936,3,3,2676.87,11076.92,2292.2983333333336,2651.2525392690445,502,6,516,0,none
2937,3,4,4966.98,2543.57,1072.935714285714,1134.1829271438048,156,7,498,0,none
2938,2,4,2618.36,2336.03,825.7316666666667,463.3201921787518,389,6,639,0,none
2939,4,4,8194.6,4524.85,1589.93125,1481.206480655529,46,8,459,0,none
2940,4,3,7173.750000000001,6396.17,1938.56,1320.768504264522,1480,7,109,0,none
2941,4,4,6626.03,6221.49,1605.94,1455.9266634947655,357,8,583,0,none
2942,2,5,2005.5,15797.269999999999,2543.252857142857,2961.4746122676993,1227,7,91,0,none
2943,1,4,868.57,5343.52,1242.4180000000001,624.0158802915196,277,5,693,0,none
2944,5,4,17436.25,3992.49,2380.9711111111114,2272.3657692684974,446,9,464,0,none
2945,3,5,2015.1100000000001,5838.27,981.6724999999999,787.8482950852595,644,8,521,0,none
2946,2,4,2250.34,7204.619999999999,1575.8266666666666,1260.4584403656029,506,6,87,0,none
2947,1,1,1276.12,588.29,932.2049999999999,343.91499999999996,1203,2,377,0,none
2948,2,1,2924.0,234.63,1052.8766666666668,784.3420812091849,1437,3,14,0,none
2949,1,2,316.48,1816.27,710.9166666666666,352.4845279189176,1316,3,454,0,none
2950,2,3,2293.18,12202.89,2899.214,1735.2376992055008,255,5,651,0,none
2951,4,5,12340.880000000001,21510.98,3761.317777777778,3645.5361017605496,1171,9,65,0,none
2952,5,5,10047.22,6973.21,1702.0430000000001,1569.6244075004056,247,10,131,0,none
2953,5,2,7099.82,3516.5299999999997,1516.6214285714286,668.5449731731607,1372,7,327,0,none
2954,5,4,12414.55,7382.21,2199.64,1828.6472349374671,791,9,556,0,none
2955,5,2,10043.48,5459.92,2214.7714285714287,2367.88098093409,524,7,137,0,none
2956,3,6,7713.849999999999,9925.48,1959.9255555555553,1773.94837997747,260,9,481,0,none
2957,3,3,1700.8999999999999,5076.12,1129.5033333333333,1008.6628925739043,47,6,367,0,none
2958,4,4,6623.219999999999,14650.669999999998,2659.23625,2469.339837749846,394,8,227,0,none
2959,4,4,3513.0200000000004,12464.8,1997.2275000000002,1930.778992685012,1373,8,476,0,none
2960,1,4,551.34,4212.5599999999995,952.78,526.2741539159985,1201,5,102,0,none
2961,1,3,2797.36,10026.61,3205.9925,2142.9850689094287,1455,4,459,0,none
2962,3,5,15843.580000000002,8900.16,3092.9675,2498.0696025018497,178,8,638,0,none
2963,2,3,12842.859999999999,12770.19,5122.61,4285.746489077486,900,5,520,0,none
2964,5,2,12881.060000000001,1041.9,1988.9942857142862,1371.2360047037557,408,7,79,0,none
2965,3,4,3853.17,4171.59,1146.3942857142858,543.3452583199521,828,7,648,0,none
2966,1,2,4523.31,5341.6,3288.3033333333337,1778.726825500632,501,3,236,0,none
2967,5,2,7523.15,950.85,1210.5714285714287,1421.1421897336018,446,7,586,0,none
2968,4,3,3435.2999999999997,4898.37,1190.5242857142857,640.6435863334652,873,7,111,0,none
2969,5,2,8556.42,1851.96,1486.9114285714288,846.7547741892246,299,7,694,0,none
2970,4,5,1806.96,9906.1,1301.4511111111112,1858.932944702085,719,9,178,0,none
2971,4,3,9716.46,5029.280000000001,2106.5342857142855,2088.1805844928886,986,7,139,0,none
2972,3,5,6367.42,4662.97,1378.79875,1124.9644451207946,218,8,177,0,none
2973,3,5,2779.18,7250.51,1253.7112499999998,373.7578654837079,1397,8,182,0,none
2974,2,3,7934.29,3406.9800000000005,2268.254,2568.4956166254206,773,5,654,0,none
2975,1,1,4011.17,391.82,2201.495,1809.6750000000002,1234,2,280,0,none
2976,2,3,7020.889999999999,4474.92,2299.1619999999994,1140.561896810515,991,5,135,0,none
2977,3,4,2274.12,8173.94,1492.58,1204.7799054124841,1073,7,476,0,none
2978,2,5,5645.01,5884.029999999999,1647.0057142857145,1475.6799455249402,1082,7,152,0,none
2979,1,2,1979.9,6906.6,2962.1666666666665,808.8948123760523,1316,3,428,0,none
2980,2,2,2758.1099999999997,7589.98,2587.0225,1577.3117154255688,931,4,122,0,none
2981,5,1,8511.57,1507.63,1669.8666666666668,801.2853015971,438,6,580,0,none
2982,2,1,2898.96,1301.06,1400.006666666667,397.14203691990207,176,3,520,0,none
2983,1,1,2310.87,8461.97,5386.42,3075.5499999999997,921,2,502,0,none
2984,4,1,10521.3,1439.91,2392.2419999999997,1906.1951591943568,127,5,134,0,none
2985,2,2,6239.4400000000005,4154.34,2598.445,2369.6116452332435,384,4,521,0,none
2986,1,3,2721.48,4715.31,1859.1975000000002,1157.7097628804684,119,4,348,0,none
2987,4,6,6744.72,15842.14,2258.686,2467.165096016884,836,10,674,0,none
2988,2,2,1190.67,5389.8,1645.1174999999998,2045.4510018743422,265,4,652,0,none
2989,3,3,2585.36,9061.86,1941.2033333333336,2310.814820733635,927,6,144,0,none
2990,4,2,5264.97,1873.19,1189.6933333333334,726.6568686266045,1192,6,423,0,none
2991,3,4,3624.63,2880.0800000000004,929.2442857142856,791.8465371135846,1238,7,649,0,none
2992,2,3,1936.0300000000002,4952.71,1377.748,771.6335044929037,485,5,98,0,none
2993,3,4,4338.31,9098.849999999999,1919.5942857142857,1141.37432155722,836,7,639,0,none
2994,4,4,4814.169999999999,5812.1900000000005,1328.295,1016.753134922632,857,8,606,0,none
2995,5,1,15848.519999999999,1347.03,2865.9249999999997,4139.895027528879,725,6,34,0,none
2996,1,5,2057.13,5078.78,1189.3183333333334,549.308282825369,993,6,577,0,none
2997,5,8,4345.26,10210.57,1119.6792307692308,693.4538988665753,338,13,92,0,none
2998,4,5,5499.09,8872.29,1596.8200000000002,992.6602379129192,1469,9,598,0,none
2999,3,2,2270.82,738.6700000000001,601.898,405.10059843944936,174,5,527,0,none
3000,1,1,254.6,888.59,571.595,316.995,435,2,9024,1,cycle
3001,1,1,1822.53,254.6,1038.565,783.9649999999999,916,2,9024,1,cycle
3002,1,1,359.26,1822.53,1090.895,731.635,1452,2,9024,1,cycle
3003,1,1,1290.82,359.26,825.04,465.78,926,2,9024,1,cycle
3004,1,1,1508.99,1290.82,1399.905,109.08500000000004,608,2,9024,1,cycle
3005,1,1,1183.07,1508.99,1346.03,162.96000000000004,491,2,393,1,cycle
3006,1,1,582.92,1183.07,882.9949999999999,300.075,1067,2,9024,1,cycle
3007,1,1,888.59,582.92,735.755,152.83500000000004,1081,2,9024,1,cycle
3008,1,1,363.97,2840.68,1602.3249999999998,1238.3549999999998,399,2,120,1,cycle
3009,1,1,838.21,363.97,601.09,237.12,383,2,9039,1,cycle
3010,1,1,1063.5,838.21,950.855,112.64499999999998,1282,2,9039,1,cycle
3011,1,1,1076.48,1063.5,1069.99,6.490000000000009,846,2,9039,1,cycle
3012,1,1,1605.13,1076.48,1340.805,264.32500000000005,414,2,525,1,cycle
3013,1,1,777.36,1605.13,1191.2450000000001,413.88500000000005,1011,2,661,1,cycle
3014,1,1,438.95,777.36,608.155,169.205,1050,2,9039,1,cycle
3015,1,1,2840.68,438.95,1639.8149999999998,1200.865,894,2,9039,1,cycle
3016,1,1,203.9,123.57,163.735,40.165000000000006,1479,2,9077,1,cycle
3017,1,1,1769.99,203.9,986.945,783.045,246,2,9077,1,cycle
3018,1,1,448.43,1769.99,1109.21,660.78,1324,2,391,1,cycle
3019,1,1,573.97,448.43,511.20000000000005,62.77000000000001,1265,2,528,1,cycle
3020,1,1,3546.48,573.97,2060.225,1486.255,77,2,412,1,cycle
3021,1,1,123.57,3546.48,1835.025,1711.455,1164,2,624,1,cycle
3022,1,1,349.04,1608.87,978.9549999999999,629.915,590,2,326,1,cycle
3023,1,1,715.92,349.04,532.48,183.43999999999997,407,2,454,1,cycle
3024,1,1,309.58,715.92,512.75,203.17,1495,2,9078,1,cycle
3025,1,1,943.66,309.58,626.62,317.04,1047,2,415,1,cycle
3026,1,1,492.51,943.66,718.085,225.57499999999996,224,2,9078,1,cycle
3027,1,1,2187.19,492.51,1339.85,847.34,473,2,2,1,cycle
3028,1,1,1068.29,2187.19,1627.74,559.45,356,2,9078,1,cycle
3029,1,1,874.15,1068.29,971.22,97.07,430,2,9078,1,cycle
3030,1,1,6426.11,874.15,3650.1299999999997,2775.9799999999996,75,2,9078,1,cycle
3031,1,1,1608.87,6426.11,4017.49,2408.62,70,2,115,1,cycle
3032,1,1,1055.93,1350.2,1203.065,147.135,646,2,365,1,cycle
3033,1,1,1452.46,1055.93,1254.1950000000002,198.265,222,2,9053,1,cycle
3034,1,1,1507.37,1452.46,1479.915,27.454999999999927,919,2,9053,1,cycle
3035,1,1,533.16,1507.37,1020.2649999999999,487.10499999999996,1413,2,417,1,cycle
3036,1,1,2353.47,533.16,1443.3149999999998,910.1549999999999,561,2,9053,1,cycle
3037,1,1,1850.21,2353.47,2101.84,251.62999999999988,910,2,9053,1,cycle
3038,1,1,531.35,1850.21,1190.78,659.43,244,2,535,1,cycle
3039,1,1,349.78,531.35,440.565,90.78500000000003,460,2,9053,1,cycle
3040,1,1,573.55,349.78,461.66499999999996,111.88499999999999,1167,2,288,1,cycle
3041,1,1,251.73,573.55,412.64,160.91,848,2,9053,1,cycle
3042,1,1,1350.2,251.73,800.965,549.235,658,2,9053,1,cycle
3043,1,1,631.32,303.86,467.59000000000003,163.73000000000002,1469,2,9010,1,cycle
3044,1,1,5072.72,631.32,2852.02,2220.7000000000003,405,2,58,1,cycle
3045,1,1,922.08,5072.72,2997.4,2075.32,244,2,9010,1,cycle
3046,1,1,2713.15,922.08,1817.615,895.5350000000001,703,2,665,1,cycle
3047,1,1,2568.44,2713.15,2640.795,72.35500000000002,890,2,9010,1,cycle
3048,1,1,700.46,2568.44,1634.45,933.99,495,2,9010,1,cycle
3049,1,1,303.86,700.46,502.16,198.3,78,2,9010,1,cycle
3050,13,0,19734.489999999998,0.0,1409.6064285714285,1138.1528751609974,908,13,9146,1,fanout
3051,0,1,0.0,1348.31,674.155,674.155,176,1,9146,1,fanout
3052,0,1,0.0,480.04,240.02,240.02,761,1,9146,1,fanout
3053,0,1,0.0,2479.97,1239.985,1239.985,1118,1,435,1,fanout
3054,0,1,0.0,961.29,480.645,480.645,532,1,63,1,fanout
3055,0,1,0.0,881.29,440.645,440.645,70,1,338,1,fanout
3056,0,1,0.0,157.8,78.9,78.9,669,1,216,1,fanout
3057,0,1,0.0,1275.26,637.63,637.63,1331,1,9146,1,fanout
3058,0,1,0.0,3372.87,1686.435,1686.435,440,1,9146,1,fanout
3059,0,1,0.0,1688.65,844.325,844.325,939,1,9146,1,fanout
3060,0,1,0.0,737.81,368.905,368.905,1034,1,640,1,fanout
3061,0,1,0.0,1024.4,512.2,512.2,1158,1,9146,1,fanout
3062,0,1,0.0,1181.2,590.6,590.6,247,1,365,1,fanout
3063,0,1,0.0,4145.6,2072.8,2072.8,353,1,135,1,fanout
3064,8,0,30456.010000000002,0.0,3384.001111111111,4334.4618977355185,1357,8,9105,1,fanout
3065,0,1,0.0,2878.19,1439.095,1439.095,829,1,9105,1,fanout
3066,0,1,0.0,3647.68,1823.84,1823.84,44,1,9105,1,fanout
3067,0,1,0.0,782.62,391.31,391.31,208,1,9105,1,fanout
3068,0,1,0.0,1811.25,905.625,905.625,125,1,550,1,fanout
3069,0,1,0.0,15160.79,7580.395,7580.395,101,1,422,1,fanout
3070,0,1,0.0,2226.66,1113.33,1113.33,934,1,9105,1,fanout
3071,0,1,0.0,3399.96,1699.98,1699.98,1263,1,9105,1,fanout
3072,0,1,0.0,548.86,274.43,274.43,269,1,29,1,fanout
3073,13,0,38188.450000000004,0.0,2727.746428571429,6742.972323881898,470,13,9139,1,fanout
3074,0,1,0.0,433.61,216.805,216.805,361,1,575,1,fanout
3075,0,1,0.0,350.01,175.005,175.005,724,1,218,1,fanout
3076,0,1,0.0,251.97,125.985,125.985,348,1,668,1,fanout
3077,0,1,0.0,1281.21,640.605,640.605,1107,1,385,1,fanout
3078,0,1,0.0,686.3,343.15,343.15,1376,1,571,1,fanout
3079,0,1,0.0,2069.35,1034.675,1034.675,41,1,9139,1,fanout
3080,0,1,0.0,1000.02,500.01,500.01,1172,1,438,1,fanout
3081,0,1,0.0,1468.2,734.1,734.1,1276,1,589,1,fanout
3082,0,1,0.0,678.12,339.06,339.06,742,1,9139,1,fanout
3083,0,1,0.0,26965.83,13482.915,13482.915,1152,1,9139,1,fanout
3084,0,1,0.0,915.54,457.77,457.77,168,1,682,1,fanout
3085,0,1,0.0,764.0,382.0,382.0,422,1,145,1,fanout
3086,0,1,0.0,1324.29,662.145,662.145,1252,1,351,1,fanout
3087,11,0,16264.38,0.0,1355.365,1824.0339472923743,929,11,9104,1,fanout
3088,0,1,0.0,659.97,329.985,329.985,701,1,665,1,fanout
3089,0,1,0.0,535.57,267.785,267.785,1297,1,284,1,fanout
3090,0,1,0.0,376.22,188.11,188.11,641,1,225,1,fanout
3091,0,1,0.0,1249.49,624.745,624.745,1328,1,9104,1,fanout
3092,0,1,0.0,266.24,133.12,133.12,576,1,42,1,fanout
3093,0,1,0.0,616.52,308.26,308.26,1070,1,431,1,fanout
3094,0,1,0.0,1325.54,662.77,662.77,1083,1,178,1,fanout
3095,0,1,0.0,217.18,108.59,108.59,642,1,494,1,fanout
3096,0,1,0.0,4875.58,2437.79,2437.79,350,1,443,1,fanout
3097,0,1,0.0,364.08,182.04,182.04,475,1,117,1,fanout
3098,0,1,0.0,5777.99,2888.995,2888.995,556,1,564,1,fanout
3099,9,0,8523.02,0.0,852.302,1015.3005698097485,1378,9,9128,1,fanout
3100,0,1,0.0,1436.08,718.04,718.04,771,1,507,1,fanout
3101,0,1,0.0,671.35,335.675,335.675,767,1,9128,1,fanout
3102,0,1,0.0,346.61,173.305,173.305,995,1,9128,1,fanout
3103,0,1,0.0,275.26,137.63,137.63,943,1,9128,1,fanout
3104,0,1,0.0,563.4,281.7,281.7,1412,1,640,1,fanout
3105,0,1,0.0,3674.65,1837.325,1837.325,1433,1,586,1,fanout
3106,0,1,0.0,697.23,348.615,348.615,346,1,183,1,fanout
3107,0,1,0.0,122.19,61.095,61.095,180,1,438,1,fanout
3108,0,1,0.0,736.25,368.125,368.125,969,1,551,1,fanout
3109,5,0,12598.41,0.0,2099.735,1487.447063559462,378,5,33,1,collusion
3110,5,0,25795.38,0.0,4299.2300000000005,4500.917071842137,499,5,9291,1,collusion
3111,4,0,6342.219999999999,0.0,1268.444,828.0879841804252,783,4,9291,1,collusion
3112,4,0,6019.77,0.0,1203.9540000000002,1015.4367089602384,1385,4,383,1,collusion
3113,2,0,2078.09,0.0,692.6966666666667,752.7994519274189,261,2,9291,1,collusion
3114,6,0,4215.410000000001,0.0,602.2014285714287,423.4886770430509,312,6,646,1,collusion
3115,0,5,0.0,20651.780000000002,3441.9633333333336,4180.462444956167,132,5,509,1,collusion
3116,0,3,0.0,4968.2300000000005,1242.0575000000001,883.2176498285969,822,3,227,1,collusion
3117,0,3,0.0,3995.52,998.88,696.9618944031301,1169,3,68,1,collusion
3118,0,6,0.0,8071.799999999999,1153.1142857142856,919.6356977141569,841,6,9291,1,collusion
3119,0,4,0.0,14308.100000000002,2861.6200000000003,3078.2166001696505,728,4,284,1,collusion
3120,0,5,0.0,5053.85,842.3083333333334,818.1812956881187,884,5,274,1,collusion
3121,5,0,7679.45,0.0,1279.9083333333333,953.3060581893706,334,5,417,1,collusion
3122,6,0,14123.66,0.0,2017.6657142857143,1170.4370712303178,768,6,11,1,collusion
3123,3,0,5495.37,0.0,1373.8425,915.7015039950246,607,3,198,1,collusion
3124,5,0,10154.21,0.0,1692.368333333333,2510.571810693178,1496,5,9269,1,collusion
3125,4,0,2552.27,0.0,510.454,504.17220536638075,1447,4,536,1,collusion
3126,5,0,11711.279999999999,0.0,1951.8799999999999,1900.9093511878289,1280,5,307,1,collusion
3127,0,4,0.0,7106.15,1421.23,1018.3599727404843,789,4,9269,1,collusion
3128,0,5,0.0,7990.4,1331.7333333333333,945.250122624812,122,5,122,1,collusion
3129,0,5,0.0,13565.43,2260.905,2373.016530289033,312,5,371,1,collusion
3130,0,5,0.0,8688.88,1448.1466666666665,1769.6037358183391,976,5,9269,1,collusion
3131,0,5,0.0,6835.63,1139.2716666666668,1264.281519182821,1470,5,9269,1,collusion
3132,0,4,0.0,7529.75,1505.95,1452.883687443699,967,4,28,1,collusion
3133,5,0,9554.12,0.0,1592.3533333333335,920.8298481020017,464,5,250,1,collusion
3134,5,0,7271.56,0.0,1211.9266666666667,1014.9021587927688,585,5,9299,1,collusion
3135,5,0,5859.780000000001,0.0,976.6300000000001,1010.6695010239499,323,5,9299,1,collusion
3136,5,0,14365.189999999999,0.0,2394.1983333333333,1931.693671284491,127,5,344,1,collusion
3137,4,0,9144.92,0.0,1828.984,2349.4855754960495,1319,4,383,1,collusion
3138,4,0,15120.679999999998,0.0,3024.1359999999995,2689.5710107048667,537,4,9299,1,collusion
3139,0,3,0.0,6723.93,1680.9825,2071.4786163073827,1405,3,542,1,collusion
3140,0,5,0.0,9788.84,1631.4733333333334,1700.800370861384,1272,5,9299,1,collusion
3141,0,5,0.0,6445.610000000001,1074.2683333333334,968.6336596019615,136,5,505,1,collusion
3142,0,5,0.0,14731.89,2455.315,2505.233961148472,1486,5,9299,1,collusion
3143,0,5,0.0,14337.810000000001,2389.635,2076.3891989280332,1315,5,9299,1,collusion
3144,0,5,0.0,9288.17,1548.0283333333334,1115.4004022983058,370,5,454,1,collusion
3145,4,0,4697.82,0.0,939.564,764.8131859898862,98,4,9294,1,collusion
3146,6,0,12215.6,0.0,1745.0857142857144,1555.120279765773,941,6,9294,1,collusion
3147,6,0,9446.44,0.0,1349.4914285714287,1484.2928063600675,607,6,9294,1,collusion
3148,6,0,6033.72,0.0,861.96,695.6581434050163,1040,6,622,1,collusion
3149,3,0,2502.65,0.0,625.6625,363.2973806934892,479,3,626,1,collusion
3150,5,0,6769.72,0.0,1128.2866666666666,1385.0767473160306,1113,5,125,1,collusion
3151,0,4,0.0,5897.61,1179.522,1155.8895025632855,942,4,247,1,collusion
3152,0,5,0.0,3859.8799999999997,643.3133333333333,365.4698906278814,775,5,183,1,collusion
3153,0,6,0.0,6318.34,902.62,1194.9620863202554,633,6,345,1,collusion
3154,0,6,0.0,6172.960000000001,881.8514285714288,802.8181190287228,1404,6,128,1,collusion
3155,0,5,0.0,4844.23,807.3716666666666,451.3064848273534,1074,5,79,1,collusion
3156,0,4,0.0,14572.93,2914.5860000000002,1637.2564569132107,298,4,164,1,collusion
3157,6,0,16444.489999999998,0.0,2349.212857142857,2641.079093150667,98,6,134,1,collusion
3158,5,0,17355.43,0.0,2892.5716666666667,4030.5080966648056,412,5,9286,1,collusion
3159,4,0,6423.49,0.0,1284.6979999999999,1183.4442591250338,1107,4,9286,1,collusion
3160,5,0,9528.529999999999,0.0,1588.0883333333331,1906.9606472291334,161,5,601,1,collusion
3161,5,0,10159.03,0.0,1693.1716666666669,1317.3582079224145,1246,5,639,1,collusion
3162,3,0,8113.77,0.0,2028.4425,2098.7411816178646,383,3,9286,1,collusion
3163,0,4,0.0,16414.97,3282.994,4485.901558427693,88,4,327,1,collusion
3164,0,5,0.0,16490.090000000004,2748.348333333334,2905.6761041131012,360,5,9286,1,collusion
3165,0,4,0.0,6580.740000000001,1316.1480000000001,1431.5227773165188,918,4,9286,1,collusion
3166,0,4,0.0,8385.4,1677.08,1495.5891834190297,873,4,627,1,collusion
3167,0,5,0.0,6889.5,1148.25,971.4983625307867,593,5,385,1,collusion
3168,0,6,0.0,13264.04,1894.8628571428574,1496.6913248296753,567,6,656,1,collusion
3169,0,11,0.0,11358.150000000001,946.5124999999999,730.4901765723821,543,11,9388,1,device
3170,1,0,883.67,0.0,441.835,441.835,1269,1,9388,1,device
3171,1,0,1397.71,0.0,698.855,698.855,149,1,9388,1,device
3172,1,0,643.11,0.0,321.555,321.555,1410,1,9388,1,device
3173,1,0,944.41,0.0,472.205,472.205,367,1,9388,1,device
3174,1,0,542.83,0.0,271.415,271.415,802,1,9388,1,device
3175,1,0,680.99,0.0,340.495,340.495,1083,1,9388,1,device
3176,1,0,115.1,0.0,57.55,57.55,1121,1,9388,1,device
3177,1,0,470.47,0.0,235.235,235.235,341,1,9388,1,device
3178,1,0,2697.04,0.0,1348.52,1348.52,846,1,9388,1,device
3179,1,0,1937.74,0.0,968.87,968.87,809,1,9388,1,device
3180,1,0,1045.08,0.0,522.54,522.54,1171,1,9388,1,device
3181,0,12,0.0,23945.959999999995,1841.9969230769227,1803.6715220153014,621,12,9376,1,device
3182,1,0,177.44,0.0,88.72,88.72,1242,1,9376,1,device
3183,1,0,860.15,0.0,430.075,430.075,1372,1,9376,1,device
3184,1,0,6880.32,0.0,3440.16,3440.16,1306,1,9376,1,device
3185,1,0,1213.55,0.0,606.775,606.775,721,1,9376,1,device
3186,1,0,2178.08,0.0,1089.04,1089.04,348,1,9376,1,device
3187,1,0,509.0,0.0,254.5,254.5,275,1,9376,1,device
3188,1,0,1072.56,0.0,536.28,536.28,1246,1,9376,1,device
3189,1,0,802.47,0.0,401.235,401.235,1107,1,9376,1,device
3190,1,0,2781.41,0.0,1390.705,1390.705,1071,1,9376,1,device
3191,1,0,1904.1,0.0,952.05,952.05,97,1,9376,1,device
3192,1,0,1525.83,0.0,762.915,762.915,1449,1,9376,1,device
3193,1,0,4041.05,0.0,2020.525,2020.525,197,1,9376,1,device
3194,0,11,0.0,11716.05,976.3375,784.3386397269676,1221,11,9367,1,device
3195,1,0,322.07,0.0,161.035,161.035,1220,1,9367,1,device
3196,1,0,537.57,0.0,268.785,268.785,1478,1,9367,1,device
3197,1,0,2085.78,0.0,1042.89,1042.89,157,1,9367,1,device
3198,1,0,783.84,0.0,391.92,391.92,566,1,9367,1,device
3199,1,0,520.86,0.0,260.43,260.43,564,1,9367,1,device
3200,1,0,2613.72,0.0,1306.86,1306.86,583,1,9367,1,device
3201,1,0,675.77,0.0,337.885,337.885,380,1,9367,1,device
3202,1,0,858.14,0.0,429.07,429.07,373,1,9367,1,device
3203,1,0,782.47,0.0,391.235,391.235,1448,1,9367,1,device
3204,1,0,2086.48,0.0,1043.24,1043.24,1351,1,9367,1,device
3205,1,0,449.35,0.0,224.675,224.675,1033,1,9367,1,device
3206,0,10,0.0,27726.589999999997,2520.599090909091,3489.1241725381574,1286,10,9340,1,device
3207,1,0,6009.42,0.0,3004.71,3004.71,266,1,9340,1,device
3208,1,0,12227.71,0.0,6113.855,6113.855,1146,1,9340,1,device
3209,1,0,575.64,0.0,287.82,287.82,620,1,9340,1,device
3210,1,0,628.07,0.0,314.035,314.035,769,1,9340,1,device
3211,1,0,1479.17,0.0,739.585,739.585,710,1,9340,1,device
3212,1,0,1378.34,0.0,689.17,689.17,44,1,9340,1,device
3213,1,0,392.16,0.0,196.08,196.08,1480,1,9340,1,device
3214,1,0,3449.75,0.0,1724.875,1724.875,1010,1,9340,1,device
3215,1,0,643.04,0.0,321.52,321.52,912,1,9340,1,device
3216,1,0,943.29,0.0,471.645,471.645,178,1,9340,1,device
3217,0,11,0.0,17071.63,1422.6358333333335,1413.5758007470413,293,11,9373,1,device
3218,1,0,1633.28,0.0,816.64,816.64,1040,1,9373,1,device
3219,1,0,706.75,0.0,353.375,353.375,273,1,9373,1,device
3220,1,0,5255.43,0.0,2627.715,2627.715,436,1,9373,1,device
3221,1,0,37.13,0.0,18.565,18.565,410,1,9373,1,device
3222,1,0,2307.25,0.0,1153.625,1153.625,220,1,9373,1,device
3223,1,0,2289.72,0.0,1144.86,1144.86,1101,1,9373,1,device
3224,1,0,2201.96,0.0,1100.98,1100.98,92,1,9373,1,device
3225,1,0,846.56,0.0,423.28,423.28,625,1,9373,1,device
3226,1,0,879.46,0.0,439.73,439.73,747,1,9373,1,device
3227,1,0,734.81,0.0,367.405,367.405,878,1,9373,1,device
3228,1,0,179.28,0.0,89.64,89.64,314,1,9373,1,device
